,Channel group,Datehour,Users,Session,Engaged Session,Average engagement time per session,Engaged session per user,Events per session,Engagement rate,Event count,Hour
0,Direct,2024-04-16 23:00:00,237,300,144,47.526666666666706,0.607594936708861,4.67333333333333,0.48,1402,23
1,Organic Social,2024-04-17 19:00:00,208,267,132,32.0973782771536,0.634615384615385,4.29588014981273,0.49438202247191,1147,19
2,Direct,2024-04-17 23:00:00,188,233,115,39.9399141630901,0.611702127659574,4.58798283261803,0.493562231759657,1069,23
3,Organic Social,2024-04-17 18:00:00,187,256,125,32.16015625,0.668449197860963,4.078125,0.48828125,1044,18
4,Organic Social,2024-04-17 20:00:00,175,221,112,46.9185520361991,0.64,4.52941176470588,0.506787330316742,1001,20
5,Organic Social,2024-04-17 21:00:00,160,206,103,59.3155339805825,0.64375,4.69417475728155,0.5,967,21
6,Organic Social,2024-05-01 19:00:00,160,219,110,40.3150684931507,0.6875,4.63013698630137,0.502283105022831,1014,19
7,Direct,2024-04-16 22:00:00,158,192,94,39.02083333333329,0.594936708860759,4.05729166666667,0.489583333333333,779,22
8,Organic Social,2024-04-13 21:00:00,152,178,96,30.4887640449438,0.631578947368421,5.0561797752809,0.539325842696629,900,21
9,Organic Social,2024-04-15 16:00:00,151,211,93,64.1658767772512,0.615894039735099,4.3175355450237,0.440758293838863,911,16
10,Organic Social,2024-05-03 22:00:00,151,196,125,13.6836734693878,0.827814569536424,4.67857142857143,0.637755102040816,917,22
11,Organic Social,2024-05-03 21:00:00,150,188,120,15.4893617021277,0.8,4.57978723404255,0.638297872340426,861,21
12,Organic Social,2024-04-26 20:00:00,146,184,110,32.6304347826087,0.753424657534247,4.8804347826087,0.597826086956522,898,20
13,Organic Social,2024-04-17 00:00:00,140,191,81,20.9109947643979,0.578571428571429,3.84293193717278,0.424083769633508,734,0
14,Organic Social,2024-04-26 21:00:00,140,199,82,13.7587939698492,0.585714285714286,4.04020100502513,0.412060301507538,804,21
15,Organic Social,2024-04-17 11:00:00,139,150,88,45.0,0.633093525179856,5.62666666666667,0.586666666666667,844,11
16,Organic Social,2024-04-15 15:00:00,136,198,90,43.7878787878788,0.661764705882353,4.84343434343434,0.454545454545455,959,15
17,Organic Social,2024-04-25 17:00:00,135,176,88,38.6875,0.651851851851852,4.1875,0.5,737,17
18,Organic Social,2024-04-19 16:00:00,134,179,81,33.195530726257,0.604477611940299,4.09497206703911,0.452513966480447,733,16
19,Organic Social,2024-04-26 16:00:00,132,176,93,30.9034090909091,0.704545454545455,4.34090909090909,0.528409090909091,764,16
20,Organic Social,2024-04-17 22:00:00,131,155,81,39.8967741935484,0.618320610687023,4.65806451612903,0.52258064516129,722,22
21,Organic Social,2024-04-11 19:00:00,130,150,93,71.06,0.715384615384615,5.8,0.62,870,19
22,Organic Social,2024-04-13 22:00:00,130,157,69,28.515923566879,0.530769230769231,4.28662420382166,0.439490445859873,673,22
23,Organic Social,2024-04-15 13:00:00,130,157,86,44.8407643312102,0.661538461538462,4.63694267515924,0.547770700636943,728,13
24,Organic Social,2024-04-30 15:00:00,130,171,97,71.2456140350877,0.746153846153846,5.57309941520468,0.567251461988304,953,15
25,Organic Social,2024-04-17 17:00:00,129,147,89,70.7755102040816,0.689922480620155,5.25170068027211,0.605442176870748,772,17
26,Organic Social,2024-05-02 22:00:00,129,148,86,29.9324324324324,0.666666666666667,4.67567567567568,0.581081081081081,692,22
27,Direct,2024-04-29 23:00:00,128,152,70,64.125,0.546875,4.65131578947368,0.460526315789474,707,23
28,Organic Social,2024-04-26 10:00:00,128,178,81,36.0337078651685,0.6328125,4.35393258426966,0.455056179775281,775,10
29,Organic Social,2024-04-10 00:00:00,127,200,60,25.07,0.47244094488189,3.675,0.3,735,0
30,Organic Social,2024-04-17 12:00:00,127,152,88,59.6644736842105,0.692913385826772,5.30921052631579,0.578947368421053,807,12
31,Organic Social,2024-04-23 09:00:00,124,163,77,29.478527607362,0.620967741935484,4.63803680981595,0.47239263803681,756,9
32,Organic Social,2024-04-25 18:00:00,124,154,72,63.5974025974026,0.580645161290323,4.75974025974026,0.467532467532468,733,18
33,Organic Social,2024-04-26 19:00:00,124,157,86,37.312101910828,0.693548387096774,5.4140127388535,0.547770700636943,850,19
34,Organic Social,2024-04-07 17:00:00,123,159,78,35.1383647798742,0.634146341463415,4.44025157232704,0.490566037735849,706,17
35,Organic Social,2024-04-12 00:00:00,122,178,79,26.185393258427,0.647540983606557,4.18539325842697,0.443820224719101,745,0
36,Organic Social,2024-04-13 23:00:00,122,136,66,41.0220588235294,0.540983606557377,4.81617647058824,0.485294117647059,655,23
37,Organic Social,2024-04-26 22:00:00,122,144,79,27.3263888888889,0.647540983606557,4.65972222222222,0.548611111111111,671,22
38,Organic Social,2024-04-12 11:00:00,121,150,90,53.08,0.743801652892562,4.64666666666667,0.6,697,11
39,Organic Social,2024-04-15 17:00:00,121,158,73,48.4810126582279,0.603305785123967,4.24683544303798,0.462025316455696,671,17
40,Organic Social,2024-04-12 21:00:00,120,159,80,47.8490566037736,0.666666666666667,4.64779874213837,0.50314465408805,739,21
41,Organic Social,2024-05-03 00:00:00,120,166,81,39.5903614457831,0.675,4.66265060240964,0.487951807228916,774,0
42,Organic Social,2024-04-14 00:00:00,119,182,76,28.0054945054945,0.638655462184874,4.02197802197802,0.417582417582418,732,0
43,Organic Social,2024-04-26 17:00:00,119,140,81,47.4214285714286,0.680672268907563,5.67857142857143,0.578571428571429,795,17
44,Organic Social,2024-05-01 20:00:00,119,145,88,41.9448275862069,0.739495798319328,5.0,0.606896551724138,725,20
45,Organic Social,2024-04-23 17:00:00,118,145,75,59.2,0.635593220338983,4.86206896551724,0.517241379310345,705,17
46,Organic Social,2024-05-02 15:00:00,118,155,84,67.258064516129,0.711864406779661,5.31612903225807,0.541935483870968,824,15
47,Organic Social,2024-04-07 23:00:00,117,139,63,40.597122302158304,0.538461538461538,4.71223021582734,0.453237410071942,655,23
48,Organic Social,2024-04-15 19:00:00,117,156,87,72.1538461538462,0.743589743589744,5.60897435897436,0.557692307692308,875,19
49,Organic Social,2024-04-17 14:00:00,117,129,80,54.3720930232558,0.683760683760684,4.74418604651163,0.62015503875969,612,14
50,Organic Social,2024-04-28 12:00:00,117,141,71,45.4893617021277,0.606837606837607,4.85106382978723,0.50354609929078,684,12
51,Organic Social,2024-04-17 08:00:00,116,145,69,25.4758620689655,0.594827586206897,4.15862068965517,0.475862068965517,603,8
52,Organic Social,2024-04-17 15:00:00,116,147,91,51.5918367346939,0.78448275862069,5.70748299319728,0.619047619047619,839,15
53,Organic Social,2024-04-22 15:00:00,116,152,78,52.5131578947368,0.672413793103448,5.11184210526316,0.513157894736842,777,15
54,Organic Social,2024-04-25 22:00:00,116,154,78,42.6103896103896,0.672413793103448,4.77922077922078,0.506493506493506,736,22
55,Organic Social,2024-04-23 18:00:00,115,131,81,88.1374045801527,0.704347826086957,5.87786259541985,0.618320610687023,770,18
56,Organic Social,2024-04-25 20:00:00,115,144,78,48.0069444444444,0.678260869565217,4.71527777777778,0.541666666666667,679,20
57,Organic Social,2024-04-25 21:00:00,115,142,75,45.3098591549296,0.652173913043478,4.43661971830986,0.528169014084507,630,21
58,Organic Social,2024-04-17 16:00:00,114,136,86,52.2279411764706,0.754385964912281,4.74264705882353,0.632352941176471,645,16
59,Organic Social,2024-04-26 11:00:00,114,141,82,87.7375886524823,0.719298245614035,6.04255319148936,0.581560283687943,852,11
60,Organic Social,2024-04-29 12:00:00,113,127,71,63.4173228346457,0.628318584070796,5.66929133858268,0.559055118110236,720,12
61,Organic Social,2024-04-29 14:00:00,113,143,84,47.2167832167832,0.743362831858407,5.32167832167832,0.587412587412587,761,14
62,Organic Social,2024-04-17 09:00:00,112,134,71,46.0522388059702,0.633928571428571,4.7910447761194,0.529850746268657,642,9
63,Organic Social,2024-04-25 16:00:00,112,169,74,29.3905325443787,0.660714285714286,4.14201183431953,0.437869822485207,700,16
64,Organic Social,2024-05-01 22:00:00,112,140,74,44.4928571428571,0.660714285714286,4.81428571428571,0.528571428571429,674,22
65,Organic Social,2024-04-23 10:00:00,111,135,83,87.0,0.747747747747748,4.97037037037037,0.614814814814815,671,10
66,Organic Social,2024-04-28 11:00:00,111,172,84,31.5755813953488,0.756756756756757,4.02906976744186,0.488372093023256,693,11
67,Organic Social,2024-04-18 20:00:00,110,141,82,54.6950354609929,0.745454545454546,5.16312056737589,0.581560283687943,728,20
68,Organic Social,2024-05-01 21:00:00,110,130,79,43.2692307692308,0.718181818181818,4.70769230769231,0.607692307692308,612,21
69,Organic Social,2024-05-02 21:00:00,110,126,75,68.515873015873,0.681818181818182,5.547619047619049,0.595238095238095,699,21
70,Organic Social,2024-05-03 16:00:00,110,134,68,54.7761194029851,0.618181818181818,5.00746268656716,0.507462686567164,671,16
71,Organic Social,2024-04-29 00:00:00,109,154,69,29.4545454545455,0.63302752293578,4.26623376623377,0.448051948051948,657,0
72,Organic Social,2024-04-30 19:00:00,109,146,72,35.2260273972603,0.660550458715596,3.93835616438356,0.493150684931507,575,19
73,Organic Social,2024-05-02 23:00:00,109,138,73,30.5869565217391,0.669724770642202,4.19565217391304,0.528985507246377,579,23
74,Organic Social,2024-04-07 00:00:00,108,152,79,17.5855263157895,0.731481481481482,4.02631578947368,0.519736842105263,612,0
75,Organic Social,2024-04-15 14:00:00,108,140,68,37.5642857142857,0.62962962962963,4.17857142857143,0.485714285714286,585,14
76,Organic Social,2024-04-29 18:00:00,108,121,80,99.9090909090909,0.740740740740741,5.81818181818182,0.661157024793388,704,18
77,Organic Social,2024-04-30 21:00:00,108,117,73,47.5299145299145,0.675925925925926,5.05128205128205,0.623931623931624,591,21
78,Organic Social,2024-04-15 18:00:00,107,143,71,79.4895104895105,0.663551401869159,4.32167832167832,0.496503496503497,618,18
79,Organic Social,2024-04-17 13:00:00,107,125,69,43.472,0.644859813084112,4.408,0.552,551,13
80,Organic Social,2024-04-23 16:00:00,107,134,81,70.910447761194,0.757009345794393,5.87313432835821,0.604477611940299,787,16
81,Organic Social,2024-04-12 10:00:00,106,130,78,60.8846153846154,0.735849056603774,5.04615384615385,0.6,656,10
82,Organic Social,2024-04-15 00:00:00,106,163,56,34.7975460122699,0.528301886792453,4.00613496932515,0.343558282208589,653,0
83,Organic Social,2024-04-24 14:00:00,106,121,87,89.1239669421488,0.820754716981132,5.88429752066116,0.71900826446281,712,14
84,Organic Social,2024-04-12 09:00:00,105,124,72,29.0,0.685714285714286,4.5,0.580645161290323,558,9
85,Organic Social,2024-04-15 11:00:00,105,123,78,52.9349593495935,0.742857142857143,5.70731707317073,0.634146341463415,702,11
86,Organic Social,2024-04-18 18:00:00,105,138,77,78.0652173913043,0.733333333333333,4.83333333333333,0.557971014492754,667,18
87,Organic Social,2024-04-22 17:00:00,105,134,77,73.9179104477612,0.733333333333333,5.64179104477612,0.574626865671642,756,17
88,Organic Social,2024-04-23 11:00:00,105,123,82,65.8211382113821,0.780952380952381,5.2439024390243905,0.666666666666667,645,11
89,Organic Social,2024-05-03 20:00:00,105,132,73,50.5454545454546,0.695238095238095,5.13636363636364,0.553030303030303,678,20
90,Organic Social,2024-04-30 20:00:00,104,132,78,46.58333333333329,0.75,5.41666666666667,0.590909090909091,715,20
91,Organic Social,2024-05-03 10:00:00,104,116,77,70.801724137931,0.740384615384615,5.95689655172414,0.663793103448276,691,10
92,Organic Social,2024-05-03 17:00:00,104,126,69,57.404761904761905,0.663461538461538,4.26190476190476,0.547619047619048,537,17
93,Direct,2024-04-17 22:00:00,103,132,65,34.4621212121212,0.631067961165049,3.97727272727273,0.492424242424242,525,22
94,Organic Social,2024-04-19 00:00:00,103,183,62,29.8196721311475,0.601941747572816,3.22404371584699,0.33879781420765,590,0
95,Organic Social,2024-04-19 15:00:00,103,116,69,60.8275862068966,0.669902912621359,4.81034482758621,0.594827586206897,558,15
96,Organic Social,2024-04-24 16:00:00,103,130,69,60.223076923076896,0.669902912621359,5.38461538461539,0.530769230769231,700,16
97,Organic Social,2024-04-28 00:00:00,103,171,53,18.5964912280702,0.514563106796117,3.31578947368421,0.309941520467836,567,0
98,Direct,2024-04-09 23:00:00,102,118,48,36.5,0.470588235294118,4.55932203389831,0.406779661016949,538,23
99,Direct,2024-04-23 23:00:00,102,129,58,37.3565891472868,0.568627450980392,4.07751937984496,0.449612403100775,526,23
100,Organic Social,2024-04-08 14:00:00,102,126,73,99.4761904761905,0.715686274509804,5.26984126984127,0.579365079365079,664,14
101,Organic Social,2024-04-25 00:00:00,102,156,54,18.8141025641026,0.529411764705882,3.80128205128205,0.346153846153846,593,0
102,Organic Social,2024-04-30 00:00:00,102,166,63,20.0421686746988,0.617647058823529,3.8855421686747,0.379518072289157,645,0
103,Organic Social,2024-05-01 18:00:00,102,136,75,39.2352941176471,0.735294117647059,4.67647058823529,0.551470588235294,636,18
104,Organic Social,2024-05-03 11:00:00,102,125,74,37.6,0.725490196078431,4.608,0.592,576,11
105,Organic Social,2024-04-15 21:00:00,101,125,59,68.224,0.584158415841584,5.12,0.472,640,21
106,Organic Social,2024-04-22 18:00:00,101,117,72,68.6410256410256,0.712871287128713,5.22222222222222,0.615384615384615,611,18
107,Organic Social,2024-04-25 14:00:00,101,125,72,38.512,0.712871287128713,4.656,0.576,582,14
108,Organic Social,2024-04-26 15:00:00,101,128,71,65.984375,0.702970297029703,5.296875,0.5546875,678,15
109,Organic Social,2024-04-08 15:00:00,100,125,70,58.944,0.7,4.896,0.56,612,15
110,Organic Social,2024-04-18 19:00:00,100,124,78,39.1612903225807,0.78,4.18548387096774,0.629032258064516,519,19
111,Organic Social,2024-04-22 14:00:00,100,122,71,89.3032786885246,0.71,5.28688524590164,0.581967213114754,645,14
112,Organic Social,2024-04-24 13:00:00,100,124,78,57.8225806451613,0.78,4.62903225806452,0.629032258064516,574,13
113,Organic Social,2024-04-25 19:00:00,100,135,60,27.3111111111111,0.6,4.25185185185185,0.444444444444444,574,19
114,Organic Social,2024-04-28 21:00:00,100,118,70,55.9661016949153,0.7,6.16101694915254,0.593220338983051,727,21
115,Organic Social,2024-04-30 14:00:00,100,113,70,56.353982300885,0.7,5.09734513274336,0.619469026548673,576,14
116,Organic Social,2024-05-02 14:00:00,100,114,76,50.780701754386,0.76,4.81578947368421,0.666666666666667,549,14
117,Organic Social,2024-04-07 22:00:00,99,116,60,28.1293103448276,0.606060606060606,5.05172413793104,0.517241379310345,586,22
118,Organic Social,2024-04-12 12:00:00,99,117,67,107.42735042735,0.676767676767677,5.008547008547009,0.572649572649573,586,12
119,Organic Social,2024-04-17 10:00:00,99,125,69,27.4,0.696969696969697,4.248,0.552,531,10
120,Organic Social,2024-04-23 12:00:00,99,122,66,69.2704918032787,0.666666666666667,5.5,0.540983606557377,671,12
121,Organic Social,2024-04-23 14:00:00,99,114,73,72.9736842105263,0.737373737373737,6.03508771929825,0.640350877192982,688,14
122,Organic Social,2024-05-01 23:00:00,99,127,73,31.2913385826772,0.737373737373737,5.32283464566929,0.574803149606299,676,23
123,Organic Social,2024-04-06 19:00:00,98,134,63,77.5746268656717,0.642857142857143,4.38805970149254,0.470149253731343,588,19
124,Organic Social,2024-04-13 20:00:00,98,108,69,77.4259259259259,0.704081632653061,5.28703703703704,0.638888888888889,571,20
125,Organic Social,2024-04-15 20:00:00,98,125,63,42.352,0.642857142857143,4.2,0.504,525,20
126,Organic Social,2024-04-26 12:00:00,98,112,74,93.0178571428571,0.755102040816327,5.66964285714286,0.660714285714286,635,12
127,Organic Social,2024-04-28 23:00:00,98,121,69,73.2809917355372,0.704081632653061,6.68595041322314,0.570247933884298,809,23
128,Direct,2024-04-11 19:00:00,97,103,48,28.0194174757282,0.494845360824742,4.33980582524272,0.466019417475728,447,19
129,Direct,2024-04-21 23:00:00,97,114,52,52.7456140350877,0.536082474226804,5.2280701754386,0.456140350877193,596,23
130,Organic Social,2024-04-14 21:00:00,97,106,66,43.9811320754717,0.680412371134021,5.11320754716981,0.622641509433962,542,21
131,Organic Social,2024-04-23 15:00:00,97,115,71,70.3652173913043,0.731958762886598,6.03478260869565,0.617391304347826,694,15
132,Organic Social,2024-04-24 15:00:00,97,125,70,43.168,0.721649484536083,4.288,0.56,536,15
133,Organic Social,2024-04-29 16:00:00,97,127,73,67.4488188976378,0.752577319587629,5.0,0.574803149606299,635,16
134,Organic Social,2024-05-03 15:00:00,97,122,71,37.29508196721311,0.731958762886598,4.82786885245902,0.581967213114754,589,15
135,Organic Social,2024-04-11 15:00:00,96,132,68,42.41666666666671,0.708333333333333,4.53787878787879,0.515151515151515,599,15
136,Organic Social,2024-04-15 12:00:00,96,103,57,41.1067961165049,0.59375,4.74757281553398,0.553398058252427,489,12
137,Organic Social,2024-04-16 20:00:00,96,115,67,68.304347826087,0.697916666666667,5.43478260869565,0.582608695652174,625,20
138,Organic Social,2024-04-23 19:00:00,96,123,62,57.422764227642304,0.645833333333333,5.55284552845528,0.504065040650407,683,19
139,Organic Social,2024-04-24 18:00:00,96,125,70,50.744,0.729166666666667,5.048,0.56,631,18
140,Organic Social,2024-04-28 22:00:00,96,112,66,64.7767857142857,0.6875,7.48214285714286,0.589285714285714,838,22
141,Organic Social,2024-04-30 22:00:00,96,115,65,59.0347826086957,0.677083333333333,5.5304347826087,0.565217391304348,636,22
142,Organic Social,2024-05-01 10:00:00,96,110,58,60.2818181818182,0.604166666666667,5.21818181818182,0.527272727272727,574,10
143,Organic Social,2024-04-11 20:00:00,95,112,62,32.0625,0.652631578947369,4.13392857142857,0.553571428571429,463,20
144,Organic Social,2024-04-14 23:00:00,95,113,61,45.6725663716814,0.642105263157895,5.31858407079646,0.539823008849558,601,23
145,Organic Social,2024-04-18 13:00:00,95,106,79,63.7358490566038,0.831578947368421,5.81132075471698,0.745283018867925,616,13
146,Organic Social,2024-04-22 16:00:00,95,111,61,56.045045045045,0.642105263157895,5.72972972972973,0.54954954954955,636,16
147,Organic Social,2024-04-22 19:00:00,95,121,69,71.1818181818182,0.726315789473684,5.34710743801653,0.570247933884298,647,19
148,Organic Social,2024-04-23 13:00:00,95,114,68,105.859649122807,0.715789473684211,5.42105263157895,0.596491228070175,618,13
149,Organic Social,2024-04-29 11:00:00,95,116,66,46.6034482758621,0.694736842105263,4.39655172413793,0.568965517241379,510,11
150,Organic Social,2024-05-01 00:00:00,95,151,51,41.7417218543046,0.536842105263158,4.36423841059603,0.337748344370861,659,0
151,Organic Social,2024-05-02 20:00:00,95,111,75,50.954954954955,0.789473684210526,5.15315315315315,0.675675675675676,572,20
152,Organic Social,2024-05-03 12:00:00,95,123,67,55.203252032520304,0.705263157894737,4.94308943089431,0.544715447154472,608,12
153,Organic Social,2024-04-08 19:00:00,94,114,64,51.2105263157895,0.680851063829787,4.2719298245614,0.56140350877193,487,19
154,Organic Social,2024-04-10 16:00:00,94,126,58,44.6428571428571,0.617021276595745,3.88888888888889,0.46031746031746,490,16
155,Organic Social,2024-04-14 19:00:00,94,105,74,66.2952380952381,0.787234042553192,6.33333333333333,0.704761904761905,665,19
156,Organic Social,2024-04-29 15:00:00,94,120,70,57.2,0.74468085106383,5.15,0.583333333333333,618,15
157,Direct,2024-04-12 23:00:00,93,117,46,47.1538461538462,0.494623655913979,4.54700854700855,0.393162393162393,532,23
158,Organic Social,2024-04-18 16:00:00,93,127,73,64.1811023622047,0.78494623655914,5.96850393700787,0.574803149606299,758,16
159,Organic Social,2024-04-19 17:00:00,93,128,52,30.3203125,0.559139784946237,3.890625,0.40625,498,17
160,Organic Social,2024-04-24 19:00:00,93,113,70,82.4955752212389,0.752688172043011,4.9646017699115,0.619469026548673,561,19
161,Organic Social,2024-04-26 14:00:00,93,115,74,93.0347826086957,0.795698924731183,5.9304347826087,0.643478260869565,682,14
162,Organic Social,2024-04-27 17:00:00,93,117,58,43.2307692307692,0.623655913978495,4.17094017094017,0.495726495726496,488,17
163,Organic Social,2024-04-29 17:00:00,93,114,68,201.587719298246,0.731182795698925,4.68421052631579,0.596491228070175,534,17
164,Organic Social,2024-05-03 19:00:00,93,117,61,48.8205128205128,0.655913978494624,4.64102564102564,0.521367521367521,543,19
165,Organic Search,2024-04-22 12:00:00,92,102,65,60.2941176470588,0.706521739130435,4.50980392156863,0.637254901960784,460,12
166,Organic Social,2024-04-10 15:00:00,92,120,68,52.9083333333333,0.739130434782609,5.23333333333333,0.566666666666667,628,15
167,Organic Social,2024-04-11 16:00:00,92,129,64,42.751937984496095,0.695652173913044,5.10077519379845,0.496124031007752,658,16
168,Organic Social,2024-04-14 18:00:00,92,108,64,41.7777777777778,0.695652173913044,4.85185185185185,0.592592592592593,524,18
169,Organic Social,2024-04-18 17:00:00,92,127,67,92.755905511811,0.728260869565217,6.04724409448819,0.52755905511811,768,17
170,Organic Social,2024-04-18 21:00:00,92,115,57,42.504347826087,0.619565217391304,4.45217391304348,0.495652173913044,512,21
171,Organic Social,2024-04-19 20:00:00,92,122,64,58.29508196721311,0.695652173913044,4.35245901639344,0.524590163934426,531,20
172,Organic Social,2024-04-20 19:00:00,92,104,61,64.125,0.66304347826087,5.71153846153846,0.586538461538462,594,19
173,Organic Social,2024-04-25 15:00:00,92,112,67,52.1071428571429,0.728260869565217,4.99107142857143,0.598214285714286,559,15
174,Organic Social,2024-04-26 18:00:00,92,114,60,100.342105263158,0.652173913043478,4.20175438596491,0.526315789473684,479,18
175,Direct,2024-04-11 23:00:00,91,106,55,39.094339622641506,0.604395604395604,4.21698113207547,0.518867924528302,447,23
176,Direct,2024-04-17 20:00:00,91,113,53,53.5840707964602,0.582417582417583,4.46902654867257,0.469026548672566,505,20
177,Organic Social,2024-04-08 18:00:00,91,115,58,51.4173913043478,0.637362637362637,5.0695652173913,0.504347826086957,583,18
178,Organic Social,2024-04-16 00:00:00,91,148,53,21.9594594594595,0.582417582417583,4.08108108108108,0.358108108108108,604,0
179,Organic Social,2024-04-29 13:00:00,91,108,64,58.351851851851904,0.703296703296703,4.86111111111111,0.592592592592593,525,13
180,Organic Social,2024-04-30 17:00:00,91,109,57,64.0366972477064,0.626373626373626,4.6605504587156,0.522935779816514,508,17
181,Organic Social,2024-05-01 11:00:00,91,106,62,51.405660377358494,0.681318681318681,5.41509433962264,0.584905660377359,574,11
182,Organic Social,2024-04-08 20:00:00,90,116,56,46.8706896551724,0.622222222222222,4.72413793103448,0.482758620689655,548,20
183,Organic Social,2024-04-09 15:00:00,90,126,57,49.984126984127,0.633333333333333,4.73809523809524,0.452380952380952,597,15
184,Organic Social,2024-04-11 00:00:00,90,145,53,35.4620689655172,0.588888888888889,4.0344827586206895,0.36551724137931,585,0
185,Organic Social,2024-04-18 15:00:00,90,102,65,81.078431372549,0.722222222222222,6.48039215686275,0.637254901960784,661,15
186,Organic Social,2024-04-23 21:00:00,90,107,66,41.5420560747664,0.733333333333333,4.98130841121495,0.616822429906542,533,21
187,Organic Social,2024-04-26 13:00:00,90,102,61,68.8627450980392,0.677777777777778,4.64705882352941,0.598039215686275,474,13
188,Organic Social,2024-04-30 23:00:00,90,114,54,63.8070175438597,0.6,5.5,0.473684210526316,627,23
189,Organic Social,2024-04-07 19:00:00,89,116,68,41.6206896551724,0.764044943820225,5.05172413793104,0.586206896551724,586,19
190,Organic Social,2024-04-07 20:00:00,89,115,65,69.1913043478261,0.730337078651685,5.25217391304348,0.565217391304348,604,20
191,Organic Social,2024-04-12 14:00:00,89,106,68,61.188679245283,0.764044943820225,4.66981132075472,0.641509433962264,495,14
192,Organic Social,2024-04-13 17:00:00,89,116,56,51.448275862069,0.629213483146067,4.43965517241379,0.482758620689655,515,17
193,Organic Social,2024-04-16 11:00:00,89,106,67,51.4811320754717,0.752808988764045,5.5,0.632075471698113,583,11
194,Organic Social,2024-04-18 11:00:00,89,104,62,71.1730769230769,0.696629213483146,5.46153846153846,0.596153846153846,568,11
195,Organic Social,2024-04-30 11:00:00,89,108,67,51.851851851851904,0.752808988764045,5.23148148148148,0.62037037037037,565,11
196,Organic Social,2024-04-19 18:00:00,88,114,50,55.0964912280702,0.568181818181818,4.50877192982456,0.43859649122807,514,18
197,Organic Social,2024-04-24 17:00:00,88,116,62,49.6896551724138,0.704545454545455,4.7844827586206895,0.53448275862069,555,17
198,Organic Social,2024-04-25 23:00:00,88,112,64,61.2053571428571,0.727272727272727,4.70535714285714,0.571428571428571,527,23
199,Organic Social,2024-04-26 23:00:00,88,118,58,51.1186440677966,0.659090909090909,4.48305084745763,0.491525423728814,529,23
200,Organic Social,2024-04-30 10:00:00,88,100,66,83.41,0.75,6.32,0.66,632,10
201,Organic Social,2024-04-30 12:00:00,88,104,65,57.0,0.738636363636364,5.17307692307692,0.625,538,12
202,Organic Social,2024-05-02 00:00:00,88,129,49,19.7906976744186,0.556818181818182,4.37209302325581,0.37984496124031,564,0
203,Organic Social,2024-05-02 10:00:00,88,100,63,78.34,0.715909090909091,5.71,0.63,571,10
204,Organic Search,2024-04-18 19:00:00,87,99,59,35.2626262626263,0.67816091954023,3.63636363636364,0.595959595959596,360,19
205,Organic Search,2024-04-18 21:00:00,87,107,53,43.6355140186916,0.609195402298851,3.4392523364486,0.495327102803738,368,21
206,Organic Social,2024-04-07 18:00:00,87,110,50,22.9090909090909,0.574712643678161,4.08181818181818,0.454545454545455,449,18
207,Organic Social,2024-04-08 11:00:00,87,104,69,89.2788461538462,0.793103448275862,5.39423076923077,0.663461538461538,561,11
208,Organic Social,2024-04-22 10:00:00,87,105,68,74.2952380952381,0.781609195402299,5.01904761904762,0.647619047619048,527,10
209,Organic Social,2024-04-24 21:00:00,87,101,54,50.5544554455446,0.620689655172414,4.9504950495049505,0.534653465346535,500,21
210,Organic Social,2024-04-28 20:00:00,87,107,57,43.9719626168224,0.655172413793103,5.25233644859813,0.532710280373832,562,20
211,Organic Social,2024-05-01 15:00:00,87,110,59,48.6909090909091,0.67816091954023,4.28181818181818,0.536363636363636,471,15
212,Organic Social,2024-05-03 09:00:00,87,104,65,64.3653846153846,0.747126436781609,5.75961538461539,0.625,599,9
213,Direct,2024-04-17 16:00:00,86,95,49,49.5578947368421,0.569767441860465,4.34736842105263,0.515789473684211,413,16
214,Direct,2024-04-18 21:00:00,86,95,55,42.4842105263158,0.63953488372093,4.62105263157895,0.578947368421053,439,21
215,Direct,2024-04-25 18:00:00,86,102,56,40.8137254901961,0.651162790697675,4.52941176470588,0.549019607843137,462,18
216,Organic Social,2024-04-07 21:00:00,86,95,58,53.9684210526316,0.674418604651163,4.58947368421053,0.610526315789474,436,21
217,Organic Social,2024-04-15 23:00:00,86,110,62,40.3181818181818,0.72093023255814,3.91818181818182,0.563636363636364,431,23
218,Organic Social,2024-04-16 16:00:00,86,112,61,50.3571428571429,0.709302325581395,4.89285714285714,0.544642857142857,548,16
219,Organic Social,2024-04-19 23:00:00,86,101,52,59.4752475247525,0.604651162790698,5.68316831683168,0.514851485148515,574,23
220,Organic Social,2024-04-25 13:00:00,86,105,62,41.2666666666667,0.72093023255814,4.92380952380952,0.590476190476191,517,13
221,Organic Social,2024-04-08 10:00:00,85,104,66,100.298076923077,0.776470588235294,5.49038461538462,0.634615384615385,571,10
222,Organic Social,2024-04-08 13:00:00,85,116,64,57.4310344827586,0.752941176470588,4.88793103448276,0.551724137931035,567,13
223,Organic Social,2024-04-11 17:00:00,85,103,60,35.1456310679612,0.705882352941177,4.55339805825243,0.58252427184466,469,17
224,Organic Social,2024-04-15 22:00:00,85,103,59,49.640776699029104,0.694117647058824,5.01941747572816,0.572815533980583,517,22
225,Organic Social,2024-04-16 18:00:00,85,102,58,60.7941176470588,0.682352941176471,5.725490196078431,0.568627450980392,584,18
226,Organic Social,2024-04-19 19:00:00,85,116,53,38.4224137931034,0.623529411764706,4.1551724137931,0.456896551724138,482,19
227,Organic Social,2024-04-22 12:00:00,85,95,65,69.5894736842105,0.764705882352941,5.11578947368421,0.68421052631579,486,12
228,Organic Social,2024-04-24 12:00:00,85,102,65,80.1764705882353,0.764705882352941,4.95098039215686,0.637254901960784,505,12
229,Organic Social,2024-04-29 21:00:00,85,102,70,101.607843137255,0.823529411764706,7.09803921568627,0.686274509803922,724,21
230,Organic Social,2024-05-01 13:00:00,85,106,55,55.32075471698111,0.647058823529412,4.39622641509434,0.518867924528302,466,13
231,Organic Social,2024-05-03 01:00:00,85,108,67,40.7314814814815,0.788235294117647,5.39814814814815,0.62037037037037,583,1
232,Referral,2024-05-02 11:00:00,85,95,71,207.568421052632,0.835294117647059,7.23157894736842,0.747368421052632,687,11
233,Direct,2024-04-17 21:00:00,84,96,52,44.33333333333329,0.619047619047619,4.55208333333333,0.541666666666667,437,21
234,Direct,2024-04-18 18:00:00,84,98,44,33.6326530612245,0.523809523809524,4.14285714285714,0.448979591836735,406,18
235,Direct,2024-04-18 19:00:00,84,90,56,38.9777777777778,0.666666666666667,6.15555555555556,0.622222222222222,554,19
236,Organic Search,2024-04-15 15:00:00,84,96,49,47.33333333333329,0.583333333333333,4.33333333333333,0.510416666666667,416,15
237,Organic Search,2024-04-17 22:00:00,84,97,56,29.2680412371134,0.666666666666667,3.56701030927835,0.577319587628866,346,22
238,Organic Social,2024-04-06 11:00:00,84,111,62,50.7657657657658,0.738095238095238,4.75675675675676,0.558558558558559,528,11
239,Organic Social,2024-04-07 11:00:00,84,103,63,49.3300970873786,0.75,5.70873786407767,0.611650485436893,588,11
240,Organic Social,2024-04-07 12:00:00,84,101,62,46.2871287128713,0.738095238095238,5.51485148514851,0.613861386138614,557,12
241,Organic Social,2024-04-10 11:00:00,84,102,59,53.0098039215686,0.702380952380952,5.15686274509804,0.57843137254902,526,11
242,Organic Social,2024-04-14 20:00:00,84,94,56,79.936170212766,0.666666666666667,6.30851063829787,0.595744680851064,593,20
243,Organic Social,2024-04-16 10:00:00,84,104,58,62.0576923076923,0.690476190476191,4.99038461538462,0.557692307692308,519,10
244,Organic Social,2024-04-21 10:00:00,84,124,49,17.4596774193548,0.583333333333333,3.8225806451612896,0.395161290322581,474,10
245,Organic Social,2024-04-22 00:00:00,84,130,64,41.9,0.761904761904762,5.26923076923077,0.492307692307692,685,0
246,Referral,2024-05-03 11:00:00,84,95,73,152.936842105263,0.869047619047619,7.91578947368421,0.768421052631579,752,11
247,Direct,2024-04-17 12:00:00,83,90,51,37.0777777777778,0.614457831325301,4.26666666666667,0.566666666666667,384,12
248,Direct,2024-04-17 14:00:00,83,90,52,55.0111111111111,0.626506024096386,4.34444444444444,0.577777777777778,391,14
249,Organic Search,2024-04-23 15:00:00,83,92,57,59.7717391304348,0.686746987951807,4.01086956521739,0.619565217391304,369,15
250,Organic Social,2024-04-06 21:00:00,83,110,50,28.6727272727273,0.602409638554217,4.145454545454551,0.454545454545455,456,21
251,Organic Social,2024-04-12 17:00:00,83,100,57,64.61,0.686746987951807,4.72,0.57,472,17
252,Organic Social,2024-04-14 15:00:00,83,101,58,47.66336633663369,0.698795180722892,4.76237623762376,0.574257425742574,481,15
253,Organic Social,2024-04-14 22:00:00,83,101,52,55.960396039604,0.626506024096386,5.26732673267327,0.514851485148515,532,22
254,Organic Social,2024-04-19 11:00:00,83,104,57,47.2884615384615,0.686746987951807,4.73076923076923,0.548076923076923,492,11
255,Organic Social,2024-04-27 00:00:00,83,125,57,31.576,0.686746987951807,3.728,0.456,466,0
256,Organic Social,2024-04-27 20:00:00,83,102,55,41.0882352941176,0.662650602409639,4.03921568627451,0.53921568627451,412,20
257,Organic Social,2024-05-02 12:00:00,83,98,63,57.265306122449,0.759036144578313,5.06122448979592,0.642857142857143,496,12
258,Direct,2024-04-15 13:00:00,82,99,46,28.7272727272727,0.560975609756098,4.66666666666667,0.464646464646465,462,13
259,Direct,2024-04-25 17:00:00,82,86,54,32.9883720930233,0.658536585365854,4.0,0.627906976744186,344,17
260,Organic Search,2024-04-18 15:00:00,82,95,58,41.589473684210496,0.707317073170732,4.09473684210526,0.610526315789474,389,15
261,Organic Search,2024-04-18 22:00:00,82,85,53,69.6588235294118,0.646341463414634,4.23529411764706,0.623529411764706,360,22
262,Organic Search,2024-04-19 11:00:00,82,95,59,48.8315789473684,0.719512195121951,3.9894736842105294,0.621052631578947,379,11
263,Organic Social,2024-04-09 16:00:00,82,108,52,52.101851851851904,0.634146341463415,10.3425925925926,0.481481481481481,1117,16
264,Organic Social,2024-04-11 14:00:00,82,103,59,50.2038834951456,0.719512195121951,4.52427184466019,0.572815533980583,466,14
265,Organic Social,2024-04-13 19:00:00,82,106,64,60.67924528301889,0.780487804878049,6.19811320754717,0.60377358490566,657,19
266,Organic Social,2024-04-16 15:00:00,82,110,54,61.5,0.658536585365854,4.42727272727273,0.490909090909091,487,15
267,Organic Social,2024-04-19 21:00:00,82,110,52,53.054545454545504,0.634146341463415,4.82727272727273,0.472727272727273,531,21
268,Organic Social,2024-04-20 21:00:00,82,98,56,60.6632653061225,0.682926829268293,5.31632653061225,0.571428571428571,521,21
269,Organic Social,2024-04-21 11:00:00,82,105,53,42.0761904761905,0.646341463414634,4.48571428571429,0.504761904761905,471,11
270,Organic Social,2024-04-24 00:00:00,82,125,55,26.288,0.670731707317073,4.488,0.44,561,0
271,Organic Social,2024-05-01 12:00:00,82,102,62,54.078431372549,0.75609756097561,4.86274509803922,0.607843137254902,496,12
272,Organic Social,2024-05-02 19:00:00,82,99,59,53.4242424242424,0.719512195121951,5.13131313131313,0.595959595959596,508,19
273,Direct,2024-05-01 22:00:00,81,96,53,76.1041666666667,0.654320987654321,4.26041666666667,0.552083333333333,409,22
274,Organic Search,2024-04-08 15:00:00,81,86,48,97.8255813953488,0.592592592592593,5.1046511627907,0.558139534883721,439,15
275,Organic Social,2024-04-09 19:00:00,81,105,54,36.0666666666667,0.666666666666667,4.60952380952381,0.514285714285714,484,19
276,Organic Social,2024-04-14 11:00:00,81,100,50,48.36,0.617283950617284,4.85,0.5,485,11
277,Organic Social,2024-04-14 17:00:00,81,93,55,42.5268817204301,0.679012345679012,4.91397849462366,0.591397849462366,457,17
278,Organic Social,2024-04-16 19:00:00,81,102,57,59.2058823529412,0.703703703703704,5.7156862745098,0.558823529411765,583,19
279,Organic Social,2024-04-20 00:00:00,81,139,58,16.4028776978417,0.716049382716049,3.58992805755396,0.41726618705036,499,0
280,Organic Social,2024-04-24 11:00:00,81,99,57,58.0505050505051,0.703703703703704,5.68686868686869,0.575757575757576,563,11
281,Organic Social,2024-04-25 09:00:00,81,108,57,40.0462962962963,0.703703703703704,4.71296296296296,0.527777777777778,509,9
282,Organic Social,2024-04-27 23:00:00,81,95,51,32.5368421052632,0.62962962962963,4.57894736842105,0.536842105263158,435,23
283,Organic Social,2024-05-02 18:00:00,81,107,59,68.7757009345794,0.728395061728395,5.61682242990654,0.551401869158879,601,18
284,Referral,2024-04-17 15:00:00,81,91,57,107.098901098901,0.703703703703704,5.71428571428571,0.626373626373626,520,15
285,Direct,2024-04-17 18:00:00,80,96,48,67.0729166666667,0.6,4.20833333333333,0.5,404,18
286,Organic Search,2024-04-15 12:00:00,80,91,54,51.4285714285714,0.675,4.05494505494506,0.593406593406593,369,12
287,Organic Search,2024-04-17 21:00:00,80,88,45,36.875,0.5625,4.32954545454545,0.511363636363636,381,21
288,Organic Search,2024-04-19 19:00:00,80,95,57,41.3263157894737,0.7125,3.90526315789474,0.6,371,19
289,Organic Social,2024-04-06 13:00:00,80,97,55,50.4020618556701,0.6875,5.02061855670103,0.567010309278351,487,13
290,Organic Social,2024-04-12 15:00:00,80,92,52,56.4130434782609,0.65,5.30434782608696,0.565217391304348,488,15
291,Organic Social,2024-04-12 19:00:00,80,93,53,62.8602150537634,0.6625,5.17204301075269,0.56989247311828,481,19
292,Organic Social,2024-04-16 21:00:00,80,97,53,70.5567010309278,0.6625,6.4639175257732,0.54639175257732,627,21
293,Organic Social,2024-04-19 14:00:00,80,95,58,42.8842105263158,0.725,4.86315789473684,0.610526315789474,462,14
294,Organic Social,2024-05-02 17:00:00,80,99,55,49.040404040404,0.6875,5.56565656565657,0.555555555555556,551,17
295,Organic Social,2024-05-03 23:00:00,80,98,58,26.2040816326531,0.725,4.3265306122449,0.591836734693878,424,23
296,Referral,2024-04-18 21:00:00,80,85,58,90.5647058823529,0.725,6.04705882352941,0.682352941176471,514,21
297,Direct,2024-04-15 21:00:00,79,99,48,39.5757575757576,0.607594936708861,4.44444444444445,0.484848484848485,440,21
298,Direct,2024-04-16 21:00:00,79,89,53,37.7078651685393,0.670886075949367,4.25842696629214,0.595505617977528,379,21
299,Direct,2024-04-18 22:00:00,79,102,46,30.3725490196078,0.582278481012658,4.73529411764706,0.450980392156863,483,22
300,Organic Search,2024-04-08 11:00:00,79,87,57,62.1494252873563,0.721518987341772,4.16091954022989,0.655172413793103,362,11
301,Organic Search,2024-04-15 14:00:00,79,90,45,57.88888888888889,0.569620253164557,3.64444444444444,0.5,328,14
302,Organic Social,2024-04-08 16:00:00,79,112,58,35.6964285714286,0.734177215189873,4.86607142857143,0.517857142857143,545,16
303,Organic Social,2024-04-08 22:00:00,79,102,57,36.66666666666671,0.721518987341772,4.07843137254902,0.558823529411765,416,22
304,Organic Social,2024-04-10 19:00:00,79,103,55,42.621359223301,0.69620253164557,4.68932038834952,0.533980582524272,483,19
305,Organic Social,2024-04-11 18:00:00,79,89,55,44.0674157303371,0.69620253164557,4.58426966292135,0.617977528089888,408,18
306,Organic Social,2024-04-12 18:00:00,79,95,58,51.5263157894737,0.734177215189873,5.2,0.610526315789474,494,18
307,Organic Social,2024-04-18 22:00:00,79,101,61,53.970297029703,0.772151898734177,5.56435643564356,0.603960396039604,562,22
308,Organic Social,2024-04-19 10:00:00,79,106,49,32.3207547169811,0.620253164556962,4.36792452830189,0.462264150943396,463,10
309,Organic Social,2024-04-23 22:00:00,79,105,58,53.152380952381,0.734177215189873,5.15238095238095,0.552380952380952,541,22
310,Organic Social,2024-04-24 23:00:00,79,100,51,61.11,0.645569620253165,5.41,0.51,541,23
311,Referral,2024-04-30 16:00:00,79,89,60,101.426966292135,0.759493670886076,6.89887640449438,0.674157303370787,614,16
312,Referral,2024-05-03 12:00:00,79,88,65,120.147727272727,0.822784810126582,5.772727272727271,0.738636363636364,508,12
313,Direct,2024-04-29 22:00:00,78,93,42,67.1397849462366,0.538461538461538,5.35483870967742,0.451612903225806,498,22
314,Direct,2024-05-02 23:00:00,78,87,42,41.2528735632184,0.538461538461538,4.63218390804598,0.482758620689655,403,23
315,Organic Search,2024-04-16 15:00:00,78,87,52,66.1149425287356,0.666666666666667,4.25287356321839,0.597701149425287,370,15
316,Organic Search,2024-04-18 20:00:00,78,88,53,34.2159090909091,0.67948717948718,3.53409090909091,0.602272727272727,311,20
317,Organic Social,2024-04-07 13:00:00,78,91,56,48.2417582417582,0.717948717948718,5.42857142857143,0.615384615384615,494,13
318,Organic Social,2024-04-09 11:00:00,78,96,59,240.0,0.756410256410256,4.97916666666667,0.614583333333333,478,11
319,Organic Social,2024-04-09 17:00:00,78,105,51,28.8666666666667,0.653846153846154,4.51428571428571,0.485714285714286,474,17
320,Organic Social,2024-04-12 22:00:00,78,104,50,56.4326923076923,0.641025641025641,5.34615384615385,0.480769230769231,556,22
321,Organic Social,2024-04-13 16:00:00,78,110,54,48.4181818181818,0.692307692307692,4.53636363636364,0.490909090909091,499,16
322,Organic Social,2024-04-16 12:00:00,78,94,60,66.7021276595745,0.769230769230769,4.97872340425532,0.638297872340426,468,12
323,Organic Social,2024-04-18 14:00:00,78,94,57,73.2553191489362,0.730769230769231,5.93617021276596,0.606382978723404,558,14
324,Organic Social,2024-04-19 12:00:00,78,102,51,58.1274509803922,0.653846153846154,4.45098039215686,0.5,454,12
325,Organic Social,2024-04-25 12:00:00,78,91,52,52.5384615384615,0.666666666666667,5.35164835164835,0.571428571428571,487,12
326,Organic Social,2024-04-27 16:00:00,78,120,53,28.2916666666667,0.67948717948718,3.475,0.441666666666667,417,16
327,Organic Social,2024-05-03 14:00:00,78,91,62,69.7252747252747,0.794871794871795,5.21978021978022,0.681318681318681,475,14
328,Referral,2024-04-30 15:00:00,78,85,63,82.3411764705882,0.807692307692308,5.72941176470588,0.741176470588235,487,15
329,Referral,2024-05-01 19:00:00,78,84,62,164.464285714286,0.794871794871795,6.23809523809524,0.738095238095238,524,19
330,Referral,2024-05-02 14:00:00,78,84,61,88.8809523809524,0.782051282051282,5.47619047619048,0.726190476190476,460,14
331,Direct,2024-04-18 20:00:00,77,89,53,49.7078651685393,0.688311688311688,5.15730337078652,0.595505617977528,459,20
332,Organic Search,2024-04-22 11:00:00,77,84,56,48.964285714285694,0.727272727272727,4.53571428571429,0.666666666666667,381,11
333,Organic Search,2024-04-23 19:00:00,77,93,56,72.5591397849462,0.727272727272727,4.19354838709677,0.602150537634409,390,19
334,Organic Search,2024-04-30 14:00:00,77,84,45,47.2380952380952,0.584415584415584,4.11904761904762,0.535714285714286,346,14
335,Organic Social,2024-04-07 15:00:00,77,95,53,55.8842105263158,0.688311688311688,4.72631578947368,0.557894736842105,449,15
336,Organic Social,2024-04-12 16:00:00,77,89,55,48.6516853932584,0.714285714285714,4.41573033707865,0.617977528089888,393,16
337,Organic Social,2024-04-16 13:00:00,77,99,62,44.8989898989899,0.805194805194805,4.81818181818182,0.626262626262626,477,13
338,Organic Social,2024-04-20 20:00:00,77,94,55,57.4468085106383,0.714285714285714,5.77659574468085,0.585106382978723,543,20
339,Organic Social,2024-04-22 11:00:00,77,98,63,89.8469387755102,0.818181818181818,5.52040816326531,0.642857142857143,541,11
340,Organic Social,2024-04-22 21:00:00,77,94,56,48.5957446808511,0.727272727272727,6.23404255319149,0.595744680851064,586,21
341,Organic Social,2024-04-25 11:00:00,77,100,57,84.28,0.74025974025974,5.14,0.57,514,11
342,Organic Social,2024-04-27 19:00:00,77,99,52,86.5252525252525,0.675324675324675,4.24242424242424,0.525252525252525,420,19
343,Organic Social,2024-04-27 21:00:00,77,101,57,43.118811881188094,0.74025974025974,4.84158415841584,0.564356435643564,489,21
344,Organic Social,2024-04-29 19:00:00,77,94,56,58.7553191489362,0.727272727272727,5.20212765957447,0.595744680851064,489,19
345,Organic Social,2024-05-01 09:00:00,77,95,50,28.2,0.649350649350649,4.70526315789474,0.526315789473684,447,9
346,Organic Social,2024-05-02 16:00:00,77,103,53,72.6407766990291,0.688311688311688,5.04854368932039,0.514563106796117,520,16
347,Referral,2024-05-03 20:00:00,77,87,56,73.7931034482759,0.727272727272727,6.6551724137931,0.64367816091954,579,20
348,Direct,2024-04-22 11:00:00,76,92,49,57.64130434782609,0.644736842105263,4.72826086956522,0.532608695652174,435,11
349,Organic Search,2024-04-11 20:00:00,76,82,46,32.8170731707317,0.605263157894737,4.0609756097561,0.560975609756098,333,20
350,Organic Search,2024-04-18 23:00:00,76,87,51,34.0229885057471,0.671052631578947,4.11494252873563,0.586206896551724,358,23
351,Organic Social,2024-04-08 00:00:00,76,108,53,38.88888888888889,0.697368421052632,4.7962962962963,0.490740740740741,518,0
352,Organic Social,2024-04-08 12:00:00,76,87,58,96.1264367816092,0.763157894736842,6.35632183908046,0.666666666666667,553,12
353,Organic Social,2024-04-11 21:00:00,76,91,48,39.4285714285714,0.631578947368421,3.93406593406593,0.527472527472528,358,21
354,Organic Social,2024-04-16 14:00:00,76,95,57,102.442105263158,0.75,5.85263157894737,0.6,556,14
355,Organic Social,2024-04-18 00:00:00,76,125,54,29.024,0.710526315789474,4.472,0.432,559,0
356,Organic Social,2024-04-22 22:00:00,76,91,58,57.3736263736264,0.763157894736842,6.12087912087912,0.637362637362637,557,22
357,Referral,2024-04-30 22:00:00,76,88,58,47.8636363636364,0.763157894736842,5.5,0.659090909090909,484,22
358,Referral,2024-05-02 12:00:00,76,83,61,138.650602409639,0.802631578947369,5.9156626506024095,0.734939759036145,491,12
359,Direct,2024-04-09 20:00:00,75,92,39,41.9565217391304,0.52,3.5,0.423913043478261,322,20
360,Direct,2024-04-14 11:00:00,75,83,36,28.1084337349398,0.48,4.39759036144578,0.433734939759036,365,11
361,Direct,2024-04-15 15:00:00,75,90,36,29.2888888888889,0.48,3.47777777777778,0.4,313,15
362,Direct,2024-04-19 19:00:00,75,89,40,32.3932584269663,0.533333333333333,4.38202247191011,0.449438202247191,390,19
363,Organic Search,2024-04-12 12:00:00,75,87,46,50.8275862068966,0.613333333333333,3.9080459770114895,0.528735632183908,340,12
364,Organic Search,2024-04-16 11:00:00,75,83,52,50.855421686747,0.693333333333333,4.97590361445783,0.626506024096386,413,11
365,Organic Search,2024-04-18 17:00:00,75,88,53,52.5909090909091,0.706666666666667,3.69318181818182,0.602272727272727,325,17
366,Organic Search,2024-04-29 14:00:00,75,83,48,49.421686746988,0.64,4.21686746987952,0.578313253012048,350,14
367,Organic Social,2024-04-06 20:00:00,75,98,45,34.1428571428571,0.6,3.46938775510204,0.459183673469388,340,20
368,Organic Social,2024-04-09 14:00:00,75,84,50,64.1309523809524,0.666666666666667,5.22619047619048,0.595238095238095,439,14
369,Organic Social,2024-04-09 18:00:00,75,103,50,35.378640776699,0.666666666666667,4.18446601941748,0.485436893203884,431,18
370,Organic Social,2024-04-10 10:00:00,75,109,52,29.5229357798165,0.693333333333333,4.55045871559633,0.477064220183486,496,10
371,Organic Social,2024-04-14 12:00:00,75,92,52,59.4130434782609,0.693333333333333,5.52173913043478,0.565217391304348,508,12
372,Organic Social,2024-04-14 13:00:00,75,87,52,35.2413793103448,0.693333333333333,4.70114942528736,0.597701149425287,409,13
373,Organic Social,2024-04-27 18:00:00,75,102,43,25.843137254902,0.573333333333333,3.91176470588235,0.42156862745098,399,18
374,Organic Social,2024-04-28 13:00:00,75,103,51,41.0291262135922,0.68,4.0873786407767,0.495145631067961,421,13
375,Organic Social,2024-04-28 16:00:00,75,89,57,51.4831460674157,0.76,4.70786516853933,0.640449438202247,419,16
376,Organic Social,2024-04-29 10:00:00,75,102,51,33.5490196078431,0.68,5.14705882352941,0.5,525,10
377,Organic Social,2024-04-29 20:00:00,75,105,61,58.5428571428571,0.813333333333333,5.93333333333333,0.580952380952381,623,20
378,Organic Social,2024-05-01 16:00:00,75,97,55,88.7525773195876,0.733333333333333,4.83505154639175,0.567010309278351,469,16
379,Organic Social,2024-05-02 11:00:00,75,88,59,110.761363636364,0.786666666666667,7.11363636363636,0.670454545454545,626,11
380,Direct,2024-04-17 11:00:00,74,90,46,42.5111111111111,0.621621621621622,5.0,0.511111111111111,450,11
381,Direct,2024-04-18 16:00:00,74,94,45,38.2872340425532,0.608108108108108,4.02127659574468,0.478723404255319,378,16
382,Direct,2024-04-18 23:00:00,74,87,32,22.1149425287356,0.432432432432432,3.42528735632184,0.367816091954023,298,23
383,Direct,2024-04-25 19:00:00,74,88,48,35.0568181818182,0.648648648648649,4.05681818181818,0.545454545454545,357,19
384,Direct,2024-04-25 22:00:00,74,81,44,24.2345679012346,0.594594594594595,4.50617283950617,0.54320987654321,365,22
385,Organic Search,2024-04-12 13:00:00,74,83,50,39.1325301204819,0.675675675675676,4.01204819277108,0.602409638554217,333,13
386,Organic Search,2024-04-17 15:00:00,74,87,55,37.0,0.743243243243243,3.85057471264368,0.632183908045977,335,15
387,Organic Search,2024-04-17 18:00:00,74,83,53,34.0361445783133,0.716216216216216,4.32530120481928,0.63855421686747,359,18
388,Organic Social,2024-04-10 14:00:00,74,94,53,51.840425531914896,0.716216216216216,5.5531914893617,0.563829787234043,522,14
389,Organic Social,2024-04-12 13:00:00,74,89,47,45.9887640449438,0.635135135135135,4.64044943820225,0.528089887640449,413,13
390,Organic Social,2024-04-14 14:00:00,74,89,57,73.3370786516854,0.77027027027027,6.24719101123596,0.640449438202247,556,14
391,Organic Social,2024-04-18 12:00:00,74,90,56,63.5666666666667,0.756756756756757,5.17777777777778,0.622222222222222,466,12
392,Organic Social,2024-04-20 17:00:00,74,96,62,110.552083333333,0.837837837837838,7.22916666666667,0.645833333333333,694,17
393,Organic Social,2024-04-21 17:00:00,74,89,48,42.1123595505618,0.648648648648649,4.97752808988764,0.539325842696629,443,17
394,Organic Social,2024-04-23 20:00:00,74,101,53,59.2376237623762,0.716216216216216,6.10891089108911,0.524752475247525,617,20
395,Organic Social,2024-04-24 20:00:00,74,89,56,86.7415730337079,0.756756756756757,5.31460674157303,0.629213483146067,473,20
396,Organic Social,2024-04-26 00:00:00,74,91,50,42.3406593406593,0.675675675675676,4.6043956043956,0.54945054945055,419,0
397,Organic Social,2024-04-27 14:00:00,74,91,51,51.4065934065934,0.689189189189189,4.96703296703297,0.56043956043956,452,14
398,Organic Social,2024-04-28 10:00:00,74,86,59,35.2674418604651,0.797297297297297,5.02325581395349,0.686046511627907,432,10
399,Organic Social,2024-04-30 16:00:00,74,100,50,52.88,0.675675675675676,4.74,0.5,474,16
400,Organic Social,2024-04-30 18:00:00,74,87,51,30.0114942528736,0.689189189189189,4.55172413793104,0.586206896551724,396,18
401,Referral,2024-04-15 14:00:00,74,84,56,85.2619047619048,0.756756756756757,5.85714285714286,0.666666666666667,492,14
402,Referral,2024-04-23 21:00:00,74,86,59,86.8837209302326,0.797297297297297,7.47674418604651,0.686046511627907,643,21
403,Referral,2024-04-24 14:00:00,74,81,57,126.358024691358,0.77027027027027,5.95061728395062,0.703703703703704,482,14
404,Referral,2024-04-29 21:00:00,74,83,52,47.3253012048193,0.702702702702703,4.85542168674699,0.626506024096386,403,21
405,Referral,2024-05-02 15:00:00,74,78,60,107.064102564103,0.810810810810811,5.93589743589744,0.769230769230769,463,15
406,Referral,2024-05-03 14:00:00,74,82,60,113.512195121951,0.810810810810811,6.04878048780488,0.731707317073171,496,14
407,Direct,2024-04-11 20:00:00,73,79,37,29.8481012658228,0.506849315068493,3.78481012658228,0.468354430379747,299,20
408,Direct,2024-04-12 11:00:00,73,89,43,38.9325842696629,0.589041095890411,4.1685393258427,0.48314606741573,371,11
409,Direct,2024-04-24 12:00:00,73,94,43,56.9893617021277,0.589041095890411,4.23404255319149,0.457446808510638,398,12
410,Organic Search,2024-04-11 21:00:00,73,89,45,18.7640449438202,0.616438356164384,3.70786516853933,0.50561797752809,330,21
411,Organic Search,2024-04-15 20:00:00,73,81,45,32.283950617284,0.616438356164384,3.82716049382716,0.555555555555556,310,20
412,Organic Search,2024-04-16 20:00:00,73,84,45,25.0952380952381,0.616438356164384,3.6666666666666705,0.535714285714286,308,20
413,Organic Search,2024-04-18 16:00:00,73,82,50,48.2560975609756,0.684931506849315,4.39024390243903,0.609756097560976,360,16
414,Organic Search,2024-04-18 18:00:00,73,83,48,44.6385542168675,0.657534246575342,3.50602409638554,0.578313253012048,291,18
415,Organic Search,2024-04-19 20:00:00,73,85,46,46.8,0.63013698630137,4.96470588235294,0.541176470588235,422,20
416,Organic Search,2024-04-23 21:00:00,73,81,49,86.8641975308642,0.671232876712329,5.1358024691358,0.604938271604938,416,21
417,Organic Search,2024-04-25 14:00:00,73,85,47,58.8,0.643835616438356,3.54117647058824,0.552941176470588,301,14
418,Organic Social,2024-04-07 09:00:00,73,91,50,25.3406593406593,0.684931506849315,4.28571428571429,0.54945054945055,390,9
419,Organic Social,2024-04-10 12:00:00,73,101,51,46.5445544554455,0.698630136986301,4.4950495049505,0.504950495049505,454,12
420,Organic Social,2024-04-11 22:00:00,73,83,50,60.1566265060241,0.684931506849315,5.42168674698795,0.602409638554217,450,22
421,Organic Social,2024-04-13 00:00:00,73,123,41,43.349593495935,0.561643835616438,3.86178861788618,0.333333333333333,475,0
422,Organic Social,2024-04-14 01:00:00,73,103,38,22.8640776699029,0.520547945205479,3.7766990291262097,0.368932038834951,389,1
423,Organic Social,2024-04-14 08:00:00,73,100,48,32.12,0.657534246575342,4.4,0.48,440,8
424,Organic Social,2024-04-15 10:00:00,73,92,61,38.3478260869565,0.835616438356164,5.20652173913044,0.66304347826087,479,10
425,Organic Social,2024-04-22 20:00:00,73,85,53,52.2117647058824,0.726027397260274,5.611764705882351,0.623529411764706,477,20
426,Organic Social,2024-04-27 15:00:00,73,101,53,90.4257425742574,0.726027397260274,5.24752475247525,0.524752475247525,530,15
427,Organic Social,2024-04-29 22:00:00,73,93,59,52.3010752688172,0.808219178082192,5.61290322580645,0.634408602150538,522,22
428,Organic Social,2024-04-30 01:00:00,73,99,49,55.9393939393939,0.671232876712329,5.41414141414141,0.494949494949495,536,1
429,Organic Social,2024-05-03 18:00:00,73,93,51,65.5483870967742,0.698630136986301,4.50537634408602,0.548387096774194,419,18
430,Referral,2024-04-10 12:00:00,73,85,65,105.0,0.89041095890411,7.11764705882353,0.764705882352941,605,12
431,Direct,2024-04-12 10:00:00,72,81,52,60.4567901234568,0.722222222222222,4.85185185185185,0.641975308641975,393,10
432,Direct,2024-04-14 22:00:00,72,87,38,19.8850574712644,0.527777777777778,3.8275862068965503,0.436781609195402,333,22
433,Direct,2024-04-17 19:00:00,72,86,48,59.6279069767442,0.666666666666667,5.23255813953488,0.558139534883721,450,19
434,Direct,2024-04-19 20:00:00,72,88,41,42.3863636363636,0.569444444444444,4.5,0.465909090909091,396,20
435,Direct,2024-04-24 13:00:00,72,87,40,88.5862068965517,0.555555555555556,4.05747126436782,0.459770114942529,353,13
436,Direct,2024-04-25 20:00:00,72,84,40,30.702380952381,0.555555555555556,4.01190476190476,0.476190476190476,337,20
437,Direct,2024-04-30 21:00:00,72,89,36,51.4719101123596,0.5,5.28089887640449,0.404494382022472,470,21
438,Direct,2024-05-01 21:00:00,72,85,41,41.7294117647059,0.569444444444444,3.94117647058824,0.482352941176471,335,21
439,Organic Search,2024-04-08 18:00:00,72,80,48,60.4,0.666666666666667,4.0,0.6,320,18
440,Organic Search,2024-04-09 14:00:00,72,79,53,46.4556962025317,0.736111111111111,4.62025316455696,0.670886075949367,365,14
441,Organic Search,2024-04-09 19:00:00,72,82,50,42.6219512195122,0.694444444444444,4.09756097560976,0.609756097560976,336,19
442,Organic Search,2024-04-17 12:00:00,72,80,49,39.2375,0.680555555555556,3.475,0.6125,278,12
443,Organic Search,2024-04-19 00:00:00,72,90,49,58.8555555555556,0.680555555555556,4.05555555555556,0.544444444444444,365,0
444,Organic Search,2024-04-25 10:00:00,72,80,54,77.075,0.75,5.0,0.675,400,10
445,Organic Search,2024-05-02 11:00:00,72,83,44,64.2650602409639,0.611111111111111,4.53012048192771,0.530120481927711,376,11
446,Organic Search,2024-05-02 12:00:00,72,78,55,46.1025641025641,0.763888888888889,4.06410256410256,0.705128205128205,317,12
447,Organic Social,2024-04-10 09:00:00,72,95,49,178.126315789474,0.680555555555556,4.22105263157895,0.515789473684211,401,9
448,Organic Social,2024-04-11 13:00:00,72,89,53,60.9101123595506,0.736111111111111,5.52808988764045,0.595505617977528,492,13
449,Organic Social,2024-04-12 08:00:00,72,89,38,29.5168539325843,0.527777777777778,4.04494382022472,0.426966292134831,360,8
450,Organic Social,2024-04-13 18:00:00,72,102,44,44.7450980392157,0.611111111111111,4.05882352941176,0.431372549019608,414,18
451,Organic Social,2024-04-14 16:00:00,72,91,58,53.5604395604396,0.805555555555556,4.93406593406593,0.637362637362637,449,16
452,Organic Social,2024-04-20 12:00:00,72,81,52,79.0617283950617,0.722222222222222,5.95061728395062,0.641975308641975,482,12
453,Organic Social,2024-04-28 19:00:00,72,84,48,63.345238095238095,0.666666666666667,5.35714285714286,0.571428571428571,450,19
454,Referral,2024-04-24 20:00:00,72,82,54,68.6829268292683,0.75,8.09756097560976,0.658536585365854,664,20
455,Referral,2024-05-03 21:00:00,72,78,50,65.8974358974359,0.694444444444444,4.71794871794872,0.641025641025641,368,21
456,Direct,2024-04-08 19:00:00,71,87,43,34.3448275862069,0.605633802816901,3.8735632183908,0.494252873563218,337,19
457,Direct,2024-04-20 11:00:00,71,85,42,33.4470588235294,0.591549295774648,3.56470588235294,0.494117647058824,303,11
458,Direct,2024-05-01 16:00:00,71,85,43,44.8588235294118,0.605633802816901,4.43529411764706,0.505882352941176,377,16
459,Organic Search,2024-04-12 14:00:00,71,81,46,34.9506172839506,0.647887323943662,4.18518518518519,0.567901234567901,339,14
460,Organic Search,2024-04-16 14:00:00,71,80,47,47.2625,0.661971830985916,4.0875,0.5875,327,14
461,Organic Search,2024-04-18 11:00:00,71,89,53,37.8089887640449,0.746478873239437,3.91011235955056,0.595505617977528,348,11
462,Organic Search,2024-04-24 14:00:00,71,78,53,43.3205128205128,0.746478873239437,4.43589743589744,0.67948717948718,346,14
463,Organic Search,2024-04-25 15:00:00,71,82,52,49.7317073170732,0.732394366197183,3.82926829268293,0.634146341463415,314,15
464,Organic Social,2024-04-06 14:00:00,71,92,57,61.4456521739131,0.802816901408451,5.5,0.619565217391304,506,14
465,Organic Social,2024-04-06 18:00:00,71,87,50,110.0,0.704225352112676,5.35632183908046,0.574712643678161,466,18
466,Organic Social,2024-04-07 08:00:00,71,82,49,49.9756097560976,0.690140845070423,5.19512195121951,0.597560975609756,426,8
467,Organic Social,2024-04-07 16:00:00,71,84,51,54.904761904761905,0.71830985915493,5.5952380952381,0.607142857142857,470,16
468,Organic Social,2024-04-09 13:00:00,71,85,56,55.2352941176471,0.788732394366197,5.388235294117649,0.658823529411765,458,13
469,Organic Social,2024-04-09 20:00:00,71,86,56,90.5232558139535,0.788732394366197,6.52325581395349,0.651162790697675,561,20
470,Organic Social,2024-04-11 11:00:00,71,88,58,73.5113636363636,0.816901408450704,6.30681818181818,0.659090909090909,555,11
471,Organic Social,2024-04-12 20:00:00,71,79,51,37.3164556962025,0.71830985915493,5.06329113924051,0.645569620253165,400,20
472,Organic Social,2024-04-21 12:00:00,71,95,57,36.5052631578947,0.802816901408451,4.36842105263158,0.6,415,12
473,Organic Social,2024-04-27 11:00:00,71,92,53,47.1739130434783,0.746478873239437,4.45652173913044,0.576086956521739,410,11
474,Organic Social,2024-04-27 13:00:00,71,78,49,49.5128205128205,0.690140845070423,5.11538461538462,0.628205128205128,399,13
475,Organic Social,2024-04-29 09:00:00,71,93,49,38.075268817204304,0.690140845070423,4.40860215053763,0.526881720430108,410,9
476,Organic Social,2024-05-01 17:00:00,71,88,52,59.625,0.732394366197183,5.48863636363636,0.590909090909091,483,17
477,Referral,2024-04-12 14:00:00,71,74,58,99.8378378378378,0.816901408450704,7.98648648648649,0.783783783783784,591,14
478,Referral,2024-04-16 17:00:00,71,76,50,71.5789473684211,0.704225352112676,4.88157894736842,0.657894736842105,371,17
479,Referral,2024-04-30 14:00:00,71,76,61,103.605263157895,0.859154929577465,5.90789473684211,0.802631578947369,449,14
480,Referral,2024-05-01 12:00:00,71,78,55,79.0128205128205,0.774647887323944,5.06410256410256,0.705128205128205,395,12
481,Direct,2024-04-16 20:00:00,70,85,40,35.8117647058824,0.571428571428571,3.9176470588235297,0.470588235294118,333,20
482,Direct,2024-04-19 18:00:00,70,81,41,29.1481481481482,0.585714285714286,3.77777777777778,0.506172839506173,306,18
483,Organic Search,2024-04-08 20:00:00,70,75,47,57.7333333333333,0.671428571428571,4.49333333333333,0.626666666666667,337,20
484,Organic Search,2024-04-12 22:00:00,70,81,43,50.851851851851904,0.614285714285714,4.65432098765432,0.530864197530864,377,22
485,Organic Search,2024-04-15 16:00:00,70,77,43,41.7662337662338,0.614285714285714,4.25974025974026,0.558441558441558,328,16
486,Organic Search,2024-04-17 16:00:00,70,78,50,46.9615384615385,0.714285714285714,4.6025641025641,0.641025641025641,359,16
487,Organic Search,2024-04-18 10:00:00,70,79,54,45.7341772151899,0.771428571428572,4.35443037974684,0.683544303797468,344,10
488,Organic Search,2024-04-18 14:00:00,70,77,44,23.3896103896104,0.628571428571429,4.0,0.571428571428571,308,14
489,Organic Search,2024-04-25 18:00:00,70,82,51,56.92682926829271,0.728571428571429,4.48780487804878,0.621951219512195,368,18
490,Organic Search,2024-04-29 13:00:00,70,73,46,100.630136986301,0.657142857142857,5.98630136986301,0.63013698630137,437,13
491,Organic Search,2024-04-29 15:00:00,70,80,56,44.4875,0.8,4.1,0.7,328,15
492,Organic Social,2024-04-06 12:00:00,70,93,53,69.2365591397849,0.757142857142857,5.18279569892473,0.56989247311828,482,12
493,Organic Social,2024-04-08 21:00:00,70,87,46,56.0804597701149,0.657142857142857,4.50574712643678,0.528735632183908,392,21
494,Organic Social,2024-04-13 12:00:00,70,81,50,54.1975308641975,0.714285714285714,4.44444444444445,0.617283950617284,360,12
495,Organic Social,2024-04-18 10:00:00,70,92,53,73.1413043478261,0.757142857142857,5.75,0.576086956521739,529,10
496,Organic Social,2024-04-18 23:00:00,70,83,50,54.7951807228916,0.714285714285714,5.90361445783133,0.602409638554217,490,23
497,Organic Social,2024-04-19 22:00:00,70,90,43,39.4777777777778,0.614285714285714,4.07777777777778,0.477777777777778,367,22
498,Organic Social,2024-04-20 18:00:00,70,85,49,61.6352941176471,0.7,5.30588235294118,0.576470588235294,451,18
499,Organic Social,2024-04-20 23:00:00,70,90,52,50.7111111111111,0.742857142857143,6.38888888888889,0.577777777777778,575,23
500,Organic Social,2024-04-22 13:00:00,70,86,55,58.4767441860465,0.785714285714286,6.84883720930233,0.63953488372093,589,13
501,Organic Social,2024-04-22 23:00:00,70,85,53,87.3176470588235,0.757142857142857,7.25882352941177,0.623529411764706,617,23
502,Organic Social,2024-04-30 13:00:00,70,86,51,40.0,0.728571428571429,4.56976744186047,0.593023255813954,393,13
503,Organic Social,2024-05-02 13:00:00,70,85,51,59.9647058823529,0.728571428571429,5.24705882352941,0.6,446,13
504,Referral,2024-05-02 16:00:00,70,79,56,86.8987341772152,0.8,6.58227848101266,0.708860759493671,520,16
505,Referral,2024-05-03 10:00:00,70,88,54,100.534090909091,0.771428571428572,4.92045454545455,0.613636363636364,433,10
506,Referral,2024-05-03 13:00:00,70,79,58,200.341772151899,0.828571428571429,4.9873417721519,0.734177215189873,394,13
507,Direct,2024-04-08 20:00:00,69,86,41,45.0348837209302,0.594202898550725,4.12790697674419,0.476744186046512,355,20
508,Direct,2024-04-12 14:00:00,69,78,40,37.8974358974359,0.579710144927536,4.38461538461539,0.512820512820513,342,14
509,Direct,2024-04-17 15:00:00,69,87,39,65.4712643678161,0.565217391304348,4.33333333333333,0.448275862068966,377,15
510,Direct,2024-04-17 17:00:00,69,81,44,54.4567901234568,0.63768115942029,3.91358024691358,0.54320987654321,317,17
511,Direct,2024-04-19 23:00:00,69,81,41,59.7777777777778,0.594202898550725,4.24691358024691,0.506172839506173,344,23
512,Direct,2024-04-23 13:00:00,69,89,42,39.8876404494382,0.608695652173913,3.9438202247191,0.471910112359551,351,13
513,Direct,2024-05-03 18:00:00,69,80,40,68.5625,0.579710144927536,4.2875,0.5,343,18
514,Organic Search,2024-04-08 14:00:00,69,76,46,62.4473684210526,0.666666666666667,4.539473684210529,0.605263157894737,345,14
515,Organic Search,2024-04-17 20:00:00,69,78,47,48.9230769230769,0.681159420289855,4.82051282051282,0.602564102564103,376,20
516,Organic Search,2024-04-19 10:00:00,69,85,52,32.6823529411765,0.753623188405797,4.03529411764706,0.611764705882353,343,10
517,Organic Search,2024-04-22 20:00:00,69,73,49,25.6849315068493,0.710144927536232,3.86301369863014,0.671232876712329,282,20
518,Organic Search,2024-04-24 15:00:00,69,81,38,27.9259259259259,0.550724637681159,3.7283950617284,0.469135802469136,302,15
519,Organic Search,2024-04-25 11:00:00,69,78,55,104.589743589744,0.797101449275362,5.74358974358974,0.705128205128205,448,11
520,Organic Search,2024-04-30 11:00:00,69,81,47,62.4814814814815,0.681159420289855,4.01234567901235,0.580246913580247,325,11
521,Organic Search,2024-04-30 15:00:00,69,79,47,54.7721518987342,0.681159420289855,4.86075949367089,0.594936708860759,384,15
522,Organic Social,2024-04-10 13:00:00,69,83,38,38.8795180722892,0.550724637681159,4.5421686746988,0.457831325301205,377,13
523,Organic Social,2024-04-11 23:00:00,69,91,47,42.0989010989011,0.681159420289855,4.67032967032967,0.516483516483517,425,23
524,Organic Social,2024-04-15 01:00:00,69,79,35,56.4810126582279,0.507246376811594,4.46835443037975,0.443037974683544,353,1
525,Organic Social,2024-04-20 22:00:00,69,81,53,80.9753086419753,0.768115942028986,6.98765432098765,0.654320987654321,566,22
526,Organic Social,2024-04-21 14:00:00,69,79,43,42.8987341772152,0.623188405797101,5.10126582278481,0.544303797468354,403,14
527,Organic Social,2024-04-21 22:00:00,69,80,51,52.375,0.739130434782609,6.3625,0.6375,509,22
528,Organic Social,2024-04-22 01:00:00,69,91,52,51.1758241758242,0.753623188405797,4.10989010989011,0.571428571428571,374,1
529,Organic Social,2024-04-24 10:00:00,69,93,51,69.1182795698925,0.739130434782609,5.23655913978495,0.548387096774194,487,10
530,Organic Social,2024-04-27 12:00:00,69,82,45,81.9390243902439,0.652173913043478,5.20731707317073,0.548780487804878,427,12
531,Organic Social,2024-04-28 09:00:00,69,89,43,41.752808988764,0.623188405797101,4.8876404494382,0.48314606741573,435,9
532,Organic Social,2024-04-28 18:00:00,69,78,47,35.3205128205128,0.681159420289855,5.28205128205128,0.602564102564103,412,18
533,Referral,2024-05-01 16:00:00,69,78,56,79.1410256410256,0.811594202898551,5.47435897435897,0.717948717948718,427,16
534,Referral,2024-05-02 20:00:00,69,77,51,108.857142857143,0.739130434782609,5.76623376623377,0.662337662337662,444,20
535,Direct,2024-04-12 15:00:00,68,76,39,51.671052631578895,0.573529411764706,4.97368421052632,0.513157894736842,378,15
536,Direct,2024-04-17 00:00:00,68,80,46,78.925,0.676470588235294,4.7625,0.575,381,0
537,Direct,2024-04-22 15:00:00,68,80,39,51.2,0.573529411764706,4.3625,0.4875,349,15
538,Direct,2024-04-23 12:00:00,68,83,42,58.8313253012048,0.617647058823529,3.5421686746988,0.506024096385542,294,12
539,Direct,2024-04-25 15:00:00,68,78,36,69.5,0.529411764705882,4.94871794871795,0.461538461538462,386,15
540,Direct,2024-04-29 21:00:00,68,75,35,97.3466666666667,0.514705882352941,5.6,0.466666666666667,420,21
541,Direct,2024-05-03 14:00:00,68,82,38,52.3658536585366,0.558823529411765,4.19512195121951,0.463414634146342,344,14
542,Organic Search,2024-04-14 20:00:00,68,79,49,31.1518987341772,0.720588235294118,3.87341772151899,0.620253164556962,306,20
543,Organic Search,2024-04-15 22:00:00,68,79,50,75.7088607594937,0.735294117647059,5.13924050632911,0.632911392405063,406,22
544,Organic Search,2024-04-16 16:00:00,68,78,49,45.448717948718,0.720588235294118,4.0,0.628205128205128,312,16
545,Organic Search,2024-04-19 13:00:00,68,80,43,29.6,0.632352941176471,3.6375,0.5375,291,13
546,Organic Search,2024-04-22 18:00:00,68,75,44,77.56,0.647058823529412,4.26666666666667,0.586666666666667,320,18
547,Organic Search,2024-04-23 14:00:00,68,74,48,46.2027027027027,0.705882352941177,3.58108108108108,0.648648648648649,265,14
548,Organic Social,2024-04-07 14:00:00,68,84,51,52.7619047619048,0.75,4.5952380952381,0.607142857142857,386,14
549,Organic Social,2024-04-09 10:00:00,68,90,47,44.7666666666667,0.691176470588235,4.5,0.522222222222222,405,10
550,Organic Social,2024-04-19 09:00:00,68,87,43,45.6781609195402,0.632352941176471,4.5632183908046,0.494252873563218,397,9
551,Organic Social,2024-04-25 10:00:00,68,95,58,45.021052631579,0.852941176470588,4.94736842105263,0.610526315789474,470,10
552,Organic Social,2024-04-30 09:00:00,68,88,52,44.1477272727273,0.764705882352941,4.95454545454545,0.590909090909091,436,9
553,Organic Social,2024-05-03 08:00:00,68,82,45,56.8170731707317,0.661764705882353,5.07317073170732,0.548780487804878,416,8
554,Referral,2024-04-19 10:00:00,68,82,57,62.1951219512195,0.838235294117647,6.08536585365854,0.695121951219512,499,10
555,Referral,2024-05-01 13:00:00,68,73,49,44.8219178082192,0.720588235294118,4.68493150684932,0.671232876712329,342,13
556,Referral,2024-05-01 21:00:00,68,76,44,55.1973684210526,0.647058823529412,4.75,0.578947368421053,361,21
557,Referral,2024-05-02 10:00:00,68,75,54,80.3466666666667,0.794117647058824,6.04,0.72,453,10
558,Referral,2024-05-02 18:00:00,68,73,57,113.109589041096,0.838235294117647,6.8493150684931505,0.780821917808219,500,18
559,Direct,2024-04-09 11:00:00,67,74,44,51.0135135135135,0.656716417910448,4.32432432432433,0.594594594594595,320,11
560,Direct,2024-04-14 19:00:00,67,84,38,19.8571428571429,0.567164179104478,3.7142857142857104,0.452380952380952,312,19
561,Direct,2024-04-22 21:00:00,67,91,38,56.4505494505495,0.567164179104478,3.87912087912088,0.417582417582418,353,21
562,Direct,2024-04-23 16:00:00,67,80,40,49.9625,0.597014925373134,4.1625,0.5,333,16
563,Direct,2024-04-23 19:00:00,67,88,41,34.0454545454546,0.611940298507463,4.0,0.465909090909091,352,19
564,Direct,2024-04-25 12:00:00,67,76,42,74.1315789473684,0.626865671641791,5.17105263157895,0.552631578947369,393,12
565,Direct,2024-05-02 22:00:00,67,73,42,76.3972602739726,0.626865671641791,4.34246575342466,0.575342465753425,317,22
566,Organic Search,2024-04-10 17:00:00,67,85,49,62.3882352941177,0.73134328358209,4.25882352941177,0.576470588235294,362,17
567,Organic Search,2024-04-15 18:00:00,67,76,45,46.6973684210526,0.671641791044776,4.17105263157895,0.592105263157895,317,18
568,Organic Search,2024-04-15 19:00:00,67,78,38,48.9102564102564,0.567164179104478,3.52564102564103,0.487179487179487,275,19
569,Organic Search,2024-04-17 11:00:00,67,76,42,50.4078947368421,0.626865671641791,4.19736842105263,0.552631578947369,319,11
570,Organic Search,2024-04-17 14:00:00,67,84,48,31.2261904761905,0.716417910447761,3.85714285714286,0.571428571428571,324,14
571,Organic Social,2024-04-09 12:00:00,67,81,52,72.5308641975309,0.776119402985075,5.60493827160494,0.641975308641975,454,12
572,Organic Social,2024-04-10 17:00:00,67,91,42,46.0549450549451,0.626865671641791,4.0989010989011,0.461538461538462,373,17
573,Organic Social,2024-04-11 10:00:00,67,88,44,35.25,0.656716417910448,4.55681818181818,0.5,401,10
574,Organic Social,2024-04-13 14:00:00,67,80,52,77.3125,0.776119402985075,5.8,0.65,464,14
575,Organic Social,2024-04-15 09:00:00,67,78,43,67.5641025641026,0.641791044776119,4.97435897435897,0.551282051282051,388,9
576,Organic Social,2024-04-21 13:00:00,67,76,52,57.7631578947368,0.776119402985075,5.23684210526316,0.68421052631579,398,13
577,Organic Social,2024-04-28 17:00:00,67,81,50,36.4567901234568,0.746268656716418,4.82716049382716,0.617283950617284,391,17
578,Organic Social,2024-05-03 13:00:00,67,76,47,84.2236842105263,0.701492537313433,5.47368421052632,0.618421052631579,416,13
579,Referral,2024-04-07 22:00:00,67,73,50,65.0684931506849,0.746268656716418,5.46575342465753,0.684931506849315,399,22
580,Referral,2024-04-18 14:00:00,67,72,48,99.7361111111111,0.716417910447761,5.31944444444445,0.666666666666667,383,14
581,Referral,2024-04-23 12:00:00,67,77,57,131.402597402597,0.850746268656716,7.06493506493507,0.74025974025974,544,12
582,Referral,2024-04-26 20:00:00,67,75,55,66.6133333333333,0.82089552238806,5.46666666666667,0.733333333333333,410,20
583,Referral,2024-04-29 20:00:00,67,75,48,64.76,0.716417910447761,4.74666666666667,0.64,356,20
584,Referral,2024-05-01 14:00:00,67,73,53,45.9452054794521,0.791044776119403,4.86301369863014,0.726027397260274,355,14
585,Referral,2024-05-01 20:00:00,67,72,44,84.3888888888889,0.656716417910448,4.72222222222222,0.611111111111111,340,20
586,Direct,2024-04-16 18:00:00,66,78,39,57.8205128205128,0.590909090909091,4.41025641025641,0.5,344,18
587,Direct,2024-04-30 15:00:00,66,81,36,30.2592592592593,0.545454545454545,3.61728395061728,0.444444444444444,293,15
588,Direct,2024-05-03 15:00:00,66,78,40,48.5,0.606060606060606,4.62820512820513,0.512820512820513,361,15
589,Organic Search,2024-04-08 12:00:00,66,78,50,50.7948717948718,0.757575757575758,4.3974358974359,0.641025641025641,343,12
590,Organic Search,2024-04-10 12:00:00,66,78,46,57.974358974359,0.696969696969697,4.0,0.58974358974359,312,12
591,Organic Search,2024-04-16 18:00:00,66,80,38,39.5375,0.575757575757576,3.5625,0.475,285,18
592,Organic Search,2024-04-18 12:00:00,66,80,43,37.675,0.651515151515152,3.5,0.5375,280,12
593,Organic Search,2024-04-19 23:00:00,66,75,48,52.5733333333333,0.727272727272727,4.25333333333333,0.64,319,23
594,Organic Search,2024-04-29 12:00:00,66,74,49,39.9459459459459,0.742424242424242,4.17567567567568,0.662162162162162,309,12
595,Organic Search,2024-05-02 21:00:00,66,76,45,37.5526315789474,0.681818181818182,4.0921052631579,0.592105263157895,311,21
596,Organic Search,2024-05-02 22:00:00,66,75,45,26.72,0.681818181818182,3.64,0.6,273,22
597,Organic Social,2024-04-06 22:00:00,66,87,37,81.264367816092,0.560606060606061,4.77011494252874,0.425287356321839,415,22
598,Organic Social,2024-04-09 21:00:00,66,78,41,30.448717948718,0.621212121212121,4.5,0.525641025641026,351,21
599,Organic Social,2024-04-12 01:00:00,66,82,47,34.2804878048781,0.712121212121212,5.14634146341463,0.573170731707317,422,1
600,Organic Social,2024-04-14 10:00:00,66,86,39,23.0697674418605,0.590909090909091,4.30232558139535,0.453488372093023,370,10
601,Organic Social,2024-04-16 09:00:00,66,84,50,49.2380952380952,0.757575757575758,4.64285714285714,0.595238095238095,390,9
602,Organic Social,2024-05-01 14:00:00,66,77,45,35.3896103896104,0.681818181818182,4.61038961038961,0.584415584415584,355,14
603,Referral,2024-04-09 21:00:00,66,74,50,68.1216216216216,0.757575757575758,4.68918918918919,0.675675675675676,347,21
604,Referral,2024-04-11 12:00:00,66,68,54,119.705882352941,0.818181818181818,6.60294117647059,0.794117647058824,449,12
605,Referral,2024-04-17 10:00:00,66,74,50,94.7837837837838,0.757575757575758,6.33783783783784,0.675675675675676,469,10
606,Referral,2024-04-26 19:00:00,66,73,51,78.3835616438356,0.772727272727273,6.31506849315069,0.698630136986301,461,19
607,Referral,2024-05-01 17:00:00,66,76,49,87.8289473684211,0.742424242424242,4.80263157894737,0.644736842105263,365,17
608,Referral,2024-05-01 22:00:00,66,70,47,75.1571428571429,0.712121212121212,6.67142857142857,0.671428571428571,467,22
609,Referral,2024-05-02 19:00:00,66,73,44,61.1095890410959,0.666666666666667,5.57534246575342,0.602739726027397,407,19
610,Referral,2024-05-02 21:00:00,66,70,49,76.1571428571429,0.742424242424242,5.25714285714286,0.7,368,21
611,Referral,2024-05-03 22:00:00,66,72,44,72.0694444444444,0.666666666666667,4.29166666666667,0.611111111111111,309,22
612,Direct,2024-04-08 15:00:00,65,70,30,51.4428571428571,0.461538461538462,4.35714285714286,0.428571428571429,305,15
613,Direct,2024-04-13 22:00:00,65,78,35,37.3205128205128,0.538461538461538,4.06410256410256,0.448717948717949,317,22
614,Direct,2024-04-16 12:00:00,65,77,41,39.0519480519481,0.630769230769231,3.92207792207792,0.532467532467532,302,12
615,Direct,2024-04-16 19:00:00,65,76,36,40.078947368421105,0.553846153846154,4.18421052631579,0.473684210526316,318,19
616,Direct,2024-04-18 00:00:00,65,87,41,96.5977011494253,0.630769230769231,4.73563218390805,0.471264367816092,412,0
617,Direct,2024-04-18 17:00:00,65,75,39,48.5733333333333,0.6,3.76,0.52,282,17
618,Direct,2024-04-19 12:00:00,65,82,41,45.70731707317071,0.630769230769231,3.96341463414634,0.5,325,12
619,Direct,2024-04-23 14:00:00,65,82,39,61.9634146341463,0.6,4.59756097560976,0.475609756097561,377,14
620,Direct,2024-04-25 11:00:00,65,76,49,54.0,0.753846153846154,4.25,0.644736842105263,323,11
621,Direct,2024-04-30 20:00:00,65,79,44,66.2025316455696,0.676923076923077,5.12658227848101,0.556962025316456,405,20
622,Direct,2024-05-01 17:00:00,65,81,34,16.8765432098765,0.523076923076923,3.54320987654321,0.419753086419753,287,17
623,Organic Search,2024-04-09 12:00:00,65,67,46,77.8059701492537,0.707692307692308,4.16417910447761,0.686567164179105,279,12
624,Organic Search,2024-04-09 13:00:00,65,78,45,97.4358974358974,0.692307692307692,3.87179487179487,0.576923076923077,302,13
625,Organic Search,2024-04-09 22:00:00,65,81,50,66.5308641975309,0.769230769230769,4.48148148148148,0.617283950617284,363,22
626,Organic Search,2024-04-13 10:00:00,65,72,49,55.6527777777778,0.753846153846154,4.83333333333333,0.680555555555556,348,10
627,Organic Search,2024-04-17 19:00:00,65,77,46,42.2597402597403,0.707692307692308,3.46753246753247,0.597402597402597,267,19
628,Organic Search,2024-04-19 21:00:00,65,74,46,45.472972972973,0.707692307692308,4.10810810810811,0.621621621621622,304,21
629,Organic Search,2024-04-23 16:00:00,65,75,46,47.9466666666667,0.707692307692308,3.72,0.613333333333333,279,16
630,Organic Search,2024-04-24 19:00:00,65,76,48,53.3815789473684,0.738461538461539,5.13157894736842,0.631578947368421,390,19
631,Organic Search,2024-04-24 20:00:00,65,72,40,43.2222222222222,0.615384615384615,3.875,0.555555555555556,279,20
632,Organic Search,2024-04-29 18:00:00,65,73,44,39.3287671232877,0.676923076923077,4.41095890410959,0.602739726027397,322,18
633,Organic Search,2024-04-29 20:00:00,65,78,47,54.33333333333329,0.723076923076923,4.19230769230769,0.602564102564103,327,20
634,Organic Search,2024-04-30 19:00:00,65,79,47,39.7088607594937,0.723076923076923,4.06329113924051,0.594936708860759,321,19
635,Organic Search,2024-05-01 22:00:00,65,79,49,65.6835443037975,0.753846153846154,4.40506329113924,0.620253164556962,348,22
636,Organic Social,2024-04-06 00:00:00,65,108,46,19.8611111111111,0.707692307692308,3.8981481481481506,0.425925925925926,421,0
637,Organic Social,2024-04-06 15:00:00,65,78,41,74.974358974359,0.630769230769231,5.03846153846154,0.525641025641026,393,15
638,Organic Social,2024-04-10 01:00:00,65,95,43,59.1157894736842,0.661538461538462,4.32631578947368,0.452631578947368,411,1
639,Organic Social,2024-04-24 22:00:00,65,82,47,49.2439024390244,0.723076923076923,5.17073170731707,0.573170731707317,424,22
640,Referral,2024-04-11 17:00:00,65,75,50,54.6266666666667,0.769230769230769,5.77333333333333,0.666666666666667,433,17
641,Referral,2024-04-22 11:00:00,65,73,52,75.5753424657534,0.8,5.1506849315068495,0.712328767123288,376,11
642,Referral,2024-04-30 11:00:00,65,74,55,81.1351351351351,0.846153846153846,6.25675675675676,0.743243243243243,463,11
643,Referral,2024-05-02 22:00:00,65,78,45,61.6410256410256,0.692307692307692,5.37179487179487,0.576923076923077,419,22
644,Direct,2024-04-12 18:00:00,64,86,31,34.9883720930233,0.484375,3.38372093023256,0.36046511627907,291,18
645,Direct,2024-04-22 20:00:00,64,88,35,37.4431818181818,0.546875,3.93181818181818,0.397727272727273,346,20
646,Direct,2024-04-23 11:00:00,64,75,45,32.7333333333333,0.703125,4.12,0.6,309,11
647,Direct,2024-04-23 18:00:00,64,76,37,67.4605263157895,0.578125,4.48684210526316,0.486842105263158,341,18
648,Direct,2024-04-25 21:00:00,64,82,28,29.6829268292683,0.4375,3.92682926829268,0.341463414634146,322,21
649,Direct,2024-04-26 21:00:00,64,74,43,57.3918918918919,0.671875,4.567567567567569,0.581081081081081,338,21
650,Direct,2024-04-28 19:00:00,64,85,40,58.2941176470588,0.625,4.64705882352941,0.470588235294118,395,19
651,Direct,2024-05-02 20:00:00,64,79,24,28.493670886076,0.375,3.9873417721519,0.30379746835443,315,20
652,Direct,2024-05-03 16:00:00,64,77,30,23.0779220779221,0.46875,4.37662337662338,0.38961038961039,337,16
653,Organic Search,2024-04-08 16:00:00,64,70,45,102.9,0.703125,4.61428571428571,0.642857142857143,323,16
654,Organic Search,2024-04-09 20:00:00,64,78,45,32.1666666666667,0.703125,3.58974358974359,0.576923076923077,280,20
655,Organic Search,2024-04-11 18:00:00,64,72,39,49.70833333333329,0.609375,4.34722222222222,0.541666666666667,313,18
656,Organic Search,2024-04-11 19:00:00,64,69,41,74.9565217391304,0.640625,4.65217391304348,0.594202898550725,321,19
657,Organic Search,2024-04-11 22:00:00,64,76,45,42.4473684210526,0.703125,3.73684210526316,0.592105263157895,284,22
658,Organic Search,2024-04-16 13:00:00,64,76,37,27.8289473684211,0.578125,3.90789473684211,0.486842105263158,297,13
659,Organic Search,2024-04-19 15:00:00,64,77,42,36.6753246753247,0.65625,4.02597402597403,0.545454545454545,310,15
660,Organic Search,2024-04-22 15:00:00,64,75,41,45.1866666666667,0.640625,3.48,0.546666666666667,261,15
661,Organic Search,2024-05-02 14:00:00,64,76,44,62.7105263157895,0.6875,4.210526315789471,0.578947368421053,320,14
662,Organic Search,2024-05-03 14:00:00,64,74,47,45.8243243243243,0.734375,4.91891891891892,0.635135135135135,364,14
663,Organic Social,2024-04-10 20:00:00,64,81,47,37.160493827160494,0.734375,4.7283950617284,0.580246913580247,383,20
664,Organic Social,2024-04-20 16:00:00,64,71,53,47.0,0.828125,5.16901408450704,0.746478873239437,367,16
665,Organic Social,2024-04-21 16:00:00,64,82,42,39.8536585365854,0.65625,4.01219512195122,0.51219512195122,329,16
666,Organic Social,2024-04-28 14:00:00,64,78,44,67.2692307692308,0.6875,4.83333333333333,0.564102564102564,377,14
667,Referral,2024-04-10 14:00:00,64,72,46,63.20833333333329,0.71875,5.20833333333333,0.638888888888889,375,14
668,Referral,2024-04-17 18:00:00,64,76,52,56.4078947368421,0.8125,4.8421052631579,0.68421052631579,368,18
669,Referral,2024-04-18 17:00:00,64,67,45,120.820895522388,0.703125,6.3134328358209,0.671641791044776,423,17
670,Referral,2024-04-24 23:00:00,64,76,45,74.4868421052632,0.703125,4.82894736842105,0.592105263157895,367,23
671,Referral,2024-04-30 12:00:00,64,71,46,114.521126760563,0.71875,5.83098591549296,0.647887323943662,414,12
672,Referral,2024-04-30 21:00:00,64,70,46,78.3428571428571,0.71875,5.68571428571429,0.657142857142857,398,21
673,Referral,2024-05-01 10:00:00,64,71,50,75.6056338028169,0.78125,6.01408450704225,0.704225352112676,427,10
674,Referral,2024-05-01 18:00:00,64,69,55,128.840579710145,0.859375,6.95652173913044,0.797101449275362,480,18
675,Direct,2024-04-08 11:00:00,63,77,36,43.012987012987,0.571428571428571,4.32467532467533,0.467532467532468,333,11
676,Direct,2024-04-14 21:00:00,63,75,29,46.4266666666667,0.46031746031746,5.57333333333333,0.386666666666667,418,21
677,Direct,2024-04-15 18:00:00,63,74,32,53.3648648648649,0.507936507936508,3.63513513513514,0.432432432432432,269,18
678,Direct,2024-04-15 19:00:00,63,72,31,43.7777777777778,0.492063492063492,4.65277777777778,0.430555555555556,335,19
679,Direct,2024-04-18 13:00:00,63,77,40,48.974025974026,0.634920634920635,5.0,0.519480519480519,385,13
680,Direct,2024-04-19 16:00:00,63,78,43,54.9358974358974,0.682539682539683,4.70512820512821,0.551282051282051,367,16
681,Direct,2024-04-25 14:00:00,63,76,39,64.8815789473684,0.619047619047619,5.01315789473684,0.513157894736842,381,14
682,Direct,2024-04-25 23:00:00,63,70,34,44.1285714285714,0.53968253968254,4.55714285714286,0.485714285714286,319,23
683,Direct,2024-04-30 11:00:00,63,73,32,59.9452054794521,0.507936507936508,5.23287671232877,0.438356164383562,382,11
684,Direct,2024-05-01 19:00:00,63,81,32,21.6666666666667,0.507936507936508,3.95061728395062,0.395061728395062,320,19
685,Direct,2024-05-02 19:00:00,63,84,41,59.2976190476191,0.650793650793651,4.66666666666667,0.488095238095238,392,19
686,Organic Search,2024-04-09 21:00:00,63,80,41,39.1375,0.650793650793651,3.6,0.5125,288,21
687,Organic Search,2024-04-10 16:00:00,63,71,42,81.056338028169,0.666666666666667,4.29577464788732,0.591549295774648,305,16
688,Organic Search,2024-04-15 10:00:00,63,75,45,70.6133333333333,0.714285714285714,4.89333333333333,0.6,367,10
689,Organic Search,2024-04-16 17:00:00,63,71,38,40.436619718309906,0.603174603174603,3.73239436619718,0.535211267605634,265,17
690,Organic Search,2024-04-16 21:00:00,63,72,45,31.1388888888889,0.714285714285714,4.125,0.625,297,21
691,Organic Search,2024-04-18 13:00:00,63,73,41,47.2876712328767,0.650793650793651,3.73972602739726,0.561643835616438,273,13
692,Organic Search,2024-04-22 13:00:00,63,72,42,50.58333333333329,0.666666666666667,4.38888888888889,0.583333333333333,316,13
693,Organic Search,2024-04-22 19:00:00,63,74,39,36.7432432432432,0.619047619047619,4.0,0.527027027027027,296,19
694,Organic Search,2024-04-24 11:00:00,63,70,40,74.5857142857143,0.634920634920635,5.5,0.571428571428571,385,11
695,Organic Search,2024-04-25 19:00:00,63,68,35,61.9852941176471,0.555555555555556,3.05882352941176,0.514705882352941,208,19
696,Organic Search,2024-05-01 19:00:00,63,70,36,47.9428571428571,0.571428571428571,4.98571428571429,0.514285714285714,349,19
697,Organic Search,2024-05-03 12:00:00,63,74,52,59.8783783783784,0.825396825396825,4.90540540540541,0.702702702702703,363,12
698,Organic Social,2024-04-10 22:00:00,63,78,44,38.1025641025641,0.698412698412698,5.25641025641026,0.564102564102564,410,22
699,Organic Social,2024-04-13 10:00:00,63,82,50,64.7682926829268,0.793650793650794,5.63414634146341,0.609756097560976,462,10
700,Organic Social,2024-04-13 15:00:00,63,87,45,45.1149425287356,0.714285714285714,4.74712643678161,0.517241379310345,413,15
701,Organic Social,2024-04-20 11:00:00,63,80,51,67.525,0.80952380952381,5.9,0.6375,472,11
702,Organic Social,2024-04-20 15:00:00,63,71,53,87.7887323943662,0.841269841269841,5.6056338028169,0.746478873239437,398,15
703,Organic Social,2024-04-21 21:00:00,63,74,44,38.9324324324324,0.698412698412698,5.12162162162162,0.594594594594595,379,21
704,Referral,2024-04-09 18:00:00,63,72,47,75.8472222222222,0.746031746031746,5.25,0.652777777777778,378,18
705,Referral,2024-04-10 11:00:00,63,69,48,80.7101449275362,0.761904761904762,6.95652173913044,0.695652173913044,480,11
706,Referral,2024-04-18 19:00:00,63,76,49,134.618421052632,0.777777777777778,5.06578947368421,0.644736842105263,385,19
707,Referral,2024-04-24 12:00:00,63,75,51,72.6,0.80952380952381,5.38666666666667,0.68,404,12
708,Referral,2024-05-01 11:00:00,63,68,53,127.029411764706,0.841269841269841,7.23529411764706,0.779411764705882,492,11
709,Referral,2024-05-02 13:00:00,63,73,51,114.109589041096,0.80952380952381,6.82191780821918,0.698630136986301,498,13
710,Direct,2024-04-15 14:00:00,62,77,38,41.9090909090909,0.612903225806452,4.4025974025974,0.493506493506494,339,14
711,Direct,2024-04-16 11:00:00,62,79,37,53.7848101265823,0.596774193548387,4.17721518987342,0.468354430379747,330,11
712,Direct,2024-04-17 10:00:00,62,72,34,37.04166666666671,0.548387096774194,4.01388888888889,0.472222222222222,289,10
713,Direct,2024-04-17 13:00:00,62,80,39,38.3375,0.629032258064516,4.0375,0.4875,323,13
714,Direct,2024-04-23 20:00:00,62,71,32,40.85915492957751,0.516129032258065,3.9014084507042304,0.450704225352113,277,20
715,Direct,2024-04-26 16:00:00,62,69,39,59.7101449275362,0.629032258064516,3.79710144927536,0.565217391304348,262,16
716,Direct,2024-05-03 17:00:00,62,77,32,93.2467532467532,0.516129032258065,4.64935064935065,0.415584415584416,358,17
717,Organic Search,2024-04-22 14:00:00,62,73,35,18.3972602739726,0.564516129032258,3.36986301369863,0.479452054794521,246,14
718,Organic Search,2024-04-23 12:00:00,62,71,40,46.5492957746479,0.645161290322581,3.9859154929577505,0.563380281690141,283,12
719,Organic Search,2024-04-25 12:00:00,62,81,43,61.283950617284,0.693548387096774,4.90123456790123,0.530864197530864,397,12
720,Organic Search,2024-05-02 10:00:00,62,71,51,70.3239436619718,0.82258064516129,4.66197183098592,0.71830985915493,331,10
721,Organic Social,2024-04-07 10:00:00,62,84,48,49.58333333333329,0.774193548387097,4.92857142857143,0.571428571428571,414,10
722,Organic Social,2024-04-08 23:00:00,62,75,44,55.1733333333333,0.709677419354839,5.28,0.586666666666667,396,23
723,Organic Social,2024-04-09 22:00:00,62,80,39,35.6625,0.629032258064516,5.0875,0.4875,407,22
724,Organic Social,2024-04-14 09:00:00,62,84,41,31.7142857142857,0.661290322580645,4.42857142857143,0.488095238095238,372,9
725,Organic Social,2024-04-19 13:00:00,62,81,41,39.320987654321,0.661290322580645,4.96296296296296,0.506172839506173,402,13
726,Organic Social,2024-04-20 14:00:00,62,72,52,73.6666666666667,0.838709677419355,6.27777777777778,0.722222222222222,452,14
727,Organic Social,2024-04-28 08:00:00,62,71,46,48.0845070422535,0.741935483870968,4.80281690140845,0.647887323943662,341,8
728,Referral,2024-04-08 10:00:00,62,66,54,131.060606060606,0.870967741935484,7.0,0.818181818181818,462,10
729,Referral,2024-04-12 20:00:00,62,65,54,102.815384615385,0.870967741935484,9.49230769230769,0.830769230769231,617,20
730,Referral,2024-04-15 19:00:00,62,68,50,106.455882352941,0.806451612903226,6.51470588235294,0.735294117647059,443,19
731,Referral,2024-04-17 11:00:00,62,72,49,94.2638888888889,0.790322580645161,5.33333333333333,0.680555555555556,384,11
732,Referral,2024-04-24 15:00:00,62,76,54,104.092105263158,0.870967741935484,6.25,0.710526315789474,475,15
733,Referral,2024-04-25 11:00:00,62,72,49,81.9583333333333,0.790322580645161,6.01388888888889,0.680555555555556,433,11
734,Referral,2024-04-29 15:00:00,62,66,45,92.4242424242424,0.725806451612903,8.98484848484848,0.681818181818182,593,15
735,Direct,2024-04-10 13:00:00,61,69,32,46.1594202898551,0.524590163934426,4.46376811594203,0.463768115942029,308,13
736,Direct,2024-04-12 12:00:00,61,78,33,22.7564102564103,0.540983606557377,3.35897435897436,0.423076923076923,262,12
737,Direct,2024-04-12 21:00:00,61,77,27,41.064935064935106,0.442622950819672,4.25974025974026,0.350649350649351,328,21
738,Direct,2024-04-15 17:00:00,61,80,39,48.4875,0.639344262295082,3.925,0.4875,314,17
739,Direct,2024-04-22 22:00:00,61,77,40,56.2207792207792,0.655737704918033,3.7012987012987,0.519480519480519,285,22
740,Direct,2024-04-29 12:00:00,61,74,40,91.0675675675676,0.655737704918033,5.0945945945946,0.540540540540541,377,12
741,Direct,2024-04-30 18:00:00,61,72,32,42.7222222222222,0.524590163934426,4.63888888888889,0.444444444444444,334,18
742,Direct,2024-04-30 19:00:00,61,74,32,22.7297297297297,0.524590163934426,3.36486486486487,0.432432432432432,249,19
743,Direct,2024-05-01 23:00:00,61,81,33,37.7654320987654,0.540983606557377,4.18518518518519,0.407407407407407,339,23
744,Organic Search,2024-04-08 19:00:00,61,67,40,27.7164179104478,0.655737704918033,3.58208955223881,0.597014925373134,240,19
745,Organic Search,2024-04-12 20:00:00,61,74,43,48.9189189189189,0.704918032786885,3.74324324324324,0.581081081081081,277,20
746,Organic Search,2024-04-13 20:00:00,61,70,33,47.88571428571431,0.540983606557377,3.91428571428571,0.471428571428571,274,20
747,Organic Search,2024-04-14 23:00:00,61,69,34,45.5797101449275,0.557377049180328,3.42028985507246,0.492753623188406,236,23
748,Organic Search,2024-04-15 13:00:00,61,72,43,71.7083333333333,0.704918032786885,4.20833333333333,0.597222222222222,303,13
749,Organic Search,2024-04-26 18:00:00,61,66,40,60.9848484848485,0.655737704918033,4.3030303030303,0.606060606060606,284,18
750,Organic Search,2024-04-27 14:00:00,61,69,36,33.4492753623188,0.59016393442623,3.9855072463768098,0.521739130434783,275,14
751,Organic Search,2024-04-30 20:00:00,61,73,46,48.5616438356164,0.754098360655738,4.12328767123288,0.63013698630137,301,20
752,Organic Social,2024-04-06 09:00:00,61,79,45,48.8860759493671,0.737704918032787,4.93670886075949,0.569620253164557,390,9
753,Organic Social,2024-04-07 01:00:00,61,84,47,61.226190476190496,0.770491803278689,5.14285714285714,0.55952380952381,432,1
754,Organic Social,2024-04-17 01:00:00,61,95,35,45.9789473684211,0.573770491803279,4.52631578947368,0.368421052631579,430,1
755,Organic Social,2024-04-19 01:00:00,61,83,37,37.0240963855422,0.60655737704918,3.50602409638554,0.445783132530121,291,1
756,Organic Social,2024-04-21 18:00:00,61,70,48,41.5714285714286,0.786885245901639,5.25714285714286,0.685714285714286,368,18
757,Referral,2024-04-06 12:00:00,61,67,49,93.6865671641791,0.80327868852459,7.17910447761194,0.73134328358209,481,12
758,Referral,2024-04-11 21:00:00,61,69,42,82.1449275362319,0.688524590163934,5.49275362318841,0.608695652173913,379,21
759,Referral,2024-04-11 22:00:00,61,69,42,91.1159420289855,0.688524590163934,6.66666666666667,0.608695652173913,460,22
760,Referral,2024-04-18 22:00:00,61,68,44,62.3529411764706,0.721311475409836,5.33823529411765,0.647058823529412,363,22
761,Referral,2024-04-23 17:00:00,61,70,45,53.6285714285714,0.737704918032787,5.12857142857143,0.642857142857143,359,17
762,Referral,2024-04-24 13:00:00,61,65,43,43.6461538461538,0.704918032786885,4.63076923076923,0.661538461538462,301,13
763,Referral,2024-04-29 18:00:00,61,64,48,100.046875,0.786885245901639,6.078125,0.75,389,18
764,Referral,2024-05-01 23:00:00,61,65,43,114.876923076923,0.704918032786885,5.86153846153846,0.661538461538462,381,23
765,Direct,2024-04-06 00:00:00,60,66,40,97.5909090909091,0.666666666666667,4.03030303030303,0.606060606060606,266,0
766,Direct,2024-04-07 15:00:00,60,73,35,52.5890410958904,0.583333333333333,4.45205479452055,0.479452054794521,325,15
767,Direct,2024-04-13 18:00:00,60,76,31,23.9605263157895,0.516666666666667,3.28947368421053,0.407894736842105,250,18
768,Direct,2024-04-22 14:00:00,60,77,39,51.298701298701296,0.65,4.23376623376623,0.506493506493506,326,14
769,Direct,2024-04-26 17:00:00,60,74,33,33.9189189189189,0.55,3.6486486486486496,0.445945945945946,270,17
770,Direct,2024-04-28 23:00:00,60,66,36,92.7121212121212,0.6,5.98484848484848,0.545454545454545,395,23
771,Direct,2024-05-02 15:00:00,60,71,31,42.6901408450704,0.516666666666667,3.87323943661972,0.436619718309859,275,15
772,Direct,2024-05-02 21:00:00,60,74,34,51.3513513513514,0.566666666666667,4.47297297297297,0.45945945945946,331,21
773,Organic Search,2024-04-07 20:00:00,60,64,42,49.171875,0.7,4.59375,0.65625,294,20
774,Organic Search,2024-04-09 18:00:00,60,65,38,25.4,0.633333333333333,3.6,0.584615384615385,234,18
775,Organic Search,2024-04-10 19:00:00,60,69,41,35.0724637681159,0.683333333333333,3.47826086956522,0.594202898550725,240,19
776,Organic Search,2024-04-12 16:00:00,60,69,37,37.304347826087,0.616666666666667,3.68115942028986,0.536231884057971,254,16
777,Organic Search,2024-04-14 12:00:00,60,66,40,36.378787878787904,0.666666666666667,4.227272727272729,0.606060606060606,279,12
778,Organic Search,2024-04-16 19:00:00,60,71,40,21.3943661971831,0.666666666666667,3.47887323943662,0.563380281690141,247,19
779,Organic Search,2024-04-17 17:00:00,60,67,42,58.7761194029851,0.7,3.44776119402985,0.626865671641791,231,17
780,Organic Search,2024-04-19 12:00:00,60,75,44,35.2533333333333,0.733333333333333,3.30666666666667,0.586666666666667,248,12
781,Organic Search,2024-04-19 22:00:00,60,70,42,38.3285714285714,0.7,4.45714285714286,0.6,312,22
782,Organic Search,2024-04-22 10:00:00,60,69,45,36.9855072463768,0.75,4.63768115942029,0.652173913043478,320,10
783,Organic Search,2024-04-30 12:00:00,60,75,42,54.24,0.7,4.64,0.56,348,12
784,Organic Search,2024-05-01 20:00:00,60,66,42,56.9848484848485,0.7,3.92424242424242,0.636363636363636,259,20
785,Organic Search,2024-05-03 11:00:00,60,75,42,42.0533333333333,0.7,3.93333333333333,0.56,295,11
786,Organic Social,2024-04-06 23:00:00,60,81,34,29.2222222222222,0.566666666666667,3.77777777777778,0.419753086419753,306,23
787,Organic Social,2024-04-08 09:00:00,60,69,44,123.144927536232,0.733333333333333,5.36231884057971,0.63768115942029,370,9
788,Organic Social,2024-04-11 09:00:00,60,79,39,48.4683544303798,0.65,4.25316455696203,0.493670886075949,336,9
789,Organic Social,2024-04-12 23:00:00,60,68,40,61.1470588235294,0.666666666666667,5.77941176470588,0.588235294117647,393,23
790,Referral,2024-04-08 20:00:00,60,70,42,51.61428571428569,0.7,4.72857142857143,0.6,331,20
791,Referral,2024-04-09 22:00:00,60,72,46,89.1388888888889,0.766666666666667,6.43055555555556,0.638888888888889,463,22
792,Referral,2024-04-16 21:00:00,60,72,44,88.75,0.733333333333333,5.15277777777778,0.611111111111111,371,21
793,Referral,2024-04-17 16:00:00,60,65,51,72.6769230769231,0.85,5.92307692307692,0.784615384615385,385,16
794,Referral,2024-04-18 11:00:00,60,68,50,74.3823529411765,0.833333333333333,7.30882352941176,0.735294117647059,497,11
795,Referral,2024-04-22 12:00:00,60,71,53,105.746478873239,0.883333333333333,7.84507042253521,0.746478873239437,557,12
796,Referral,2024-04-23 13:00:00,60,69,47,88.536231884058,0.783333333333333,5.56521739130435,0.681159420289855,384,13
797,Referral,2024-04-24 18:00:00,60,71,37,68.4225352112676,0.616666666666667,4.77464788732394,0.52112676056338,339,18
798,Referral,2024-04-26 11:00:00,60,70,48,106.028571428571,0.8,5.47142857142857,0.685714285714286,383,11
799,Referral,2024-04-27 20:00:00,60,67,45,67.6417910447761,0.75,5.0,0.671641791044776,335,20
800,Referral,2024-04-29 22:00:00,60,68,46,85.0441176470588,0.766666666666667,4.60294117647059,0.676470588235294,313,22
801,Referral,2024-05-03 18:00:00,60,67,48,110.0,0.8,6.41791044776119,0.716417910447761,430,18
802,Referral,2024-05-03 19:00:00,60,67,41,140.671641791045,0.683333333333333,6.38805970149254,0.611940298507463,428,19
803,Direct,2024-04-07 22:00:00,59,71,30,25.7746478873239,0.508474576271186,4.04225352112676,0.422535211267606,287,22
804,Direct,2024-04-08 12:00:00,59,78,35,26.6538461538462,0.593220338983051,3.94871794871795,0.448717948717949,308,12
805,Direct,2024-04-09 18:00:00,59,67,30,31.089552238806,0.508474576271186,3.91044776119403,0.447761194029851,262,18
806,Direct,2024-04-10 10:00:00,59,71,30,47.5211267605634,0.508474576271186,4.57746478873239,0.422535211267606,325,10
807,Direct,2024-04-12 13:00:00,59,69,26,33.6086956521739,0.440677966101695,4.36231884057971,0.376811594202899,301,13
808,Direct,2024-04-13 23:00:00,59,65,32,88.8,0.542372881355932,4.81538461538462,0.492307692307692,313,23
809,Direct,2024-04-15 16:00:00,59,77,31,29.5714285714286,0.525423728813559,3.7012987012987,0.402597402597403,285,16
810,Direct,2024-04-15 20:00:00,59,86,31,66.8720930232558,0.525423728813559,4.09302325581395,0.36046511627907,352,20
811,Direct,2024-04-19 10:00:00,59,68,32,46.6323529411765,0.542372881355932,4.20588235294118,0.470588235294118,286,10
812,Direct,2024-04-21 22:00:00,59,75,35,54.84,0.593220338983051,4.2,0.466666666666667,315,22
813,Direct,2024-04-24 16:00:00,59,69,36,95.4492753623188,0.610169491525424,4.17391304347826,0.521739130434783,288,16
814,Direct,2024-04-26 20:00:00,59,70,36,51.0571428571429,0.610169491525424,5.14285714285714,0.514285714285714,360,20
815,Direct,2024-04-28 20:00:00,59,71,39,47.7746478873239,0.661016949152542,4.01408450704225,0.549295774647887,285,20
816,Direct,2024-04-28 22:00:00,59,76,27,43.3947368421053,0.457627118644068,4.05263157894737,0.355263157894737,308,22
817,Direct,2024-04-30 10:00:00,59,73,37,33.7260273972603,0.627118644067797,4.08219178082192,0.506849315068493,298,10
818,Direct,2024-04-30 17:00:00,59,68,28,38.9411764705882,0.474576271186441,5.36764705882353,0.411764705882353,365,17
819,Direct,2024-05-03 00:00:00,59,70,28,20.9428571428571,0.474576271186441,4.31428571428571,0.4,302,0
820,Direct,2024-05-03 19:00:00,59,77,28,40.5974025974026,0.474576271186441,4.727272727272729,0.363636363636364,364,19
821,Organic Search,2024-04-10 18:00:00,59,68,32,42.6617647058824,0.542372881355932,3.80882352941176,0.470588235294118,259,18
822,Organic Search,2024-04-14 21:00:00,59,71,35,50.0,0.593220338983051,4.30985915492958,0.492957746478873,306,21
823,Organic Search,2024-04-19 17:00:00,59,68,40,75.7352941176471,0.677966101694915,3.75,0.588235294117647,255,17
824,Organic Search,2024-04-19 18:00:00,59,68,45,37.2352941176471,0.76271186440678,4.05882352941176,0.661764705882353,276,18
825,Organic Search,2024-04-23 22:00:00,59,74,47,45.8108108108108,0.796610169491525,4.04054054054054,0.635135135135135,299,22
826,Organic Search,2024-04-24 23:00:00,59,71,44,24.5211267605634,0.745762711864407,3.69014084507042,0.619718309859155,262,23
827,Organic Search,2024-04-25 17:00:00,59,67,46,43.985074626865696,0.779661016949153,4.16417910447761,0.686567164179105,279,17
828,Organic Search,2024-04-29 21:00:00,59,78,35,39.1025641025641,0.593220338983051,3.64102564102564,0.448717948717949,284,21
829,Organic Search,2024-05-02 16:00:00,59,67,39,51.4626865671642,0.661016949152542,3.71641791044776,0.582089552238806,249,16
830,Organic Search,2024-05-02 20:00:00,59,69,40,34.3478260869565,0.677966101694915,4.84057971014493,0.579710144927536,334,20
831,Organic Social,2024-04-16 17:00:00,59,83,39,36.903614457831296,0.661016949152542,4.31325301204819,0.469879518072289,358,17
832,Organic Social,2024-04-17 07:00:00,59,77,36,41.2727272727273,0.610169491525424,4.31168831168831,0.467532467532468,332,7
833,Organic Social,2024-04-20 01:00:00,59,78,47,48.9102564102564,0.796610169491525,5.48717948717949,0.602564102564103,428,1
834,Referral,2024-04-08 14:00:00,59,66,47,55.66666666666671,0.796610169491525,5.78787878787879,0.712121212121212,382,14
835,Referral,2024-04-12 15:00:00,59,67,38,129.179104477612,0.644067796610169,4.94029850746269,0.567164179104478,331,15
836,Referral,2024-04-17 13:00:00,59,72,39,84.875,0.661016949152542,5.20833333333333,0.541666666666667,375,13
837,Referral,2024-04-20 11:00:00,59,72,45,95.2083333333333,0.76271186440678,6.20833333333333,0.625,447,11
838,Referral,2024-04-22 15:00:00,59,65,42,76.3846153846154,0.711864406779661,4.61538461538462,0.646153846153846,300,15
839,Referral,2024-04-23 15:00:00,59,69,52,90.7246376811594,0.88135593220339,5.91304347826087,0.753623188405797,408,15
840,Referral,2024-04-23 20:00:00,59,65,47,102.261538461538,0.796610169491525,7.58461538461538,0.723076923076923,493,20
841,Referral,2024-04-25 14:00:00,59,66,39,95.7121212121212,0.661016949152542,5.09090909090909,0.590909090909091,336,14
842,Referral,2024-04-27 12:00:00,59,64,53,78.734375,0.898305084745763,6.546875,0.828125,419,12
843,Referral,2024-04-28 22:00:00,59,67,47,102.014925373134,0.796610169491525,7.26865671641791,0.701492537313433,487,22
844,Referral,2024-04-29 12:00:00,59,66,48,100.590909090909,0.813559322033898,5.59090909090909,0.727272727272727,369,12
845,Referral,2024-04-30 13:00:00,59,63,43,124.888888888889,0.728813559322034,5.82539682539683,0.682539682539683,367,13
846,Direct,2024-04-08 23:00:00,58,66,28,49.83333333333329,0.482758620689655,4.24242424242424,0.424242424242424,280,23
847,Direct,2024-04-14 18:00:00,58,69,32,43.2608695652174,0.551724137931035,3.49275362318841,0.463768115942029,241,18
848,Direct,2024-04-18 12:00:00,58,71,37,62.3802816901409,0.637931034482759,5.22535211267606,0.52112676056338,371,12
849,Direct,2024-04-18 14:00:00,58,73,30,69.6301369863014,0.517241379310345,4.23287671232877,0.410958904109589,309,14
850,Direct,2024-04-19 11:00:00,58,77,29,23.5194805194805,0.5,3.53246753246753,0.376623376623377,272,11
851,Direct,2024-04-19 15:00:00,58,71,40,53.9154929577465,0.689655172413793,3.88732394366197,0.563380281690141,276,15
852,Direct,2024-04-25 16:00:00,58,74,34,55.4864864864865,0.586206896551724,4.51351351351351,0.45945945945946,334,16
853,Direct,2024-04-26 12:00:00,58,76,43,83.0789473684211,0.741379310344828,4.0,0.565789473684211,304,12
854,Direct,2024-04-29 14:00:00,58,81,37,53.8024691358025,0.637931034482759,4.07407407407407,0.45679012345679,330,14
855,Direct,2024-04-29 17:00:00,58,77,34,52.1818181818182,0.586206896551724,4.38961038961039,0.441558441558442,338,17
856,Direct,2024-04-29 20:00:00,58,73,40,41.8904109589041,0.689655172413793,4.28767123287671,0.547945205479452,313,20
857,Direct,2024-04-30 13:00:00,58,69,34,35.8840579710145,0.586206896551724,3.9420289855072497,0.492753623188406,272,13
858,Direct,2024-05-02 12:00:00,58,70,33,66.3285714285714,0.568965517241379,3.9,0.471428571428571,273,12
859,Organic Search,2024-04-08 21:00:00,58,72,45,37.86111111111111,0.775862068965517,4.02777777777778,0.625,290,21
860,Organic Search,2024-04-10 11:00:00,58,68,44,51.6470588235294,0.758620689655172,3.58823529411765,0.647058823529412,244,11
861,Organic Search,2024-04-18 09:00:00,58,63,36,41.7619047619048,0.620689655172414,4.41269841269841,0.571428571428571,278,9
862,Organic Search,2024-04-22 16:00:00,58,68,39,55.2941176470588,0.672413793103448,4.36764705882353,0.573529411764706,297,16
863,Organic Search,2024-04-23 10:00:00,58,62,42,47.0,0.724137931034483,4.5,0.67741935483871,279,10
864,Organic Search,2024-04-25 13:00:00,58,67,36,46.6716417910448,0.620689655172414,4.52238805970149,0.537313432835821,303,13
865,Organic Search,2024-04-25 23:00:00,58,67,36,23.9402985074627,0.620689655172414,3.47761194029851,0.537313432835821,233,23
866,Organic Search,2024-04-26 12:00:00,58,64,44,50.953125,0.758620689655172,3.53125,0.6875,226,12
867,Organic Search,2024-04-26 13:00:00,58,76,41,51.4605263157895,0.706896551724138,4.460526315789471,0.539473684210526,339,13
868,Organic Search,2024-04-29 19:00:00,58,64,39,34.984375,0.672413793103448,3.78125,0.609375,242,19
869,Organic Search,2024-04-30 13:00:00,58,66,40,53.9545454545455,0.689655172413793,3.8333333333333295,0.606060606060606,253,13
870,Organic Social,2024-04-11 01:00:00,58,86,40,62.3372093023256,0.689655172413793,4.80232558139535,0.465116279069767,413,1
871,Organic Social,2024-04-11 12:00:00,58,73,40,58.1095890410959,0.689655172413793,6.02739726027397,0.547945205479452,440,12
872,Organic Social,2024-04-13 11:00:00,58,75,47,49.5466666666667,0.810344827586207,5.04,0.626666666666667,378,11
873,Organic Social,2024-04-16 08:00:00,58,82,44,36.4146341463415,0.758620689655172,5.09756097560976,0.536585365853659,418,8
874,Organic Social,2024-04-20 09:00:00,58,75,37,31.4666666666667,0.637931034482759,4.74666666666667,0.493333333333333,356,9
875,Organic Social,2024-04-28 01:00:00,58,93,34,11.4193548387097,0.586206896551724,3.53763440860215,0.365591397849462,329,1
876,Referral,2024-04-08 15:00:00,58,64,34,101.015625,0.586206896551724,5.03125,0.53125,322,15
877,Referral,2024-04-08 21:00:00,58,65,40,84.7846153846154,0.689655172413793,5.03076923076923,0.615384615384615,327,21
878,Referral,2024-04-10 20:00:00,58,64,50,101.859375,0.862068965517241,7.046875,0.78125,451,20
879,Referral,2024-04-10 21:00:00,58,64,45,91.78125,0.775862068965517,6.671875,0.703125,427,21
880,Referral,2024-04-22 10:00:00,58,66,45,71.6969696969697,0.775862068965517,5.24242424242424,0.681818181818182,346,10
881,Referral,2024-04-23 11:00:00,58,67,49,96.4179104477612,0.844827586206897,7.25373134328358,0.73134328358209,486,11
882,Referral,2024-04-23 16:00:00,58,76,39,39.4868421052632,0.672413793103448,4.82894736842105,0.513157894736842,367,16
883,Referral,2024-04-23 19:00:00,58,66,47,107.80303030303,0.810344827586207,8.0,0.712121212121212,528,19
884,Referral,2024-04-25 18:00:00,58,63,45,127.174603174603,0.775862068965517,7.33333333333333,0.714285714285714,462,18
885,Referral,2024-05-02 17:00:00,58,65,38,93.6153846153846,0.655172413793103,5.27692307692308,0.584615384615385,343,17
886,Referral,2024-05-03 17:00:00,58,64,39,92.390625,0.672413793103448,5.75,0.609375,368,17
887,Direct,2024-04-07 18:00:00,57,64,27,37.015625,0.473684210526316,4.53125,0.421875,290,18
888,Direct,2024-04-07 20:00:00,57,71,32,38.5070422535211,0.56140350877193,4.14084507042254,0.450704225352113,294,20
889,Direct,2024-04-08 10:00:00,57,70,31,57.5285714285714,0.543859649122807,4.2,0.442857142857143,294,10
890,Direct,2024-04-08 18:00:00,57,72,30,48.3055555555556,0.526315789473684,3.9166666666666705,0.416666666666667,282,18
891,Direct,2024-04-08 22:00:00,57,69,30,48.768115942029,0.526315789473684,4.710144927536231,0.434782608695652,325,22
892,Direct,2024-04-09 21:00:00,57,72,34,42.875,0.596491228070175,3.38888888888889,0.472222222222222,244,21
893,Direct,2024-04-10 18:00:00,57,72,29,80.2083333333333,0.508771929824561,4.43055555555556,0.402777777777778,319,18
894,Direct,2024-04-11 22:00:00,57,66,40,44.878787878787904,0.701754385964912,3.40909090909091,0.606060606060606,225,22
895,Direct,2024-04-12 00:00:00,57,73,27,44.8630136986301,0.473684210526316,3.05479452054795,0.36986301369863,223,0
896,Direct,2024-04-15 12:00:00,57,70,30,26.7428571428571,0.526315789473684,3.7,0.428571428571429,259,12
897,Direct,2024-04-16 10:00:00,57,67,35,45.044776119403,0.614035087719298,4.17910447761194,0.522388059701493,280,10
898,Direct,2024-04-19 14:00:00,57,78,33,65.025641025641,0.578947368421053,3.94871794871795,0.423076923076923,308,14
899,Direct,2024-04-20 13:00:00,57,65,39,78.7846153846154,0.68421052631579,4.78461538461538,0.6,311,13
900,Direct,2024-04-26 13:00:00,57,69,41,51.536231884058,0.719298245614035,4.26086956521739,0.594202898550725,294,13
901,Direct,2024-04-30 00:00:00,57,69,30,38.1884057971015,0.526315789473684,4.07246376811594,0.434782608695652,281,0
902,Direct,2024-05-03 13:00:00,57,64,30,17.84375,0.526315789473684,4.140625,0.46875,265,13
903,Direct,2024-05-03 23:00:00,57,67,32,44.1194029850746,0.56140350877193,4.67164179104478,0.477611940298507,313,23
904,Organic Search,2024-04-07 18:00:00,57,70,37,28.1714285714286,0.649122807017544,3.57142857142857,0.528571428571429,250,18
905,Organic Search,2024-04-08 13:00:00,57,65,35,60.3076923076923,0.614035087719298,4.46153846153846,0.538461538461538,290,13
906,Organic Search,2024-04-12 15:00:00,57,65,35,38.0615384615385,0.614035087719298,3.2,0.538461538461538,208,15
907,Organic Search,2024-04-14 18:00:00,57,62,40,31.5483870967742,0.701754385964912,3.79032258064516,0.645161290322581,235,18
908,Organic Search,2024-04-15 17:00:00,57,68,40,61.1764705882353,0.701754385964912,4.72058823529412,0.588235294117647,321,17
909,Organic Search,2024-04-15 21:00:00,57,71,32,39.5070422535211,0.56140350877193,3.56338028169014,0.450704225352113,253,21
910,Organic Search,2024-04-19 14:00:00,57,72,34,39.51388888888889,0.596491228070175,3.625,0.472222222222222,261,14
911,Organic Search,2024-04-22 17:00:00,57,65,36,64.5538461538462,0.631578947368421,4.8307692307692305,0.553846153846154,314,17
912,Organic Search,2024-04-22 21:00:00,57,68,37,65.9411764705882,0.649122807017544,4.61764705882353,0.544117647058824,314,21
913,Organic Search,2024-04-25 09:00:00,57,68,39,53.2352941176471,0.68421052631579,3.73529411764706,0.573529411764706,254,9
914,Organic Search,2024-05-02 17:00:00,57,63,34,30.3492063492063,0.596491228070175,3.74603174603175,0.53968253968254,236,17
915,Organic Search,2024-05-02 18:00:00,57,62,37,40.48387096774191,0.649122807017544,4.67741935483871,0.596774193548387,290,18
916,Organic Social,2024-04-09 00:00:00,57,85,43,51.7411764705882,0.754385964912281,5.09411764705882,0.505882352941176,433,0
917,Organic Social,2024-04-20 10:00:00,57,76,40,44.9342105263158,0.701754385964912,4.10526315789474,0.526315789473684,312,10
918,Organic Social,2024-04-20 13:00:00,57,70,43,41.4142857142857,0.754385964912281,4.47142857142857,0.614285714285714,313,13
919,Organic Social,2024-04-24 09:00:00,57,64,42,80.5,0.736842105263158,5.015625,0.65625,321,9
920,Organic Social,2024-04-27 01:00:00,57,72,43,28.3055555555556,0.754385964912281,5.25,0.597222222222222,378,1
921,Organic Social,2024-04-27 10:00:00,57,70,44,78.0571428571429,0.771929824561404,9.64285714285714,0.628571428571429,675,10
922,Organic Social,2024-05-02 09:00:00,57,76,38,68.7105263157895,0.666666666666667,4.17105263157895,0.5,317,9
923,Referral,2024-04-10 18:00:00,57,66,43,113.681818181818,0.754385964912281,5.63636363636364,0.651515151515152,372,18
924,Referral,2024-04-12 22:00:00,57,67,46,84.1194029850746,0.807017543859649,7.3134328358209,0.686567164179105,490,22
925,Referral,2024-04-16 11:00:00,57,65,47,77.5384615384615,0.824561403508772,6.43076923076923,0.723076923076923,418,11
926,Referral,2024-04-17 17:00:00,57,63,41,121.095238095238,0.719298245614035,5.87301587301587,0.650793650793651,370,17
927,Referral,2024-04-19 14:00:00,57,65,36,78.2307692307692,0.631578947368421,4.67692307692308,0.553846153846154,304,14
928,Referral,2024-04-24 21:00:00,57,65,46,74.2923076923077,0.807017543859649,5.44615384615385,0.707692307692308,354,21
929,Referral,2024-04-25 20:00:00,57,64,38,83.609375,0.666666666666667,4.953125,0.59375,317,20
930,Referral,2024-04-29 13:00:00,57,66,43,78.1060606060606,0.754385964912281,4.87878787878788,0.651515151515152,322,13
931,Referral,2024-04-29 14:00:00,57,62,49,116.241935483871,0.859649122807018,5.58064516129032,0.790322580645161,346,14
932,Referral,2024-04-30 10:00:00,57,67,44,66.5820895522388,0.771929824561404,4.92537313432836,0.656716417910448,330,10
933,Referral,2024-04-30 23:00:00,57,61,47,94.7540983606557,0.824561403508772,5.9672131147541,0.770491803278689,364,23
934,Direct,2024-04-09 14:00:00,56,64,34,101.296875,0.607142857142857,3.71875,0.53125,238,14
935,Direct,2024-04-10 11:00:00,56,61,33,29.1803278688525,0.589285714285714,3.73770491803279,0.540983606557377,228,11
936,Direct,2024-04-10 21:00:00,56,74,31,59.8648648648649,0.553571428571429,3.6486486486486496,0.418918918918919,270,21
937,Direct,2024-04-11 21:00:00,56,72,35,44.76388888888889,0.625,3.13888888888889,0.486111111111111,226,21
938,Direct,2024-04-12 09:00:00,56,62,25,31.9838709677419,0.446428571428571,3.66129032258065,0.403225806451613,227,9
939,Direct,2024-04-12 19:00:00,56,71,26,23.2535211267606,0.464285714285714,2.98591549295775,0.366197183098592,212,19
940,Direct,2024-04-13 21:00:00,56,71,44,41.436619718309906,0.785714285714286,4.92957746478873,0.619718309859155,350,21
941,Direct,2024-04-19 21:00:00,56,68,34,89.4117647058824,0.607142857142857,4.08823529411765,0.5,278,21
942,Direct,2024-04-23 17:00:00,56,65,37,47.0769230769231,0.660714285714286,5.23076923076923,0.569230769230769,340,17
943,Direct,2024-04-29 18:00:00,56,64,34,86.421875,0.607142857142857,4.78125,0.53125,306,18
944,Organic Search,2024-04-09 15:00:00,56,65,47,32.9230769230769,0.839285714285714,4.15384615384615,0.723076923076923,270,15
945,Organic Search,2024-04-10 10:00:00,56,66,36,55.7575757575758,0.642857142857143,4.28787878787879,0.545454545454545,283,10
946,Organic Search,2024-04-12 10:00:00,56,66,38,30.8181818181818,0.678571428571429,3.8030303030303,0.575757575757576,251,10
947,Organic Search,2024-04-13 16:00:00,56,65,42,40.4615384615385,0.75,4.23076923076923,0.646153846153846,275,16
948,Organic Search,2024-04-13 19:00:00,56,62,38,32.758064516129,0.678571428571429,3.87096774193548,0.612903225806452,240,19
949,Organic Search,2024-04-13 22:00:00,56,60,33,53.3666666666667,0.589285714285714,6.11666666666667,0.55,367,22
950,Organic Search,2024-04-15 11:00:00,56,64,36,56.96875,0.642857142857143,5.28125,0.5625,338,11
951,Organic Search,2024-04-21 20:00:00,56,60,38,40.08333333333329,0.678571428571429,3.7333333333333294,0.633333333333333,224,20
952,Organic Search,2024-04-24 18:00:00,56,63,43,53.1746031746032,0.767857142857143,4.76190476190476,0.682539682539683,300,18
953,Organic Search,2024-04-25 22:00:00,56,61,36,44.5409836065574,0.642857142857143,4.81967213114754,0.59016393442623,294,22
954,Organic Search,2024-04-26 11:00:00,56,61,44,105.622950819672,0.785714285714286,4.47540983606557,0.721311475409836,273,11
955,Organic Search,2024-04-26 14:00:00,56,68,36,64.1176470588235,0.642857142857143,4.44117647058824,0.529411764705882,302,14
956,Organic Search,2024-04-26 19:00:00,56,62,44,68.6129032258065,0.785714285714286,6.98387096774194,0.709677419354839,433,19
957,Organic Search,2024-05-02 15:00:00,56,64,39,63.84375,0.696428571428571,4.03125,0.609375,258,15
958,Organic Social,2024-04-06 17:00:00,56,67,34,47.2537313432836,0.607142857142857,4.76119402985075,0.507462686567164,319,17
959,Organic Social,2024-04-09 01:00:00,56,76,40,54.1447368421053,0.714285714285714,5.75,0.526315789473684,437,1
960,Organic Social,2024-04-17 03:00:00,56,71,33,40.1267605633803,0.589285714285714,4.50704225352113,0.464788732394366,320,3
961,Organic Social,2024-04-24 08:00:00,56,70,28,51.7714285714286,0.5,4.82857142857143,0.4,338,8
962,Organic Social,2024-04-27 08:00:00,56,64,40,42.90625,0.714285714285714,5.09375,0.625,326,8
963,Organic Social,2024-04-28 15:00:00,56,70,33,62.2,0.589285714285714,5.52857142857143,0.471428571428571,387,15
964,Referral,2024-04-08 23:00:00,56,65,36,42.8615384615385,0.642857142857143,4.6,0.553846153846154,299,23
965,Referral,2024-04-12 18:00:00,56,63,40,65.952380952381,0.714285714285714,6.12698412698413,0.634920634920635,386,18
966,Referral,2024-04-12 21:00:00,56,69,35,38.6231884057971,0.625,4.20289855072464,0.507246376811594,290,21
967,Referral,2024-04-20 10:00:00,56,69,48,79.3768115942029,0.857142857142857,5.50724637681159,0.695652173913044,380,10
968,Referral,2024-04-25 10:00:00,56,63,43,98.0,0.767857142857143,6.44444444444445,0.682539682539683,406,10
969,Referral,2024-04-26 21:00:00,56,63,42,2187.20634920635,0.75,5.92063492063492,0.666666666666667,373,21
970,Direct,2024-04-07 19:00:00,55,65,39,60.9692307692308,0.709090909090909,4.36923076923077,0.6,284,19
971,Direct,2024-04-08 16:00:00,55,65,35,53.5846153846154,0.636363636363636,3.67692307692308,0.538461538461538,239,16
972,Direct,2024-04-10 12:00:00,55,70,31,43.3285714285714,0.563636363636364,4.62857142857143,0.442857142857143,324,12
973,Direct,2024-04-14 20:00:00,55,65,28,40.7538461538462,0.509090909090909,3.93846153846154,0.430769230769231,256,20
974,Direct,2024-04-14 23:00:00,55,62,29,27.0322580645161,0.527272727272727,3.90322580645161,0.467741935483871,242,23
975,Direct,2024-04-16 14:00:00,55,67,45,67.3134328358209,0.818181818181818,5.22388059701493,0.671641791044776,350,14
976,Direct,2024-04-17 09:00:00,55,65,26,69.1538461538462,0.472727272727273,3.66153846153846,0.4,238,9
977,Direct,2024-04-18 10:00:00,55,76,32,45.6184210526316,0.581818181818182,4.07894736842105,0.421052631578947,310,10
978,Direct,2024-04-21 21:00:00,55,60,33,55.45,0.6,4.7,0.55,282,21
979,Direct,2024-04-23 10:00:00,55,69,38,52.0289855072464,0.690909090909091,4.710144927536231,0.550724637681159,325,10
980,Direct,2024-04-24 14:00:00,55,64,35,35.265625,0.636363636363636,4.171875,0.546875,267,14
981,Direct,2024-04-26 19:00:00,55,66,34,34.469696969697,0.618181818181818,4.66666666666667,0.515151515151515,308,19
982,Direct,2024-04-30 14:00:00,55,66,30,67.0757575757576,0.545454545454545,4.53030303030303,0.454545454545455,299,14
983,Direct,2024-04-30 23:00:00,55,68,23,21.9264705882353,0.418181818181818,3.82352941176471,0.338235294117647,260,23
984,Direct,2024-05-03 21:00:00,55,67,37,61.05970149253729,0.672727272727273,6.43283582089552,0.552238805970149,431,21
985,Organic Search,2024-04-08 10:00:00,55,67,46,54.5671641791045,0.836363636363636,4.04477611940299,0.686567164179105,271,10
986,Organic Search,2024-04-13 11:00:00,55,65,38,64.0,0.690909090909091,4.84615384615385,0.584615384615385,315,11
987,Organic Search,2024-04-14 13:00:00,55,63,39,57.8571428571429,0.709090909090909,4.96825396825397,0.619047619047619,313,13
988,Organic Search,2024-04-17 13:00:00,55,62,35,25.5967741935484,0.636363636363636,3.69354838709677,0.564516129032258,229,13
989,Organic Search,2024-04-20 14:00:00,55,65,35,27.9076923076923,0.636363636363636,3.76923076923077,0.538461538461538,245,14
990,Organic Search,2024-04-22 22:00:00,55,71,39,29.8028169014085,0.709090909090909,3.73239436619718,0.549295774647887,265,22
991,Organic Search,2024-04-23 11:00:00,55,63,37,33.1746031746032,0.672727272727273,4.49206349206349,0.587301587301587,283,11
992,Organic Search,2024-04-23 13:00:00,55,62,33,42.6129032258065,0.6,3.2258064516129,0.532258064516129,200,13
993,Organic Search,2024-04-24 22:00:00,55,62,38,83.4516129032258,0.690909090909091,5.87096774193548,0.612903225806452,364,22
994,Organic Search,2024-04-29 22:00:00,55,66,37,73.030303030303,0.672727272727273,4.90909090909091,0.560606060606061,324,22
995,Organic Search,2024-05-01 14:00:00,55,57,44,41.719298245614,0.8,4.54385964912281,0.771929824561404,259,14
996,Organic Social,2024-04-06 16:00:00,55,68,48,63.2352941176471,0.872727272727273,5.73529411764706,0.705882352941177,390,16
997,Organic Social,2024-04-08 17:00:00,55,81,34,33.9259259259259,0.618181818181818,3.8518518518518494,0.419753086419753,312,17
998,Organic Social,2024-04-13 13:00:00,55,67,41,66.9701492537314,0.745454545454546,5.05970149253731,0.611940298507463,339,13
999,Organic Social,2024-04-14 03:00:00,55,73,33,46.0547945205479,0.6,4.19178082191781,0.452054794520548,306,3
1000,Organic Social,2024-04-14 07:00:00,55,72,35,28.5277777777778,0.636363636363636,4.48611111111111,0.486111111111111,323,7
1001,Organic Social,2024-04-18 01:00:00,55,79,40,44.620253164557,0.727272727272727,4.9746835443038,0.506329113924051,393,1
1002,Organic Social,2024-04-18 09:00:00,55,67,43,40.6567164179104,0.781818181818182,4.35820895522388,0.641791044776119,292,9
1003,Organic Social,2024-04-21 15:00:00,55,69,33,36.1739130434783,0.6,4.57971014492754,0.478260869565217,316,15
1004,Organic Social,2024-04-21 23:00:00,55,69,39,44.1739130434783,0.709090909090909,5.88405797101449,0.565217391304348,406,23
1005,Organic Social,2024-04-29 08:00:00,55,64,37,35.015625,0.672727272727273,5.09375,0.578125,326,8
1006,Referral,2024-04-09 20:00:00,55,66,42,66.0454545454546,0.763636363636364,5.43939393939394,0.636363636363636,359,20
1007,Referral,2024-04-10 15:00:00,55,68,43,54.1911764705882,0.781818181818182,5.55882352941176,0.632352941176471,378,15
1008,Referral,2024-04-10 19:00:00,55,62,46,117.693548387097,0.836363636363636,6.08064516129032,0.741935483870968,377,19
1009,Referral,2024-04-13 12:00:00,55,61,44,98.8032786885246,0.8,8.80327868852459,0.721311475409836,537,12
1010,Referral,2024-04-15 10:00:00,55,60,47,87.1,0.854545454545455,6.38333333333333,0.783333333333333,383,10
1011,Referral,2024-04-15 13:00:00,55,64,45,112.9375,0.818181818181818,4.9375,0.703125,316,13
1012,Referral,2024-04-16 19:00:00,55,62,46,124.983870967742,0.836363636363636,6.5,0.741935483870968,403,19
1013,Referral,2024-04-18 23:00:00,55,62,40,63.8225806451613,0.727272727272727,5.17741935483871,0.645161290322581,321,23
1014,Referral,2024-04-23 22:00:00,55,61,44,77.9344262295082,0.8,6.01639344262295,0.721311475409836,367,22
1015,Referral,2024-04-29 16:00:00,55,60,43,89.5666666666667,0.781818181818182,6.51666666666667,0.716666666666667,391,16
1016,Referral,2024-04-29 19:00:00,55,64,44,50.65625,0.8,4.53125,0.6875,290,19
1017,Referral,2024-04-30 18:00:00,55,62,41,28.1451612903226,0.745454545454546,4.20967741935484,0.661290322580645,261,18
1018,Referral,2024-05-01 15:00:00,55,60,48,62.7,0.872727272727273,5.3,0.8,318,15
1019,Referral,2024-05-03 09:00:00,55,59,38,43.1016949152542,0.690909090909091,4.84745762711864,0.644067796610169,286,9
1020,Referral,2024-05-03 16:00:00,55,59,42,107.474576271186,0.763636363636364,5.16949152542373,0.711864406779661,305,16
1021,Direct,2024-04-07 17:00:00,54,68,26,30.2058823529412,0.481481481481481,4.14705882352941,0.382352941176471,282,17
1022,Direct,2024-04-07 23:00:00,54,64,28,56.546875,0.518518518518519,3.953125,0.4375,253,23
1023,Direct,2024-04-14 17:00:00,54,67,27,45.9253731343284,0.5,4.14925373134328,0.402985074626866,278,17
1024,Direct,2024-04-18 15:00:00,54,64,36,68.46875,0.666666666666667,4.546875,0.5625,291,15
1025,Direct,2024-04-19 17:00:00,54,67,30,27.910447761194,0.555555555555556,3.56716417910448,0.447761194029851,239,17
1026,Direct,2024-04-20 20:00:00,54,60,28,42.4666666666667,0.518518518518519,4.41666666666667,0.466666666666667,265,20
1027,Direct,2024-04-22 12:00:00,54,66,36,40.7424242424242,0.666666666666667,3.74242424242424,0.545454545454545,247,12
1028,Direct,2024-04-24 15:00:00,54,65,35,50.1692307692308,0.648148148148148,5.4,0.538461538461538,351,15
1029,Direct,2024-04-24 21:00:00,54,68,35,46.6470588235294,0.648148148148148,4.79411764705882,0.514705882352941,326,21
1030,Direct,2024-04-26 18:00:00,54,66,38,70.0151515151515,0.703703703703704,4.37878787878788,0.575757575757576,289,18
1031,Direct,2024-04-29 10:00:00,54,63,30,46.6031746031746,0.555555555555556,4.65079365079365,0.476190476190476,293,10
1032,Direct,2024-05-02 13:00:00,54,68,26,73.6176470588235,0.481481481481481,4.67647058823529,0.382352941176471,318,13
1033,Organic Search,2024-04-08 22:00:00,54,66,39,69.8787878787879,0.722222222222222,4.53030303030303,0.590909090909091,299,22
1034,Organic Search,2024-04-11 14:00:00,54,71,38,48.2112676056338,0.703703703703704,4.29577464788732,0.535211267605634,305,14
1035,Organic Search,2024-04-12 11:00:00,54,62,37,50.51612903225809,0.685185185185185,3.9516129032258096,0.596774193548387,245,11
1036,Organic Search,2024-04-13 17:00:00,54,67,36,40.955223880597,0.666666666666667,3.85074626865672,0.537313432835821,258,17
1037,Organic Search,2024-04-13 18:00:00,54,64,35,44.546875,0.648148148148148,3.875,0.546875,248,18
1038,Organic Search,2024-04-16 12:00:00,54,64,32,43.171875,0.592592592592593,3.921875,0.5,251,12
1039,Organic Search,2024-04-24 13:00:00,54,65,40,51.0923076923077,0.740740740740741,4.84615384615385,0.615384615384615,315,13
1040,Organic Search,2024-04-24 21:00:00,54,57,36,35.6315789473684,0.666666666666667,4.28070175438597,0.631578947368421,244,21
1041,Organic Search,2024-04-26 15:00:00,54,58,38,194.48275862069,0.703703703703704,4.0344827586206895,0.655172413793103,234,15
1042,Organic Search,2024-04-26 21:00:00,54,58,34,39.4655172413793,0.62962962962963,4.1551724137931,0.586206896551724,241,21
1043,Organic Search,2024-05-01 16:00:00,54,62,29,42.1290322580645,0.537037037037037,4.43548387096774,0.467741935483871,275,16
1044,Organic Search,2024-05-02 13:00:00,54,67,43,39.134328358209,0.796296296296296,3.8805970149253697,0.641791044776119,260,13
1045,Organic Social,2024-04-10 23:00:00,54,70,30,54.1285714285714,0.555555555555556,4.8,0.428571428571429,336,23
1046,Organic Social,2024-04-21 19:00:00,54,67,42,54.7164179104478,0.777777777777778,5.38805970149254,0.626865671641791,361,19
1047,Organic Social,2024-04-21 20:00:00,54,62,36,47.5322580645161,0.666666666666667,4.75806451612903,0.580645161290323,295,20
1048,Organic Social,2024-04-27 22:00:00,54,69,35,27.5507246376812,0.648148148148148,4.11594202898551,0.507246376811594,284,22
1049,Organic Social,2024-05-03 03:00:00,54,64,42,67.90625,0.777777777777778,5.59375,0.65625,358,3
1050,Referral,2024-04-07 21:00:00,54,59,39,76.3050847457627,0.722222222222222,5.3559322033898304,0.661016949152542,316,21
1051,Referral,2024-04-09 14:00:00,54,57,43,172.578947368421,0.796296296296296,7.45614035087719,0.754385964912281,425,14
1052,Referral,2024-04-12 11:00:00,54,61,37,69.655737704918,0.685185185185185,5.47540983606557,0.60655737704918,334,11
1053,Referral,2024-04-17 21:00:00,54,68,43,87.4411764705882,0.796296296296296,5.82352941176471,0.632352941176471,396,21
1054,Referral,2024-04-22 19:00:00,54,65,43,112.446153846154,0.796296296296296,5.47692307692308,0.661538461538462,356,19
1055,Referral,2024-04-29 11:00:00,54,63,43,94.9365079365079,0.796296296296296,5.96825396825397,0.682539682539683,376,11
1056,Direct,2024-04-06 11:00:00,53,63,36,41.285714285714306,0.679245283018868,4.74603174603175,0.571428571428571,299,11
1057,Direct,2024-04-08 13:00:00,53,63,34,38.8253968253968,0.641509433962264,4.11111111111111,0.53968253968254,259,13
1058,Direct,2024-04-10 17:00:00,53,64,29,86.546875,0.547169811320755,4.90625,0.453125,314,17
1059,Direct,2024-04-12 08:00:00,53,64,28,44.25,0.528301886792453,4.15625,0.4375,266,8
1060,Direct,2024-04-13 00:00:00,53,68,28,37.3088235294118,0.528301886792453,4.16176470588235,0.411764705882353,283,0
1061,Direct,2024-04-13 11:00:00,53,63,34,60.3492063492064,0.641509433962264,4.80952380952381,0.53968253968254,303,11
1062,Direct,2024-04-13 16:00:00,53,67,29,26.5373134328358,0.547169811320755,3.38805970149254,0.432835820895522,227,16
1063,Direct,2024-04-14 00:00:00,53,73,36,30.1917808219178,0.679245283018868,3.8493150684931505,0.493150684931507,281,0
1064,Direct,2024-04-15 11:00:00,53,64,28,44.0625,0.528301886792453,5.4375,0.4375,348,11
1065,Direct,2024-04-16 15:00:00,53,68,38,31.0,0.716981132075472,4.38235294117647,0.558823529411765,298,15
1066,Direct,2024-04-19 09:00:00,53,66,28,20.4393939393939,0.528301886792453,3.6969696969697,0.424242424242424,244,9
1067,Direct,2024-04-22 19:00:00,53,64,29,39.4375,0.547169811320755,4.171875,0.453125,267,19
1068,Direct,2024-04-26 10:00:00,53,68,38,68.1470588235294,0.716981132075472,4.55882352941176,0.558823529411765,310,10
1069,Direct,2024-05-02 16:00:00,53,65,34,39.6307692307692,0.641509433962264,4.03076923076923,0.523076923076923,262,16
1070,Organic Search,2024-04-10 13:00:00,53,69,36,56.231884057971,0.679245283018868,4.76811594202899,0.521739130434783,329,13
1071,Organic Search,2024-04-10 14:00:00,53,63,38,30.0,0.716981132075472,3.42857142857143,0.603174603174603,216,14
1072,Organic Search,2024-04-10 21:00:00,53,59,36,47.6779661016949,0.679245283018868,4.55932203389831,0.610169491525424,269,21
1073,Organic Search,2024-04-11 12:00:00,53,59,34,71.8305084745763,0.641509433962264,3.69491525423729,0.576271186440678,218,12
1074,Organic Search,2024-04-12 19:00:00,53,65,41,49.5384615384615,0.773584905660377,3.67692307692308,0.630769230769231,239,19
1075,Organic Search,2024-04-12 21:00:00,53,63,35,37.2380952380952,0.660377358490566,3.44444444444444,0.555555555555556,217,21
1076,Organic Search,2024-04-13 14:00:00,53,59,40,57.5423728813559,0.754716981132076,5.0,0.677966101694915,295,14
1077,Organic Search,2024-04-16 10:00:00,53,64,39,74.796875,0.735849056603774,5.109375,0.609375,327,10
1078,Organic Search,2024-04-19 01:00:00,53,70,37,26.1142857142857,0.69811320754717,3.42857142857143,0.528571428571429,240,1
1079,Organic Search,2024-04-27 10:00:00,53,57,33,33.2982456140351,0.622641509433962,4.19298245614035,0.578947368421053,239,10
1080,Organic Social,2024-04-10 02:00:00,53,75,35,67.4,0.660377358490566,4.38666666666667,0.466666666666667,329,2
1081,Organic Social,2024-04-16 22:00:00,53,60,38,60.3666666666667,0.716981132075472,5.51666666666667,0.633333333333333,331,22
1082,Organic Social,2024-04-17 23:00:00,53,59,41,63.5762711864407,0.773584905660377,7.54237288135593,0.694915254237288,445,23
1083,Organic Social,2024-04-19 08:00:00,53,67,30,35.3880597014925,0.566037735849057,4.17910447761194,0.447761194029851,280,8
1084,Organic Social,2024-04-22 09:00:00,53,74,36,50.4459459459459,0.679245283018868,5.01351351351351,0.486486486486487,371,9
1085,Referral,2024-04-07 23:00:00,53,61,40,71.4262295081967,0.754716981132076,5.0655737704918,0.655737704918033,309,23
1086,Referral,2024-04-08 12:00:00,53,66,38,123.772727272727,0.716981132075472,4.57575757575758,0.575757575757576,302,12
1087,Referral,2024-04-09 12:00:00,53,61,40,93.4590163934426,0.754716981132076,6.08196721311475,0.655737704918033,371,12
1088,Referral,2024-04-12 10:00:00,53,67,44,68.3582089552239,0.830188679245283,6.13432835820896,0.656716417910448,411,10
1089,Referral,2024-04-15 11:00:00,53,60,43,100.55,0.811320754716981,5.2,0.716666666666667,312,11
1090,Referral,2024-04-15 15:00:00,53,59,43,297.203389830508,0.811320754716981,6.10169491525424,0.728813559322034,360,15
1091,Referral,2024-04-20 20:00:00,53,61,37,103.737704918033,0.69811320754717,5.9672131147541,0.60655737704918,364,20
1092,Referral,2024-04-20 21:00:00,53,57,42,106.105263157895,0.792452830188679,8.01754385964912,0.736842105263158,457,21
1093,Referral,2024-04-24 22:00:00,53,66,38,95.1363636363636,0.716981132075472,4.87878787878788,0.575757575757576,322,22
1094,Referral,2024-04-25 16:00:00,53,59,42,114.779661016949,0.792452830188679,6.23728813559322,0.711864406779661,368,16
1095,Referral,2024-04-27 22:00:00,53,58,42,81.6551724137931,0.792452830188679,5.91379310344828,0.724137931034483,343,22
1096,Referral,2024-04-28 21:00:00,53,61,41,81.0983606557377,0.773584905660377,6.11475409836066,0.672131147540984,373,21
1097,Referral,2024-04-30 19:00:00,53,63,45,51.031746031746,0.849056603773585,5.3015873015873,0.714285714285714,334,19
1098,Direct,2024-04-06 21:00:00,52,63,32,72.5079365079365,0.615384615384615,5.38095238095238,0.507936507936508,339,21
1099,Direct,2024-04-09 17:00:00,52,58,27,52.1034482758621,0.519230769230769,3.91379310344828,0.46551724137931,227,17
1100,Direct,2024-04-09 22:00:00,52,62,33,70.6612903225806,0.634615384615385,4.25806451612903,0.532258064516129,264,22
1101,Direct,2024-04-12 16:00:00,52,67,32,40.0,0.615384615384615,4.22388059701493,0.477611940298507,283,16
1102,Direct,2024-04-13 20:00:00,52,57,29,56.6315789473684,0.557692307692308,4.87719298245614,0.508771929824561,278,20
1103,Direct,2024-04-15 22:00:00,52,68,31,43.470588235294095,0.596153846153846,4.04411764705882,0.455882352941176,275,22
1104,Direct,2024-04-16 13:00:00,52,56,28,34.375,0.538461538461538,3.73214285714286,0.5,209,13
1105,Direct,2024-04-19 13:00:00,52,68,33,21.0588235294118,0.634615384615385,3.6470588235294095,0.485294117647059,248,13
1106,Direct,2024-04-22 18:00:00,52,64,31,38.359375,0.596153846153846,4.78125,0.484375,306,18
1107,Direct,2024-04-24 22:00:00,52,68,25,46.6029411764706,0.480769230769231,3.44117647058824,0.367647058823529,234,22
1108,Direct,2024-04-26 11:00:00,52,67,32,31.7761194029851,0.615384615384615,3.85074626865672,0.477611940298507,258,11
1109,Direct,2024-05-03 20:00:00,52,68,26,45.1911764705882,0.5,4.17647058823529,0.382352941176471,284,20
1110,Organic Search,2024-04-06 11:00:00,52,64,44,41.515625,0.846153846153846,3.953125,0.6875,253,11
1111,Organic Search,2024-04-08 09:00:00,52,63,33,33.5873015873016,0.634615384615385,3.68253968253968,0.523809523809524,232,9
1112,Organic Search,2024-04-10 20:00:00,52,70,34,65.3571428571429,0.653846153846154,3.8142857142857105,0.485714285714286,267,20
1113,Organic Search,2024-04-12 18:00:00,52,63,33,30.9365079365079,0.634615384615385,4.0952380952381,0.523809523809524,258,18
1114,Organic Search,2024-04-14 17:00:00,52,64,42,55.109375,0.807692307692308,3.953125,0.65625,253,17
1115,Organic Search,2024-04-23 20:00:00,52,63,39,23.4126984126984,0.75,3.42857142857143,0.619047619047619,216,20
1116,Organic Search,2024-04-24 12:00:00,52,57,38,49.8771929824561,0.730769230769231,4.54385964912281,0.666666666666667,259,12
1117,Organic Search,2024-04-28 20:00:00,52,62,37,53.8870967741936,0.711538461538462,4.69354838709677,0.596774193548387,291,20
1118,Organic Search,2024-04-29 16:00:00,52,58,38,34.3448275862069,0.730769230769231,3.7413793103448305,0.655172413793103,217,16
1119,Organic Search,2024-04-30 10:00:00,52,59,31,38.0508474576271,0.596153846153846,4.08474576271186,0.525423728813559,241,10
1120,Organic Search,2024-05-03 10:00:00,52,57,39,52.4385964912281,0.75,4.68421052631579,0.68421052631579,267,10
1121,Organic Social,2024-04-15 02:00:00,52,58,38,57.0344827586207,0.730769230769231,5.29310344827586,0.655172413793103,307,2
1122,Organic Social,2024-04-16 02:00:00,52,69,35,114.768115942029,0.673076923076923,4.60869565217391,0.507246376811594,318,2
1123,Organic Social,2024-04-22 02:00:00,52,61,31,43.6393442622951,0.596153846153846,4.49180327868853,0.508196721311475,274,2
1124,Organic Social,2024-04-23 08:00:00,52,59,34,53.864406779661,0.653846153846154,5.01694915254237,0.576271186440678,296,8
1125,Organic Social,2024-05-01 01:00:00,52,78,36,50.474358974359,0.692307692307692,4.05128205128205,0.461538461538462,316,1
1126,Organic Social,2024-05-02 08:00:00,52,66,33,23.4848484848485,0.634615384615385,4.07575757575758,0.5,269,8
1127,Organic Social,2024-05-03 02:00:00,52,63,35,32.3174603174603,0.673076923076923,4.84126984126984,0.555555555555556,305,2
1128,Referral,2024-04-07 19:00:00,52,57,38,81.0350877192983,0.730769230769231,6.01754385964912,0.666666666666667,343,19
1129,Referral,2024-04-08 22:00:00,52,64,34,82.0,0.653846153846154,4.578125,0.53125,293,22
1130,Referral,2024-04-10 13:00:00,52,60,39,97.6166666666667,0.75,5.81666666666667,0.65,349,13
1131,Referral,2024-04-11 14:00:00,52,61,36,74.1147540983607,0.692307692307692,4.27868852459016,0.59016393442623,261,14
1132,Referral,2024-04-12 12:00:00,52,60,44,69.1333333333333,0.846153846153846,5.23333333333333,0.733333333333333,314,12
1133,Referral,2024-04-12 16:00:00,52,63,42,80.5238095238095,0.807692307692308,5.55555555555556,0.666666666666667,350,16
1134,Referral,2024-04-18 15:00:00,52,60,35,64.5333333333333,0.673076923076923,5.25,0.583333333333333,315,15
1135,Referral,2024-04-18 20:00:00,52,61,31,39.5245901639344,0.596153846153846,4.37704918032787,0.508196721311475,267,20
1136,Referral,2024-04-19 16:00:00,52,57,44,92.0526315789474,0.846153846153846,5.10526315789474,0.771929824561404,291,16
1137,Referral,2024-04-22 21:00:00,52,62,40,115.661290322581,0.769230769230769,7.37096774193548,0.645161290322581,457,21
1138,Referral,2024-04-22 22:00:00,52,65,40,79.5846153846154,0.769230769230769,6.03076923076923,0.615384615384615,392,22
1139,Referral,2024-04-23 14:00:00,52,62,42,259.064516129032,0.807692307692308,5.64516129032258,0.67741935483871,350,14
1140,Referral,2024-04-23 18:00:00,52,61,44,131.918032786885,0.846153846153846,7.14754098360656,0.721311475409836,436,18
1141,Referral,2024-04-24 11:00:00,52,57,47,122.456140350877,0.903846153846154,6.789473684210529,0.824561403508772,387,11
1142,Referral,2024-04-25 23:00:00,52,60,39,63.0,0.75,5.95,0.65,357,23
1143,Referral,2024-04-26 10:00:00,52,59,48,70.9661016949153,0.923076923076923,5.66101694915254,0.813559322033898,334,10
1144,Referral,2024-04-28 20:00:00,52,59,43,98.5762711864407,0.826923076923077,6.32203389830509,0.728813559322034,373,20
1145,Referral,2024-04-29 10:00:00,52,61,39,99.016393442623,0.75,5.77049180327869,0.639344262295082,352,10
1146,Referral,2024-05-02 07:00:00,52,58,37,100.810344827586,0.711538461538462,4.20689655172414,0.637931034482759,244,7
1147,Direct,2024-04-10 15:00:00,51,62,29,26.4193548387097,0.568627450980392,3.7419354838709697,0.467741935483871,232,15
1148,Direct,2024-04-10 23:00:00,51,61,22,45.0983606557377,0.431372549019608,4.01639344262295,0.360655737704918,245,23
1149,Direct,2024-04-11 13:00:00,51,69,30,67.5797101449275,0.588235294117647,4.04347826086957,0.434782608695652,279,13
1150,Direct,2024-04-11 14:00:00,51,56,22,66.125,0.431372549019608,4.98214285714286,0.392857142857143,279,14
1151,Direct,2024-04-11 17:00:00,51,59,28,68.9152542372881,0.549019607843137,5.66101694915254,0.474576271186441,334,17
1152,Direct,2024-04-12 20:00:00,51,65,32,49.2,0.627450980392157,4.27692307692308,0.492307692307692,278,20
1153,Direct,2024-04-13 19:00:00,51,71,31,35.3380281690141,0.607843137254902,3.69014084507042,0.436619718309859,262,19
1154,Direct,2024-04-18 09:00:00,51,55,28,35.8,0.549019607843137,4.25454545454546,0.509090909090909,234,9
1155,Direct,2024-04-19 22:00:00,51,66,30,50.803030303030305,0.588235294117647,4.07575757575758,0.454545454545455,269,22
1156,Direct,2024-04-20 12:00:00,51,67,27,60.044776119403,0.529411764705882,4.38805970149254,0.402985074626866,294,12
1157,Direct,2024-04-21 19:00:00,51,62,24,43.9193548387097,0.470588235294118,3.56451612903226,0.387096774193548,221,19
1158,Direct,2024-04-23 15:00:00,51,60,32,45.2166666666667,0.627450980392157,4.31666666666667,0.533333333333333,259,15
1159,Direct,2024-04-24 20:00:00,51,61,33,63.3934426229508,0.647058823529412,5.08196721311475,0.540983606557377,310,20
1160,Direct,2024-04-26 00:00:00,51,64,38,58.46875,0.745098039215686,4.828125,0.59375,309,0
1161,Direct,2024-04-29 13:00:00,51,65,32,50.6,0.627450980392157,4.76923076923077,0.492307692307692,310,13
1162,Direct,2024-05-01 14:00:00,51,62,28,46.6129032258065,0.549019607843137,3.90322580645161,0.451612903225806,242,14
1163,Direct,2024-05-03 12:00:00,51,63,29,13.1746031746032,0.568627450980392,3.49206349206349,0.46031746031746,220,12
1164,Organic Search,2024-04-06 14:00:00,51,56,40,78.4107142857143,0.784313725490196,4.39285714285714,0.714285714285714,246,14
1165,Organic Search,2024-04-08 17:00:00,51,55,40,27.3818181818182,0.784313725490196,4.272727272727271,0.727272727272727,235,17
1166,Organic Search,2024-04-09 17:00:00,51,59,35,28.8305084745763,0.686274509803922,4.32203389830509,0.593220338983051,255,17
1167,Organic Search,2024-04-13 15:00:00,51,60,35,46.58333333333329,0.686274509803922,4.33333333333333,0.583333333333333,260,15
1168,Organic Search,2024-04-13 21:00:00,51,60,28,32.9666666666667,0.549019607843137,3.43333333333333,0.466666666666667,206,21
1169,Organic Search,2024-04-15 08:00:00,51,61,33,25.7540983606557,0.647058823529412,3.80327868852459,0.540983606557377,232,8
1170,Organic Search,2024-04-19 09:00:00,51,60,36,68.7333333333333,0.705882352941177,4.05,0.6,243,9
1171,Organic Search,2024-04-21 21:00:00,51,57,30,39.0701754385965,0.588235294117647,3.45614035087719,0.526315789473684,197,21
1172,Organic Search,2024-04-21 22:00:00,51,65,40,44.6769230769231,0.784313725490196,4.03076923076923,0.615384615384615,262,22
1173,Organic Search,2024-04-23 18:00:00,51,62,33,44.3225806451613,0.647058823529412,4.43548387096774,0.532258064516129,275,18
1174,Organic Search,2024-04-25 16:00:00,51,58,37,46.9137931034483,0.725490196078431,4.37931034482759,0.637931034482759,254,16
1175,Organic Search,2024-04-29 11:00:00,51,61,38,48.2295081967213,0.745098039215686,4.65573770491803,0.622950819672131,284,11
1176,Organic Social,2024-04-09 09:00:00,51,67,37,55.910447761194,0.725490196078431,5.11940298507463,0.552238805970149,343,9
1177,Organic Social,2024-04-13 09:00:00,51,73,39,39.5616438356164,0.764705882352941,4.02739726027397,0.534246575342466,294,9
1178,Organic Social,2024-04-18 02:00:00,51,68,35,58.4411764705882,0.686274509803922,4.23529411764706,0.514705882352941,288,2
1179,Referral,2024-04-07 12:00:00,51,58,43,63.3965517241379,0.843137254901961,6.5,0.741379310344828,377,12
1180,Referral,2024-04-07 20:00:00,51,66,42,103.954545454545,0.823529411764706,5.272727272727271,0.636363636363636,348,20
1181,Referral,2024-04-08 11:00:00,51,60,44,87.7,0.862745098039216,5.81666666666667,0.733333333333333,349,11
1182,Referral,2024-04-08 18:00:00,51,56,39,61.0714285714286,0.764705882352941,5.82142857142857,0.696428571428571,326,18
1183,Referral,2024-04-11 13:00:00,51,57,42,71.5438596491228,0.823529411764706,5.68421052631579,0.736842105263158,324,13
1184,Referral,2024-04-11 19:00:00,51,58,39,71.2068965517241,0.764705882352941,8.58620689655172,0.672413793103448,498,19
1185,Referral,2024-04-16 18:00:00,51,62,37,52.6129032258065,0.725490196078431,4.80645161290323,0.596774193548387,298,18
1186,Referral,2024-04-17 19:00:00,51,62,37,51.7258064516129,0.725490196078431,4.12903225806452,0.596774193548387,256,19
1187,Referral,2024-04-18 16:00:00,51,64,40,93.59375,0.784313725490196,5.953125,0.625,381,16
1188,Referral,2024-04-19 13:00:00,51,59,44,62.1016949152542,0.862745098039216,5.03389830508475,0.745762711864407,297,13
1189,Referral,2024-04-22 17:00:00,51,62,40,63.258064516129,0.784313725490196,5.46774193548387,0.645161290322581,339,17
1190,Referral,2024-04-24 16:00:00,51,58,43,87.8103448275862,0.843137254901961,6.41379310344828,0.741379310344828,372,16
1191,Referral,2024-04-26 17:00:00,51,61,42,77.1639344262295,0.823529411764706,5.86885245901639,0.688524590163934,358,17
1192,Referral,2024-04-27 11:00:00,51,60,46,103.55,0.901960784313726,6.75,0.766666666666667,405,11
1193,Direct,2024-04-07 21:00:00,50,67,21,33.9850746268657,0.42,4.25373134328358,0.313432835820896,285,21
1194,Direct,2024-04-10 00:00:00,50,74,24,40.7432432432432,0.48,3.48648648648649,0.324324324324324,258,0
1195,Direct,2024-04-10 22:00:00,50,56,32,42.910714285714306,0.64,4.55357142857143,0.571428571428571,255,22
1196,Direct,2024-04-11 16:00:00,50,56,22,69.6785714285714,0.44,4.25,0.392857142857143,238,16
1197,Direct,2024-04-12 22:00:00,50,61,32,20.2459016393443,0.64,3.31147540983607,0.524590163934426,202,22
1198,Direct,2024-04-13 12:00:00,50,63,34,46.015873015873,0.68,4.92063492063492,0.53968253968254,310,12
1199,Direct,2024-04-14 12:00:00,50,60,27,27.3666666666667,0.54,3.65,0.45,219,12
1200,Direct,2024-04-19 00:00:00,50,68,32,89.1617647058824,0.64,3.69117647058824,0.470588235294118,251,0
1201,Direct,2024-04-29 19:00:00,50,66,33,211.606060606061,0.66,4.33333333333333,0.5,286,19
1202,Direct,2024-05-02 14:00:00,50,63,27,127.714285714286,0.54,4.92063492063492,0.428571428571429,310,14
1203,Organic Search,2024-04-09 23:00:00,50,59,31,43.2372881355932,0.62,3.86440677966102,0.525423728813559,228,23
1204,Organic Search,2024-04-14 11:00:00,50,55,33,40.4909090909091,0.66,3.89090909090909,0.6,214,11
1205,Organic Search,2024-04-19 02:00:00,50,56,36,24.2142857142857,0.72,3.875,0.642857142857143,217,2
1206,Organic Search,2024-04-20 16:00:00,50,58,40,35.7413793103448,0.8,4.29310344827586,0.689655172413793,249,16
1207,Organic Search,2024-04-20 21:00:00,50,58,35,48.8103448275862,0.7,5.6551724137931,0.603448275862069,328,21
1208,Organic Search,2024-04-25 20:00:00,50,54,35,58.537037037037,0.7,3.98148148148148,0.648148148148148,215,20
1209,Organic Search,2024-04-27 20:00:00,50,58,36,40.8620689655172,0.72,4.05172413793104,0.620689655172414,235,20
1210,Organic Search,2024-05-03 19:00:00,50,61,30,22.5409836065574,0.6,3.59016393442623,0.491803278688525,219,19
1211,Organic Social,2024-04-14 06:00:00,50,61,32,16.2131147540984,0.64,3.8360655737704894,0.524590163934426,234,6
1212,Organic Social,2024-04-23 23:00:00,50,55,32,79.8727272727273,0.64,5.90909090909091,0.581818181818182,325,23
1213,Organic Social,2024-04-26 08:00:00,50,65,33,35.0769230769231,0.66,4.21538461538462,0.507692307692308,274,8
1214,Referral,2024-04-06 11:00:00,50,55,39,63.2363636363636,0.78,6.12727272727273,0.709090909090909,337,11
1215,Referral,2024-04-08 13:00:00,50,55,40,88.1818181818182,0.8,6.54545454545455,0.727272727272727,360,13
1216,Referral,2024-04-08 17:00:00,50,55,37,158.181818181818,0.74,5.25454545454546,0.672727272727273,289,17
1217,Referral,2024-04-18 10:00:00,50,60,39,83.5333333333333,0.78,6.03333333333333,0.65,362,10
1218,Referral,2024-04-18 18:00:00,50,61,38,89.8360655737705,0.76,5.57377049180328,0.622950819672131,340,18
1219,Referral,2024-04-20 19:00:00,50,55,41,51.9818181818182,0.82,6.272727272727271,0.745454545454546,345,19
1220,Referral,2024-04-21 19:00:00,50,57,35,47.2631578947368,0.7,4.92982456140351,0.614035087719298,281,19
1221,Referral,2024-04-22 18:00:00,50,60,39,71.3333333333333,0.78,5.53333333333333,0.65,332,18
1222,Referral,2024-04-25 19:00:00,50,58,39,74.948275862069,0.78,6.25862068965517,0.672413793103448,363,19
1223,Referral,2024-04-25 22:00:00,50,59,42,60.0169491525424,0.84,5.96610169491525,0.711864406779661,352,22
1224,Referral,2024-04-27 14:00:00,50,55,37,94.6727272727273,0.74,7.854545454545449,0.672727272727273,432,14
1225,Referral,2024-04-30 09:00:00,50,58,35,64.8793103448276,0.7,4.51724137931035,0.603448275862069,262,9
1226,Referral,2024-04-30 20:00:00,50,60,41,44.0333333333333,0.82,4.26666666666667,0.683333333333333,256,20
1227,Referral,2024-05-03 15:00:00,50,57,40,111.719298245614,0.8,5.63157894736842,0.701754385964912,321,15
1228,Direct,2024-04-06 10:00:00,49,60,24,45.33333333333329,0.489795918367347,5.1,0.4,306,10
1229,Direct,2024-04-14 16:00:00,49,60,22,36.6166666666667,0.448979591836735,4.1,0.366666666666667,246,16
1230,Direct,2024-04-15 23:00:00,49,63,27,22.6190476190476,0.551020408163265,3.11111111111111,0.428571428571429,196,23
1231,Direct,2024-04-18 11:00:00,49,64,28,87.09375,0.571428571428571,3.96875,0.4375,254,11
1232,Direct,2024-04-30 22:00:00,49,66,25,65.2878787878788,0.510204081632653,4.3030303030303,0.378787878787879,284,22
1233,Direct,2024-05-01 15:00:00,49,64,21,28.8125,0.428571428571429,4.03125,0.328125,258,15
1234,Direct,2024-05-02 09:00:00,49,61,29,77.8032786885246,0.591836734693878,4.60655737704918,0.475409836065574,281,9
1235,Direct,2024-05-03 22:00:00,49,59,27,67.5254237288136,0.551020408163265,4.08474576271186,0.457627118644068,241,22
1236,Organic Search,2024-04-06 16:00:00,49,61,31,33.344262295082,0.63265306122449,3.9672131147541,0.508196721311475,242,16
1237,Organic Search,2024-04-09 11:00:00,49,53,38,44.4716981132075,0.775510204081633,4.26415094339623,0.716981132075472,226,11
1238,Organic Search,2024-04-09 16:00:00,49,54,37,64.4444444444444,0.755102040816327,3.87037037037037,0.685185185185185,209,16
1239,Organic Search,2024-04-11 15:00:00,49,57,33,31.8421052631579,0.673469387755102,3.3859649122807,0.578947368421053,193,15
1240,Organic Search,2024-04-12 17:00:00,49,58,35,65.2586206896552,0.714285714285714,4.05172413793104,0.603448275862069,235,17
1241,Organic Search,2024-04-14 16:00:00,49,54,38,43.462962962963,0.775510204081633,5.07407407407407,0.703703703703704,274,16
1242,Organic Search,2024-04-15 23:00:00,49,59,32,29.9152542372881,0.653061224489796,3.38983050847458,0.542372881355932,200,23
1243,Organic Search,2024-04-17 00:00:00,49,60,37,56.8,0.755102040816327,4.1,0.616666666666667,246,0
1244,Organic Search,2024-04-23 09:00:00,49,58,34,36.6724137931034,0.693877551020408,4.56896551724138,0.586206896551724,265,9
1245,Organic Search,2024-04-25 21:00:00,49,64,31,42.6875,0.63265306122449,3.546875,0.484375,227,21
1246,Organic Search,2024-04-29 10:00:00,49,60,31,33.6833333333333,0.63265306122449,4.03333333333333,0.516666666666667,242,10
1247,Organic Search,2024-04-30 22:00:00,49,59,33,57.135593220339,0.673469387755102,4.15254237288136,0.559322033898305,245,22
1248,Organic Search,2024-05-01 18:00:00,49,54,34,66.1666666666667,0.693877551020408,4.77777777777778,0.62962962962963,258,18
1249,Organic Search,2024-05-03 13:00:00,49,54,30,38.9814814814815,0.612244897959184,4.0,0.555555555555556,216,13
1250,Organic Social,2024-04-09 23:00:00,49,65,34,85.9538461538462,0.693877551020408,5.8,0.523076923076923,377,23
1251,Organic Social,2024-04-10 08:00:00,49,74,33,28.027027027027,0.673469387755102,3.9324324324324302,0.445945945945946,291,8
1252,Organic Social,2024-04-10 21:00:00,49,69,33,64.0434782608696,0.673469387755102,4.40579710144928,0.478260869565217,304,21
1253,Organic Social,2024-04-16 01:00:00,49,74,32,43.5540540540541,0.653061224489796,4.18918918918919,0.432432432432432,310,1
1254,Organic Social,2024-04-17 02:00:00,49,69,31,70.0289855072464,0.63265306122449,5.47826086956522,0.449275362318841,378,2
1255,Organic Social,2024-04-17 06:00:00,49,69,28,24.5217391304348,0.571428571428571,3.8840579710144896,0.405797101449275,268,6
1256,Organic Social,2024-04-18 08:00:00,49,63,35,29.3015873015873,0.714285714285714,4.76190476190476,0.555555555555556,300,8
1257,Organic Social,2024-04-30 08:00:00,49,56,34,36.5714285714286,0.693877551020408,5.26785714285714,0.607142857142857,295,8
1258,Referral,2024-04-06 22:00:00,49,54,37,115.62962962963,0.755102040816327,8.01851851851852,0.685185185185185,433,22
1259,Referral,2024-04-07 16:00:00,49,55,40,63.8909090909091,0.816326530612245,5.07272727272727,0.727272727272727,279,16
1260,Referral,2024-04-08 19:00:00,49,56,41,61.3571428571429,0.836734693877551,5.83928571428571,0.732142857142857,327,19
1261,Referral,2024-04-11 11:00:00,49,58,42,144.793103448276,0.857142857142857,6.29310344827586,0.724137931034483,365,11
1262,Referral,2024-04-11 15:00:00,49,57,32,49.6842105263158,0.653061224489796,5.52631578947368,0.56140350877193,315,15
1263,Referral,2024-04-12 17:00:00,49,55,39,79.7090909090909,0.795918367346939,4.98181818181818,0.709090909090909,274,17
1264,Referral,2024-04-13 22:00:00,49,60,37,57.5666666666667,0.755102040816327,5.06666666666667,0.616666666666667,304,22
1265,Referral,2024-04-16 12:00:00,49,59,40,104.966101694915,0.816326530612245,5.59322033898305,0.677966101694915,330,12
1266,Referral,2024-04-16 16:00:00,49,58,40,87.2586206896552,0.816326530612245,6.91379310344828,0.689655172413793,401,16
1267,Referral,2024-04-17 14:00:00,49,55,38,107.345454545455,0.775510204081633,6.272727272727271,0.690909090909091,345,14
1268,Referral,2024-04-22 20:00:00,49,58,40,98.9310344827586,0.816326530612245,5.8448275862069,0.689655172413793,339,20
1269,Referral,2024-04-24 17:00:00,49,57,38,136.877192982456,0.775510204081633,6.89473684210526,0.666666666666667,393,17
1270,Referral,2024-04-25 00:00:00,49,61,40,44.4918032786885,0.816326530612245,5.34426229508197,0.655737704918033,326,0
1271,Referral,2024-04-25 13:00:00,49,55,39,55.0,0.795918367346939,5.56363636363636,0.709090909090909,306,13
1272,Referral,2024-04-25 17:00:00,49,59,35,90.5084745762712,0.714285714285714,5.47457627118644,0.593220338983051,323,17
1273,Referral,2024-04-26 12:00:00,49,53,39,104.169811320755,0.795918367346939,6.13207547169811,0.735849056603774,325,12
1274,Referral,2024-04-26 22:00:00,49,55,36,84.6181818181818,0.73469387755102,6.4,0.654545454545455,352,22
1275,Referral,2024-04-29 17:00:00,49,58,38,53.3965517241379,0.775510204081633,4.37931034482759,0.655172413793103,254,17
1276,Direct,2024-04-08 17:00:00,48,60,25,54.4666666666667,0.520833333333333,4.9,0.416666666666667,294,17
1277,Direct,2024-04-09 15:00:00,48,60,31,47.4833333333333,0.645833333333333,4.18333333333333,0.516666666666667,251,15
1278,Direct,2024-04-09 16:00:00,48,62,35,37.741935483871,0.729166666666667,4.35483870967742,0.564516129032258,270,16
1279,Direct,2024-04-12 17:00:00,48,61,31,37.0,0.645833333333333,3.88524590163934,0.508196721311475,237,17
1280,Direct,2024-04-14 15:00:00,48,58,34,42.3620689655172,0.708333333333333,5.10344827586207,0.586206896551724,296,15
1281,Direct,2024-04-15 10:00:00,48,63,29,33.7460317460318,0.604166666666667,3.87301587301587,0.46031746031746,244,10
1282,Direct,2024-04-20 19:00:00,48,60,27,15.8,0.5625,3.35,0.45,201,19
1283,Direct,2024-04-23 09:00:00,48,60,29,41.7,0.604166666666667,4.23333333333333,0.483333333333333,254,9
1284,Direct,2024-04-27 00:00:00,48,58,36,64.7413793103448,0.75,4.75862068965517,0.620689655172414,276,0
1285,Direct,2024-04-29 11:00:00,48,59,32,41.864406779661,0.666666666666667,3.6271186440678,0.542372881355932,214,11
1286,Direct,2024-04-29 15:00:00,48,57,26,52.33333333333329,0.541666666666667,3.78947368421053,0.456140350877193,216,15
1287,Organic Search,2024-04-13 12:00:00,48,59,29,37.440677966101696,0.604166666666667,4.0,0.491525423728814,236,12
1288,Organic Search,2024-04-14 19:00:00,48,59,31,41.5254237288136,0.645833333333333,3.4406779661017,0.525423728813559,203,19
1289,Organic Search,2024-04-14 22:00:00,48,60,33,20.9666666666667,0.6875,3.56666666666667,0.55,214,22
1290,Organic Search,2024-04-15 09:00:00,48,57,28,30.8070175438597,0.583333333333333,4.33333333333333,0.491228070175439,247,9
1291,Organic Search,2024-04-20 10:00:00,48,55,33,42.2,0.6875,4.2,0.6,231,10
1292,Organic Search,2024-04-20 18:00:00,48,53,28,56.9433962264151,0.583333333333333,4.24528301886793,0.528301886792453,225,18
1293,Organic Search,2024-04-27 22:00:00,48,57,35,34.7719298245614,0.729166666666667,4.12280701754386,0.614035087719298,235,22
1294,Organic Search,2024-04-28 22:00:00,48,59,24,35.6101694915254,0.5,3.32203389830508,0.406779661016949,196,22
1295,Organic Search,2024-04-30 23:00:00,48,54,30,71.537037037037,0.625,4.77777777777778,0.555555555555556,258,23
1296,Organic Social,2024-04-07 07:00:00,48,60,33,35.0333333333333,0.6875,4.68333333333333,0.55,281,7
1297,Organic Social,2024-04-10 18:00:00,48,75,42,139.4,0.875,5.52,0.56,414,18
1298,Organic Social,2024-04-12 06:00:00,48,62,30,57.435483870967694,0.625,5.51612903225807,0.483870967741936,342,6
1299,Organic Social,2024-04-15 08:00:00,48,62,33,20.758064516129,0.6875,4.35483870967742,0.532258064516129,270,8
1300,Organic Social,2024-04-22 08:00:00,48,63,30,25.984126984127,0.625,4.36507936507937,0.476190476190476,275,8
1301,Organic Social,2024-05-01 02:00:00,48,65,28,21.2153846153846,0.583333333333333,3.64615384615385,0.430769230769231,237,2
1302,Organic Social,2024-05-02 01:00:00,48,61,36,31.9672131147541,0.75,4.42622950819672,0.59016393442623,270,1
1303,Organic Social,2024-05-03 07:00:00,48,61,34,19.2459016393443,0.708333333333333,4.62295081967213,0.557377049180328,282,7
1304,Referral,2024-04-07 11:00:00,48,50,38,109.16,0.791666666666667,6.64,0.76,332,11
1305,Referral,2024-04-09 11:00:00,48,63,38,53.8253968253968,0.791666666666667,4.88888888888889,0.603174603174603,308,11
1306,Referral,2024-04-11 10:00:00,48,55,41,89.1818181818182,0.854166666666667,5.145454545454551,0.745454545454546,283,10
1307,Referral,2024-04-12 19:00:00,48,52,41,147.942307692308,0.854166666666667,9.90384615384615,0.788461538461538,515,19
1308,Referral,2024-04-13 13:00:00,48,55,39,120.236363636364,0.8125,6.727272727272729,0.709090909090909,370,13
1309,Referral,2024-04-16 14:00:00,48,58,37,82.4655172413793,0.770833333333333,5.01724137931035,0.637931034482759,291,14
1310,Referral,2024-04-19 21:00:00,48,54,41,71.1296296296296,0.854166666666667,5.2037037037037,0.759259259259259,281,21
1311,Referral,2024-04-20 15:00:00,48,59,35,87.7627118644068,0.729166666666667,6.11864406779661,0.593220338983051,361,15
1312,Referral,2024-04-21 22:00:00,48,54,31,148.685185185185,0.645833333333333,4.83333333333333,0.574074074074074,261,22
1313,Referral,2024-04-22 16:00:00,48,53,31,100.452830188679,0.645833333333333,5.20754716981132,0.584905660377359,276,16
1314,Referral,2024-04-26 13:00:00,48,54,36,86.462962962963,0.75,5.31481481481482,0.666666666666667,287,13
1315,Referral,2024-04-26 23:00:00,48,55,35,119.654545454545,0.729166666666667,7.09090909090909,0.636363636363636,390,23
1316,Referral,2024-04-27 16:00:00,48,55,35,85.9454545454546,0.729166666666667,6.29090909090909,0.636363636363636,346,16
1317,Referral,2024-04-28 17:00:00,48,54,40,142.092592592593,0.833333333333333,5.62962962962963,0.740740740740741,304,17
1318,Direct,2024-04-06 12:00:00,47,53,27,58.9811320754717,0.574468085106383,4.83018867924528,0.509433962264151,256,12
1319,Direct,2024-04-06 19:00:00,47,57,24,16.5087719298246,0.51063829787234,4.24561403508772,0.421052631578947,242,19
1320,Direct,2024-04-10 14:00:00,47,57,27,40.0526315789474,0.574468085106383,3.7719298245614,0.473684210526316,215,14
1321,Direct,2024-04-14 09:00:00,47,57,22,22.8070175438597,0.468085106382979,3.80701754385965,0.385964912280702,217,9
1322,Direct,2024-04-20 00:00:00,47,60,31,52.5166666666667,0.659574468085106,4.73333333333333,0.516666666666667,284,0
1323,Direct,2024-04-21 10:00:00,47,54,33,60.83333333333329,0.702127659574468,4.83333333333333,0.611111111111111,261,10
1324,Direct,2024-04-22 23:00:00,47,61,24,26.4426229508197,0.51063829787234,3.09836065573771,0.39344262295082,189,23
1325,Direct,2024-04-25 13:00:00,47,56,25,54.125,0.531914893617021,3.9285714285714306,0.446428571428571,220,13
1326,Direct,2024-04-26 15:00:00,47,64,35,51.75,0.74468085106383,3.84375,0.546875,246,15
1327,Direct,2024-04-27 17:00:00,47,52,22,27.0384615384615,0.468085106382979,3.8076923076923106,0.423076923076923,198,17
1328,Organic Search,2024-04-06 00:00:00,47,56,41,62.6428571428571,0.872340425531915,4.25,0.732142857142857,238,0
1329,Organic Search,2024-04-07 21:00:00,47,59,32,43.4576271186441,0.680851063829787,4.03389830508475,0.542372881355932,238,21
1330,Organic Search,2024-04-10 22:00:00,47,57,37,56.0701754385965,0.787234042553192,6.50877192982456,0.649122807017544,371,22
1331,Organic Search,2024-04-10 23:00:00,47,53,33,38.377358490566,0.702127659574468,5.24528301886793,0.622641509433962,278,23
1332,Organic Search,2024-04-11 11:00:00,47,55,28,23.1636363636364,0.595744680851064,3.41818181818182,0.509090909090909,188,11
1333,Organic Search,2024-04-20 22:00:00,47,55,35,75.4,0.74468085106383,4.36363636363636,0.636363636363636,240,22
1334,Organic Search,2024-04-26 17:00:00,47,54,33,77.537037037037,0.702127659574468,4.24074074074074,0.611111111111111,229,17
1335,Organic Search,2024-04-28 18:00:00,47,57,37,34.9122807017544,0.787234042553192,4.08771929824561,0.649122807017544,233,18
1336,Organic Search,2024-04-28 19:00:00,47,54,35,48.9814814814815,0.74468085106383,4.48148148148148,0.648148148148148,242,19
1337,Organic Search,2024-04-29 17:00:00,47,55,32,34.1090909090909,0.680851063829787,3.78181818181818,0.581818181818182,208,17
1338,Organic Search,2024-05-03 15:00:00,47,51,34,67.078431372549,0.723404255319149,4.01960784313726,0.666666666666667,205,15
1339,Organic Social,2024-04-12 04:00:00,47,58,26,23.6551724137931,0.553191489361702,4.05172413793104,0.448275862068966,235,4
1340,Organic Social,2024-04-21 00:00:00,47,63,36,55.11111111111111,0.765957446808511,5.77777777777778,0.571428571428571,364,0
1341,Organic Social,2024-04-26 09:00:00,47,58,36,48.7758620689655,0.765957446808511,5.4655172413793105,0.620689655172414,317,9
1342,Referral,2024-04-06 13:00:00,47,52,42,97.5192307692308,0.893617021276596,5.34615384615385,0.807692307692308,278,13
1343,Referral,2024-04-09 13:00:00,47,54,41,89.8148148148148,0.872340425531915,6.77777777777778,0.759259259259259,366,13
1344,Referral,2024-04-10 16:00:00,47,53,34,82.9622641509434,0.723404255319149,5.9622641509434,0.641509433962264,316,16
1345,Referral,2024-04-10 17:00:00,47,56,30,106.607142857143,0.638297872340426,5.375,0.535714285714286,301,17
1346,Referral,2024-04-15 20:00:00,47,54,37,165.685185185185,0.787234042553192,5.55555555555556,0.685185185185185,300,20
1347,Referral,2024-04-16 20:00:00,47,55,36,78.0181818181818,0.765957446808511,6.65454545454545,0.654545454545455,366,20
1348,Referral,2024-04-17 22:00:00,47,59,40,65.0,0.851063829787234,6.50847457627119,0.677966101694915,384,22
1349,Referral,2024-04-20 12:00:00,47,58,38,53.8793103448276,0.808510638297872,4.67241379310345,0.655172413793103,271,12
1350,Referral,2024-04-20 16:00:00,47,52,43,161.519230769231,0.914893617021277,7.51923076923077,0.826923076923077,391,16
1351,Referral,2024-04-21 20:00:00,47,55,33,85.8545454545455,0.702127659574468,5.47272727272727,0.6,301,20
1352,Referral,2024-04-22 14:00:00,47,54,37,99.2962962962963,0.787234042553192,5.38888888888889,0.685185185185185,291,14
1353,Referral,2024-04-23 09:00:00,47,62,38,54.01612903225809,0.808510638297872,5.14516129032258,0.612903225806452,319,9
1354,Referral,2024-04-25 21:00:00,47,56,31,106.678571428571,0.659574468085106,6.10714285714286,0.553571428571429,342,21
1355,Referral,2024-04-27 13:00:00,47,52,40,87.8653846153846,0.851063829787234,6.76923076923077,0.769230769230769,352,13
1356,Referral,2024-05-01 09:00:00,47,55,33,77.0,0.702127659574468,5.76363636363636,0.6,317,9
1357,Direct,2024-04-07 13:00:00,46,56,33,77.4642857142857,0.717391304347826,4.92857142857143,0.589285714285714,276,13
1358,Direct,2024-04-10 16:00:00,46,58,27,30.7241379310345,0.586956521739131,3.51724137931034,0.46551724137931,204,16
1359,Direct,2024-04-18 01:00:00,46,56,33,49.625,0.717391304347826,4.89285714285714,0.589285714285714,274,1
1360,Direct,2024-04-22 13:00:00,46,61,28,42.3606557377049,0.608695652173913,3.73770491803279,0.459016393442623,228,13
1361,Direct,2024-04-24 23:00:00,46,52,23,57.8269230769231,0.5,4.51923076923077,0.442307692307692,235,23
1362,Direct,2024-04-29 16:00:00,46,58,29,72.2241379310345,0.630434782608696,5.5344827586206895,0.5,321,16
1363,Direct,2024-05-01 11:00:00,46,57,23,41.0350877192983,0.5,3.78947368421053,0.403508771929825,216,11
1364,Organic Search,2024-04-06 18:00:00,46,50,30,40.58,0.652173913043478,3.98,0.6,199,18
1365,Organic Search,2024-04-06 20:00:00,46,54,36,55.33333333333329,0.782608695652174,4.48148148148148,0.666666666666667,242,20
1366,Organic Search,2024-04-10 15:00:00,46,56,33,18.8928571428571,0.717391304347826,3.7857142857142896,0.589285714285714,212,15
1367,Organic Search,2024-04-11 13:00:00,46,54,31,40.537037037037,0.673913043478261,4.14814814814815,0.574074074074074,224,13
1368,Organic Search,2024-04-19 16:00:00,46,58,27,43.9137931034483,0.586956521739131,3.91379310344828,0.46551724137931,227,16
1369,Organic Search,2024-04-21 18:00:00,46,55,34,38.2363636363636,0.739130434782609,3.8,0.618181818181818,209,18
1370,Organic Search,2024-04-24 10:00:00,46,54,34,37.037037037037,0.739130434782609,3.92592592592593,0.62962962962963,212,10
1371,Organic Search,2024-04-30 18:00:00,46,53,30,70.3018867924528,0.652173913043478,4.28301886792453,0.566037735849057,227,18
1372,Organic Search,2024-05-02 19:00:00,46,55,29,55.2909090909091,0.630434782608696,6.47272727272727,0.527272727272727,356,19
1373,Organic Search,2024-05-02 23:00:00,46,51,23,40.7647058823529,0.5,3.3921568627451,0.450980392156863,173,23
1374,Organic Social,2024-04-06 02:00:00,46,56,33,51.3571428571429,0.717391304347826,4.69642857142857,0.589285714285714,263,2
1375,Organic Social,2024-04-10 07:00:00,46,73,24,35.7123287671233,0.521739130434783,3.35616438356164,0.328767123287671,245,7
1376,Organic Social,2024-04-11 02:00:00,46,57,30,42.66666666666671,0.652173913043478,4.64912280701754,0.526315789473684,265,2
1377,Organic Social,2024-04-12 07:00:00,46,58,32,29.3793103448276,0.695652173913044,4.1551724137931,0.551724137931035,241,7
1378,Organic Social,2024-04-19 07:00:00,46,68,26,38.1176470588235,0.565217391304348,4.36764705882353,0.382352941176471,297,7
1379,Organic Social,2024-04-23 01:00:00,46,54,32,61.7592592592593,0.695652173913044,5.7037037037037,0.592592592592593,308,1
1380,Organic Social,2024-04-24 07:00:00,46,61,33,65.7213114754098,0.717391304347826,4.34426229508197,0.540983606557377,265,7
1381,Organic Social,2024-04-30 07:00:00,46,60,28,22.3333333333333,0.608695652173913,4.2,0.466666666666667,252,7
1382,Organic Social,2024-05-03 06:00:00,46,57,32,36.5964912280702,0.695652173913044,4.49122807017544,0.56140350877193,256,6
1383,Referral,2024-04-10 22:00:00,46,55,31,59.3636363636364,0.673913043478261,5.61818181818182,0.563636363636364,309,22
1384,Referral,2024-04-11 18:00:00,46,56,34,43.1071428571429,0.739130434782609,4.94642857142857,0.607142857142857,277,18
1385,Referral,2024-04-12 13:00:00,46,54,37,84.1296296296296,0.804347826086957,5.88888888888889,0.685185185185185,318,13
1386,Referral,2024-04-13 18:00:00,46,54,41,88.3518518518519,0.891304347826087,5.59259259259259,0.759259259259259,302,18
1387,Referral,2024-04-14 13:00:00,46,57,37,91.140350877193,0.804347826086957,5.12280701754386,0.649122807017544,292,13
1388,Referral,2024-04-15 22:00:00,46,57,35,98.5087719298246,0.760869565217391,4.47368421052632,0.614035087719298,255,22
1389,Referral,2024-04-16 10:00:00,46,57,27,29.6666666666667,0.586956521739131,4.07017543859649,0.473684210526316,232,10
1390,Referral,2024-04-17 12:00:00,46,54,33,113.962962962963,0.717391304347826,5.81481481481482,0.611111111111111,314,12
1391,Referral,2024-04-21 21:00:00,46,53,34,49.3396226415094,0.739130434782609,5.47169811320755,0.641509433962264,290,21
1392,Referral,2024-04-24 19:00:00,46,53,39,73.0188679245283,0.847826086956522,5.77358490566038,0.735849056603774,306,19
1393,Referral,2024-04-25 15:00:00,46,54,35,91.9444444444444,0.760869565217391,4.75925925925926,0.648148148148148,257,15
1394,Referral,2024-04-26 15:00:00,46,49,34,154.0,0.739130434782609,5.79591836734694,0.693877551020408,284,15
1395,Referral,2024-04-26 16:00:00,46,53,40,50.9622641509434,0.869565217391304,5.24528301886793,0.754716981132076,278,16
1396,Referral,2024-04-26 18:00:00,46,52,35,49.1153846153846,0.760869565217391,5.84615384615385,0.673076923076923,304,18
1397,Direct,2024-04-08 14:00:00,45,55,22,41.4909090909091,0.488888888888889,4.09090909090909,0.4,225,14
1398,Direct,2024-04-08 21:00:00,45,59,23,55.1694915254237,0.511111111111111,3.49152542372881,0.389830508474576,206,21
1399,Direct,2024-04-09 00:00:00,45,57,28,58.66666666666671,0.622222222222222,4.19298245614035,0.491228070175439,239,0
1400,Direct,2024-04-09 01:00:00,45,53,31,118.301886792453,0.688888888888889,3.8679245283018897,0.584905660377359,205,1
1401,Direct,2024-04-10 19:00:00,45,59,23,21.0,0.511111111111111,3.22033898305085,0.389830508474576,190,19
1402,Direct,2024-04-13 13:00:00,45,54,20,55.4444444444444,0.444444444444444,4.59259259259259,0.37037037037037,248,13
1403,Direct,2024-04-15 00:00:00,45,66,28,27.3636363636364,0.622222222222222,3.56060606060606,0.424242424242424,235,0
1404,Direct,2024-04-15 09:00:00,45,52,29,71.0384615384615,0.644444444444445,4.11538461538462,0.557692307692308,214,9
1405,Direct,2024-04-22 10:00:00,45,58,32,86.4655172413793,0.711111111111111,5.74137931034483,0.551724137931035,333,10
1406,Direct,2024-04-22 16:00:00,45,57,26,37.9824561403509,0.577777777777778,3.64912280701754,0.456140350877193,208,16
1407,Direct,2024-04-25 00:00:00,45,57,12,29.7894736842105,0.266666666666667,3.05263157894737,0.210526315789474,174,0
1408,Direct,2024-04-28 14:00:00,45,62,26,33.3064516129032,0.577777777777778,4.32258064516129,0.419354838709677,268,14
1409,Direct,2024-04-28 21:00:00,45,59,26,27.6610169491525,0.577777777777778,3.83050847457627,0.440677966101695,226,21
1410,Direct,2024-05-01 20:00:00,45,61,27,49.0,0.6,5.09836065573771,0.442622950819672,311,20
1411,Organic Search,2024-04-07 13:00:00,45,53,37,35.811320754717,0.822222222222222,3.94339622641509,0.69811320754717,209,13
1412,Organic Search,2024-04-07 22:00:00,45,49,38,51.734693877551,0.844444444444444,4.3469387755102,0.775510204081633,213,22
1413,Organic Search,2024-04-07 23:00:00,45,51,29,26.7843137254902,0.644444444444445,3.7843137254902,0.568627450980392,193,23
1414,Organic Search,2024-04-11 00:00:00,45,59,32,35.8305084745763,0.711111111111111,3.89830508474576,0.542372881355932,230,0
1415,Organic Search,2024-04-11 23:00:00,45,59,26,28.7627118644068,0.577777777777778,3.32203389830508,0.440677966101695,196,23
1416,Organic Search,2024-04-12 23:00:00,45,52,26,63.7307692307692,0.577777777777778,5.19230769230769,0.5,270,23
1417,Organic Search,2024-04-13 23:00:00,45,50,32,44.6,0.711111111111111,3.76,0.64,188,23
1418,Organic Search,2024-04-20 00:00:00,45,52,34,54.0192307692308,0.755555555555556,3.76923076923077,0.653846153846154,196,0
1419,Organic Search,2024-04-20 13:00:00,45,55,31,34.3636363636364,0.688888888888889,3.52727272727273,0.563636363636364,194,13
1420,Organic Search,2024-04-20 15:00:00,45,54,29,40.0,0.644444444444445,4.42592592592593,0.537037037037037,239,15
1421,Organic Search,2024-04-20 19:00:00,45,54,29,30.1111111111111,0.644444444444445,4.0,0.537037037037037,216,19
1422,Organic Search,2024-04-24 09:00:00,45,57,29,43.8070175438597,0.644444444444445,3.52631578947368,0.508771929824561,201,9
1423,Organic Search,2024-04-26 16:00:00,45,54,31,46.4259259259259,0.688888888888889,4.51851851851852,0.574074074074074,244,16
1424,Organic Search,2024-04-27 15:00:00,45,48,28,60.33333333333329,0.622222222222222,4.625,0.583333333333333,222,15
1425,Organic Search,2024-04-28 11:00:00,45,51,33,58.3921568627451,0.733333333333333,3.54901960784314,0.647058823529412,181,11
1426,Organic Search,2024-04-28 21:00:00,45,54,35,85.6111111111111,0.777777777777778,4.44444444444445,0.648148148148148,240,21
1427,Organic Social,2024-04-07 02:00:00,45,61,35,52.6229508196721,0.777777777777778,5.67213114754098,0.573770491803279,346,2
1428,Organic Social,2024-04-11 07:00:00,45,57,25,72.4035087719298,0.555555555555556,5.05263157894737,0.43859649122807,288,7
1429,Organic Social,2024-04-14 02:00:00,45,62,29,15.8225806451613,0.644444444444445,3.2741935483871,0.467741935483871,203,2
1430,Organic Social,2024-04-24 01:00:00,45,62,28,40.1935483870968,0.622222222222222,4.14516129032258,0.451612903225806,257,1
1431,Referral,2024-04-06 21:00:00,45,49,34,64.9795918367347,0.755555555555556,6.22448979591837,0.693877551020408,305,21
1432,Referral,2024-04-07 14:00:00,45,50,31,108.52,0.688888888888889,5.58,0.62,279,14
1433,Referral,2024-04-07 17:00:00,45,53,35,58.5849056603774,0.777777777777778,4.90566037735849,0.660377358490566,260,17
1434,Referral,2024-04-07 18:00:00,45,49,37,398.632653061225,0.822222222222222,6.14285714285714,0.755102040816327,301,18
1435,Referral,2024-04-09 15:00:00,45,52,33,105.211538461538,0.733333333333333,6.32692307692308,0.634615384615385,329,15
1436,Referral,2024-04-09 17:00:00,45,53,31,73.5660377358491,0.688888888888889,4.64150943396226,0.584905660377359,246,17
1437,Referral,2024-04-15 21:00:00,45,52,37,119.019230769231,0.822222222222222,5.13461538461539,0.711538461538462,267,21
1438,Referral,2024-04-17 20:00:00,45,56,33,93.6428571428571,0.733333333333333,5.58928571428571,0.589285714285714,313,20
1439,Referral,2024-04-18 12:00:00,45,53,36,91.0754716981132,0.8,4.9433962264151,0.679245283018868,262,12
1440,Referral,2024-04-19 15:00:00,45,53,34,82.5471698113208,0.755555555555556,5.30188679245283,0.641509433962264,281,15
1441,Referral,2024-04-22 13:00:00,45,57,40,54.5438596491228,0.888888888888889,5.07017543859649,0.701754385964912,289,13
1442,Referral,2024-04-24 10:00:00,45,51,36,36.4313725490196,0.8,3.80392156862745,0.705882352941177,194,10
1443,Referral,2024-04-25 12:00:00,45,54,34,110.074074074074,0.755555555555556,5.03703703703704,0.62962962962963,272,12
1444,Referral,2024-04-30 08:00:00,45,53,35,95.0566037735849,0.777777777777778,5.075471698113209,0.660377358490566,269,8
1445,Direct,2024-04-06 20:00:00,44,50,29,48.06,0.659090909090909,3.88,0.58,194,20
1446,Direct,2024-04-11 18:00:00,44,55,28,87.8727272727273,0.636363636363636,4.56363636363636,0.509090909090909,251,18
1447,Direct,2024-04-12 07:00:00,44,50,26,83.2,0.590909090909091,3.82,0.52,191,7
1448,Direct,2024-04-16 00:00:00,44,55,22,39.8,0.5,4.47272727272727,0.4,246,0
1449,Direct,2024-04-20 09:00:00,44,52,28,42.8846153846154,0.636363636363636,4.23076923076923,0.538461538461538,220,9
1450,Direct,2024-04-20 22:00:00,44,60,28,16.9666666666667,0.636363636363636,3.7333333333333294,0.466666666666667,224,22
1451,Direct,2024-04-21 20:00:00,44,59,20,23.1864406779661,0.454545454545455,3.69491525423729,0.338983050847458,218,20
1452,Direct,2024-04-24 11:00:00,44,54,26,33.5,0.590909090909091,4.25925925925926,0.481481481481481,230,11
1453,Direct,2024-04-24 18:00:00,44,58,20,71.448275862069,0.454545454545455,4.36206896551724,0.344827586206897,253,18
1454,Direct,2024-04-27 23:00:00,44,61,29,26.0655737704918,0.659090909090909,3.78688524590164,0.475409836065574,231,23
1455,Direct,2024-04-28 00:00:00,44,56,24,23.7857142857143,0.545454545454545,3.26785714285714,0.428571428571429,183,0
1456,Direct,2024-04-28 12:00:00,44,53,24,45.7924528301887,0.545454545454545,4.71698113207547,0.452830188679245,250,12
1457,Direct,2024-04-28 13:00:00,44,53,27,75.7358490566038,0.613636363636364,5.75471698113208,0.509433962264151,305,13
1458,Direct,2024-04-29 00:00:00,44,58,27,40.29310344827591,0.613636363636364,3.60344827586207,0.46551724137931,209,0
1459,Organic Search,2024-04-06 12:00:00,44,51,28,44.0980392156863,0.636363636363636,4.70588235294118,0.549019607843137,240,12
1460,Organic Search,2024-04-06 19:00:00,44,49,33,62.285714285714306,0.75,4.40816326530612,0.673469387755102,216,19
1461,Organic Search,2024-04-07 16:00:00,44,52,35,51.9807692307692,0.795454545454545,3.98076923076923,0.673076923076923,207,16
1462,Organic Search,2024-04-11 17:00:00,44,52,33,61.3076923076923,0.75,3.96153846153846,0.634615384615385,206,17
1463,Organic Search,2024-04-12 00:00:00,44,49,32,91.7142857142857,0.727272727272727,5.306122448979591,0.653061224489796,260,0
1464,Organic Search,2024-04-13 00:00:00,44,56,33,57.410714285714306,0.75,4.41071428571429,0.589285714285714,247,0
1465,Organic Search,2024-04-16 08:00:00,44,51,21,22.5098039215686,0.477272727272727,3.50980392156863,0.411764705882353,179,8
1466,Organic Search,2024-04-16 09:00:00,44,54,32,80.9259259259259,0.727272727272727,3.24074074074074,0.592592592592593,175,9
1467,Organic Search,2024-04-17 02:00:00,44,49,26,32.3265306122449,0.590909090909091,3.81632653061225,0.530612244897959,187,2
1468,Organic Search,2024-04-20 11:00:00,44,53,31,39.377358490566,0.704545454545455,3.54716981132076,0.584905660377359,188,11
1469,Organic Search,2024-04-24 17:00:00,44,51,26,51.3725490196078,0.590909090909091,4.725490196078431,0.509803921568627,241,17
1470,Organic Search,2024-04-27 13:00:00,44,48,28,42.8125,0.636363636363636,4.3125,0.583333333333333,207,13
1471,Organic Search,2024-04-28 16:00:00,44,53,28,50.1509433962264,0.636363636363636,4.26415094339623,0.528301886792453,226,16
1472,Organic Search,2024-04-28 17:00:00,44,50,30,51.54,0.681818181818182,3.86,0.6,193,17
1473,Organic Search,2024-05-03 18:00:00,44,52,32,66.6923076923077,0.727272727272727,4.44230769230769,0.615384615384615,231,18
1474,Organic Social,2024-04-08 01:00:00,44,52,28,46.6923076923077,0.636363636363636,3.92307692307692,0.538461538461538,204,1
1475,Organic Social,2024-04-08 08:00:00,44,52,34,56.6923076923077,0.772727272727273,5.55769230769231,0.653846153846154,289,8
1476,Organic Social,2024-04-14 04:00:00,44,54,27,64.962962962963,0.613636363636364,5.07407407407407,0.5,274,4
1477,Organic Social,2024-04-30 02:00:00,44,55,28,102.545454545455,0.636363636363636,5.09090909090909,0.509090909090909,280,2
1478,Organic Social,2024-05-01 07:00:00,44,59,34,33.3220338983051,0.772727272727273,4.23728813559322,0.576271186440678,250,7
1479,Organic Social,2024-05-02 06:00:00,44,52,32,77.2692307692308,0.727272727272727,5.34615384615385,0.615384615384615,278,6
1480,Referral,2024-04-06 17:00:00,44,49,35,57.3061224489796,0.795454545454545,4.6530612244898,0.714285714285714,228,17
1481,Referral,2024-04-09 00:00:00,44,50,36,186.08,0.818181818181818,6.42,0.72,321,0
1482,Referral,2024-04-09 19:00:00,44,57,31,59.6491228070175,0.704545454545455,5.50877192982456,0.543859649122807,314,19
1483,Referral,2024-04-09 23:00:00,44,49,27,97.8367346938776,0.613636363636364,6.20408163265306,0.551020408163265,304,23
1484,Referral,2024-04-10 10:00:00,44,54,36,102.666666666667,0.818181818181818,7.64814814814815,0.666666666666667,413,10
1485,Referral,2024-04-13 10:00:00,44,50,36,58.28,0.818181818181818,6.76,0.72,338,10
1486,Referral,2024-04-13 21:00:00,44,53,38,168.0,0.863636363636364,6.15094339622642,0.716981132075472,326,21
1487,Referral,2024-04-14 12:00:00,44,49,39,134.0,0.886363636363636,6.306122448979591,0.795918367346939,309,12
1488,Referral,2024-04-14 19:00:00,44,52,36,84.3076923076923,0.818181818181818,6.28846153846154,0.692307692307692,327,19
1489,Referral,2024-04-15 12:00:00,44,49,36,145.244897959184,0.818181818181818,4.89795918367347,0.73469387755102,240,12
1490,Referral,2024-04-15 18:00:00,44,59,35,164.101694915254,0.795454545454545,7.22033898305085,0.593220338983051,426,18
1491,Referral,2024-04-16 13:00:00,44,53,37,93.6037735849057,0.840909090909091,5.05660377358491,0.69811320754717,268,13
1492,Referral,2024-04-16 15:00:00,44,52,32,72.9038461538462,0.727272727272727,5.40384615384615,0.615384615384615,281,15
1493,Referral,2024-04-19 11:00:00,44,54,39,118.851851851852,0.886363636363636,7.57407407407407,0.722222222222222,409,11
1494,Referral,2024-04-19 20:00:00,44,51,31,111.21568627451,0.704545454545455,6.13725490196079,0.607843137254902,313,20
1495,Referral,2024-04-23 10:00:00,44,58,36,98.7758620689655,0.818181818181818,5.67241379310345,0.620689655172414,329,10
1496,Referral,2024-04-28 19:00:00,44,49,37,97.5918367346939,0.840909090909091,5.97959183673469,0.755102040816327,293,19
1497,Referral,2024-05-02 06:00:00,44,51,36,70.7254901960784,0.818181818181818,4.52941176470588,0.705882352941177,231,6
1498,Direct,2024-04-06 14:00:00,43,51,22,73.3529411764706,0.511627906976744,3.54901960784314,0.431372549019608,181,14
1499,Direct,2024-04-07 12:00:00,43,56,27,32.5714285714286,0.627906976744186,4.17857142857143,0.482142857142857,234,12
1500,Direct,2024-04-11 10:00:00,43,52,21,24.75,0.488372093023256,3.26923076923077,0.403846153846154,170,10
1501,Direct,2024-04-11 11:00:00,43,52,27,48.3846153846154,0.627906976744186,4.76923076923077,0.519230769230769,248,11
1502,Direct,2024-04-20 16:00:00,43,54,24,43.0,0.558139534883721,3.77777777777778,0.444444444444444,204,16
1503,Direct,2024-04-21 12:00:00,43,52,22,58.3653846153846,0.511627906976744,4.38461538461539,0.423076923076923,228,12
1504,Direct,2024-04-21 15:00:00,43,52,27,29.5769230769231,0.627906976744186,3.40384615384615,0.519230769230769,177,15
1505,Direct,2024-04-22 17:00:00,43,54,28,34.4074074074074,0.651162790697675,4.18518518518519,0.518518518518519,226,17
1506,Direct,2024-04-23 22:00:00,43,53,18,43.811320754717,0.418604651162791,4.28301886792453,0.339622641509434,227,22
1507,Direct,2024-04-24 19:00:00,43,57,25,23.140350877193,0.581395348837209,4.52631578947368,0.43859649122807,258,19
1508,Direct,2024-04-26 23:00:00,43,58,26,24.0172413793103,0.604651162790698,4.08620689655172,0.448275862068966,237,23
1509,Direct,2024-04-27 11:00:00,43,57,30,49.66666666666671,0.697674418604651,3.40350877192982,0.526315789473684,194,11
1510,Direct,2024-04-27 21:00:00,43,57,28,61.3684210526316,0.651162790697675,5.89473684210526,0.491228070175439,336,21
1511,Direct,2024-05-01 18:00:00,43,50,23,62.58,0.534883720930233,3.98,0.46,199,18
1512,Direct,2024-05-02 11:00:00,43,59,28,67.728813559322,0.651162790697675,5.0,0.474576271186441,295,11
1513,Direct,2024-05-02 17:00:00,43,53,25,165.339622641509,0.581395348837209,5.0188679245283,0.471698113207547,266,17
1514,Organic Search,2024-04-06 15:00:00,43,53,35,76.4150943396226,0.813953488372093,4.30188679245283,0.660377358490566,228,15
1515,Organic Search,2024-04-07 11:00:00,43,46,28,39.1304347826087,0.651162790697675,3.97826086956522,0.608695652173913,183,11
1516,Organic Search,2024-04-07 15:00:00,43,52,35,57.8076923076923,0.813953488372093,4.38461538461539,0.673076923076923,228,15
1517,Organic Search,2024-04-08 23:00:00,43,51,25,43.2352941176471,0.581395348837209,3.6470588235294095,0.490196078431373,186,23
1518,Organic Search,2024-04-12 09:00:00,43,56,26,70.2142857142857,0.604651162790698,4.01785714285714,0.464285714285714,225,9
1519,Organic Search,2024-04-16 00:00:00,43,53,29,72.377358490566,0.674418604651163,4.13207547169811,0.547169811320755,219,0
1520,Organic Search,2024-04-17 10:00:00,43,48,33,43.27083333333329,0.767441860465116,4.3125,0.6875,207,10
1521,Organic Search,2024-04-18 01:00:00,43,49,33,22.0816326530612,0.767441860465116,3.81632653061225,0.673469387755102,187,1
1522,Organic Search,2024-04-18 08:00:00,43,47,35,31.8723404255319,0.813953488372093,3.87234042553192,0.74468085106383,182,8
1523,Organic Search,2024-04-26 22:00:00,43,49,29,52.1020408163265,0.674418604651163,4.46938775510204,0.591836734693878,219,22
1524,Organic Search,2024-04-27 18:00:00,43,53,29,35.811320754717,0.674418604651163,3.81132075471698,0.547169811320755,202,18
1525,Organic Search,2024-04-28 14:00:00,43,49,32,39.5510204081633,0.744186046511628,4.40816326530612,0.653061224489796,216,14
1526,Organic Search,2024-05-01 15:00:00,43,50,32,71.5,0.744186046511628,4.14,0.64,207,15
1527,Organic Search,2024-05-03 08:00:00,43,50,34,59.7,0.790697674418605,5.72,0.68,286,8
1528,Organic Search,2024-05-03 16:00:00,43,53,26,30.0754716981132,0.604651162790698,3.54716981132076,0.490566037735849,188,16
1529,Organic Social,2024-04-06 10:00:00,43,52,27,55.4615384615385,0.627906976744186,6.25,0.519230769230769,325,10
1530,Organic Social,2024-04-09 02:00:00,43,55,32,94.8181818181818,0.744186046511628,4.52727272727273,0.581818181818182,249,2
1531,Organic Social,2024-04-13 01:00:00,43,71,33,37.6760563380282,0.767441860465116,4.14084507042254,0.464788732394366,294,1
1532,Organic Social,2024-04-15 06:00:00,43,51,26,22.2156862745098,0.604651162790698,3.80392156862745,0.509803921568627,194,6
1533,Organic Social,2024-04-16 07:00:00,43,57,30,25.0526315789474,0.697674418604651,4.19298245614035,0.526315789473684,239,7
1534,Organic Social,2024-04-25 01:00:00,43,68,38,29.0882352941177,0.883720930232558,4.66176470588235,0.558823529411765,317,1
1535,Organic Social,2024-05-03 05:00:00,43,55,27,25.8,0.627906976744186,4.18181818181818,0.490909090909091,230,5
1536,Referral,2024-04-09 16:00:00,43,55,36,95.0181818181818,0.837209302325581,4.65454545454545,0.654545454545455,256,16
1537,Referral,2024-04-11 20:00:00,43,55,31,68.1090909090909,0.72093023255814,8.14545454545455,0.563636363636364,448,20
1538,Referral,2024-04-13 14:00:00,43,50,33,89.76,0.767441860465116,5.4,0.66,270,14
1539,Referral,2024-04-14 20:00:00,43,47,37,111.63829787234,0.86046511627907,5.46808510638298,0.787234042553192,257,20
1540,Referral,2024-04-15 16:00:00,43,58,31,148.275862068966,0.72093023255814,7.39655172413793,0.53448275862069,429,16
1541,Referral,2024-04-18 09:00:00,43,49,34,74.2857142857143,0.790697674418605,5.02040816326531,0.693877551020408,246,9
1542,Referral,2024-04-19 12:00:00,43,54,35,139.944444444444,0.813953488372093,5.44444444444445,0.648148148148148,294,12
1543,Referral,2024-04-19 19:00:00,43,51,36,103.803921568627,0.837209302325581,6.07843137254902,0.705882352941177,310,19
1544,Referral,2024-04-19 22:00:00,43,50,34,89.52,0.790697674418605,6.32,0.68,316,22
1545,Referral,2024-04-20 22:00:00,43,47,33,64.1489361702128,0.767441860465116,4.42553191489362,0.702127659574468,208,22
1546,Referral,2024-04-22 23:00:00,43,54,28,51.9444444444444,0.651162790697675,4.88888888888889,0.518518518518519,264,23
1547,Referral,2024-04-27 17:00:00,43,48,33,67.0416666666667,0.767441860465116,6.25,0.6875,300,17
1548,Referral,2024-04-27 18:00:00,43,50,32,75.54,0.744186046511628,6.22,0.64,311,18
1549,Referral,2024-05-02 09:00:00,43,54,29,66.5555555555556,0.674418604651163,4.72222222222222,0.537037037037037,255,9
1550,Referral,2024-05-03 00:00:00,43,47,33,93.063829787234,0.767441860465116,8.27659574468085,0.702127659574468,389,0
1551,Direct,2024-04-06 13:00:00,42,56,26,51.035714285714306,0.619047619047619,4.23214285714286,0.464285714285714,237,13
1552,Direct,2024-04-09 10:00:00,42,50,15,45.76,0.357142857142857,3.62,0.3,181,10
1553,Direct,2024-04-16 16:00:00,42,50,24,41.9,0.571428571428571,4.3,0.48,215,16
1554,Direct,2024-04-21 18:00:00,42,52,14,13.2692307692308,0.333333333333333,2.92307692307692,0.269230769230769,152,18
1555,Direct,2024-04-24 00:00:00,42,56,31,118.767857142857,0.738095238095238,4.05357142857143,0.553571428571429,227,0
1556,Direct,2024-04-26 22:00:00,42,62,25,20.7741935483871,0.595238095238095,3.8225806451612896,0.403225806451613,237,22
1557,Direct,2024-04-27 12:00:00,42,49,27,50.1836734693878,0.642857142857143,5.38775510204082,0.551020408163265,264,12
1558,Direct,2024-04-27 18:00:00,42,49,30,81.5918367346939,0.714285714285714,5.38775510204082,0.612244897959184,264,18
1559,Direct,2024-04-27 20:00:00,42,57,22,59.0526315789474,0.523809523809524,4.54385964912281,0.385964912280702,259,20
1560,Direct,2024-05-01 12:00:00,42,56,26,67.5,0.619047619047619,4.48214285714286,0.464285714285714,251,12
1561,Direct,2024-05-01 13:00:00,42,52,20,21.0961538461538,0.476190476190476,3.21153846153846,0.384615384615385,167,13
1562,Direct,2024-05-02 18:00:00,42,65,25,66.8,0.595238095238095,4.72307692307692,0.384615384615385,307,18
1563,Direct,2024-05-03 01:00:00,42,59,26,104.220338983051,0.619047619047619,4.88135593220339,0.440677966101695,288,1
1564,Organic Search,2024-04-06 13:00:00,42,44,28,41.0909090909091,0.666666666666667,3.88636363636364,0.636363636363636,171,13
1565,Organic Search,2024-04-06 17:00:00,42,45,29,30.0222222222222,0.690476190476191,3.75555555555556,0.644444444444445,169,17
1566,Organic Search,2024-04-14 14:00:00,42,50,30,43.84,0.714285714285714,4.54,0.6,227,14
1567,Organic Search,2024-04-21 23:00:00,42,53,27,35.5471698113208,0.642857142857143,3.32075471698113,0.509433962264151,176,23
1568,Organic Search,2024-04-22 23:00:00,42,56,23,39.535714285714306,0.547619047619048,3.23214285714286,0.410714285714286,181,23
1569,Organic Search,2024-04-26 10:00:00,42,53,28,55.094339622641506,0.666666666666667,3.84905660377359,0.528301886792453,204,10
1570,Organic Search,2024-04-26 20:00:00,42,47,33,60.468085106383,0.785714285714286,5.8936170212766,0.702127659574468,277,20
1571,Organic Search,2024-04-27 21:00:00,42,48,33,35.9166666666667,0.785714285714286,3.6666666666666705,0.6875,176,21
1572,Organic Search,2024-04-30 16:00:00,42,52,29,42.25,0.690476190476191,3.82692307692308,0.557692307692308,199,16
1573,Organic Social,2024-04-12 02:00:00,42,56,22,39.8928571428571,0.523809523809524,4.48214285714286,0.392857142857143,251,2
1574,Organic Social,2024-04-12 05:00:00,42,47,28,18.7446808510638,0.666666666666667,4.19148936170213,0.595744680851064,197,5
1575,Organic Social,2024-04-13 08:00:00,42,55,27,57.7272727272727,0.642857142857143,3.76363636363636,0.490909090909091,207,8
1576,Organic Social,2024-04-19 02:00:00,42,61,19,57.3114754098361,0.452380952380952,3.52459016393443,0.311475409836066,215,2
1577,Organic Social,2024-04-23 00:00:00,42,60,34,60.7166666666667,0.80952380952381,7.21666666666667,0.566666666666667,433,0
1578,Organic Social,2024-04-25 07:00:00,42,55,26,49.4,0.619047619047619,4.6,0.472727272727273,253,7
1579,Organic Social,2024-04-26 01:00:00,42,54,33,211.537037037037,0.785714285714286,5.16666666666667,0.611111111111111,279,1
1580,Organic Social,2024-05-02 07:00:00,42,52,37,41.6153846153846,0.880952380952381,4.80769230769231,0.711538461538462,250,7
1581,Referral,2024-04-06 15:00:00,42,45,31,90.0222222222222,0.738095238095238,5.4,0.688888888888889,243,15
1582,Referral,2024-04-06 20:00:00,42,51,34,90.1176470588235,0.80952380952381,6.82352941176471,0.666666666666667,348,20
1583,Referral,2024-04-08 09:00:00,42,47,35,61.1702127659574,0.833333333333333,5.25531914893617,0.74468085106383,247,9
1584,Referral,2024-04-14 11:00:00,42,46,30,71.1086956521739,0.714285714285714,6.84782608695652,0.652173913043478,315,11
1585,Referral,2024-04-14 18:00:00,42,47,33,108.0,0.785714285714286,5.61702127659575,0.702127659574468,264,18
1586,Referral,2024-04-14 22:00:00,42,54,35,76.3703703703704,0.833333333333333,6.7037037037037,0.648148148148148,362,22
1587,Referral,2024-04-20 18:00:00,42,47,34,70.1063829787234,0.80952380952381,5.76595744680851,0.723404255319149,271,18
1588,Referral,2024-04-21 11:00:00,42,46,37,89.6739130434783,0.880952380952381,6.36956521739131,0.804347826086957,293,11
1589,Referral,2024-04-21 18:00:00,42,47,33,75.9574468085106,0.785714285714286,5.1063829787234,0.702127659574468,240,18
1590,Referral,2024-04-27 10:00:00,42,47,34,173.404255319149,0.80952380952381,10.5957446808511,0.723404255319149,498,10
1591,Referral,2024-04-27 15:00:00,42,49,33,64.1428571428571,0.785714285714286,5.95918367346939,0.673469387755102,292,15
1592,Referral,2024-04-27 21:00:00,42,48,27,53.33333333333329,0.642857142857143,5.0,0.5625,240,21
1593,Referral,2024-04-29 09:00:00,42,50,37,50.28,0.880952380952381,5.86,0.74,293,9
1594,Direct,2024-04-06 18:00:00,41,55,23,43.0727272727273,0.560975609756098,4.36363636363636,0.418181818181818,240,18
1595,Direct,2024-04-07 11:00:00,41,55,25,24.2909090909091,0.609756097560976,3.18181818181818,0.454545454545455,175,11
1596,Direct,2024-04-07 16:00:00,41,47,23,62.8723404255319,0.560975609756098,5.4468085106383,0.48936170212766,256,16
1597,Direct,2024-04-09 13:00:00,41,53,24,51.0754716981132,0.585365853658537,3.54716981132076,0.452830188679245,188,13
1598,Direct,2024-04-10 20:00:00,41,55,19,20.1636363636364,0.463414634146342,3.01818181818182,0.345454545454545,166,20
1599,Direct,2024-04-11 12:00:00,41,52,27,64.0576923076923,0.658536585365854,3.90384615384615,0.519230769230769,203,12
1600,Direct,2024-04-13 10:00:00,41,45,22,23.8666666666667,0.536585365853659,3.64444444444444,0.488888888888889,164,10
1601,Direct,2024-04-14 14:00:00,41,58,24,34.1379310344828,0.585365853658537,4.82758620689655,0.413793103448276,280,14
1602,Direct,2024-04-16 09:00:00,41,52,28,37.1730769230769,0.682926829268293,4.32692307692308,0.538461538461538,225,9
1603,Direct,2024-04-16 17:00:00,41,49,19,47.8571428571429,0.463414634146342,4.81632653061225,0.387755102040816,236,17
1604,Direct,2024-04-17 08:00:00,41,50,25,66.16,0.609756097560976,5.88,0.5,294,8
1605,Direct,2024-04-19 08:00:00,41,50,29,39.74,0.707317073170732,4.56,0.58,228,8
1606,Direct,2024-04-20 10:00:00,41,55,32,49.9818181818182,0.780487804878049,4.34545454545455,0.581818181818182,239,10
1607,Direct,2024-04-20 14:00:00,41,51,26,48.3137254901961,0.634146341463415,3.86274509803922,0.509803921568627,197,14
1608,Direct,2024-04-20 15:00:00,41,50,27,53.64,0.658536585365854,3.88,0.54,194,15
1609,Direct,2024-04-20 21:00:00,41,54,22,46.2222222222222,0.536585365853659,4.35185185185185,0.407407407407407,235,21
1610,Direct,2024-04-24 17:00:00,41,53,19,13.5849056603774,0.463414634146342,3.43396226415094,0.358490566037736,182,17
1611,Direct,2024-04-25 09:00:00,41,52,28,52.4807692307692,0.682926829268293,4.13461538461539,0.538461538461538,215,9
1612,Direct,2024-04-26 14:00:00,41,46,24,50.9347826086957,0.585365853658537,4.69565217391304,0.521739130434783,216,14
1613,Direct,2024-04-28 11:00:00,41,48,21,27.8125,0.51219512195122,3.5625,0.4375,171,11
1614,Direct,2024-04-28 15:00:00,41,53,22,21.7358490566038,0.536585365853659,3.9245283018867902,0.415094339622642,208,15
1615,Direct,2024-04-28 17:00:00,41,57,24,63.578947368421105,0.585365853658537,4.49122807017544,0.421052631578947,256,17
1616,Organic Search,2024-04-10 01:00:00,41,47,23,29.5744680851064,0.560975609756098,3.40425531914894,0.48936170212766,160,1
1617,Organic Search,2024-04-14 09:00:00,41,47,30,73.2127659574468,0.731707317073171,5.63829787234043,0.638297872340426,265,9
1618,Organic Search,2024-04-20 20:00:00,41,50,28,62.4,0.682926829268293,5.96,0.56,298,20
1619,Organic Search,2024-04-21 13:00:00,41,48,29,51.20833333333329,0.707317073170732,3.9375,0.604166666666667,189,13
1620,Organic Search,2024-04-21 19:00:00,41,56,28,51.5714285714286,0.682926829268293,3.8214285714285694,0.5,214,19
1621,Organic Search,2024-04-23 17:00:00,41,49,30,72.3877551020408,0.731707317073171,4.6530612244898,0.612244897959184,228,17
1622,Organic Search,2024-04-27 17:00:00,41,48,29,25.8958333333333,0.707317073170732,3.8125,0.604166666666667,183,17
1623,Organic Search,2024-04-28 15:00:00,41,48,24,58.3125,0.585365853658537,4.375,0.5,210,15
1624,Organic Search,2024-05-03 23:00:00,41,47,31,55.4893617021277,0.75609756097561,5.1063829787234,0.659574468085106,240,23
1625,Organic Social,2024-04-28 07:00:00,41,54,29,31.5740740740741,0.707317073170732,4.18518518518519,0.537037037037037,226,7
1626,Organic Social,2024-05-01 08:00:00,41,55,25,59.0363636363636,0.609756097560976,4.47272727272727,0.454545454545455,246,8
1627,Referral,2024-04-07 00:00:00,41,47,29,107.127659574468,0.707317073170732,5.74468085106383,0.617021276595745,270,0
1628,Referral,2024-04-10 23:00:00,41,43,30,101.720930232558,0.731707317073171,5.69767441860465,0.697674418604651,245,23
1629,Referral,2024-04-11 00:00:00,41,53,33,198.433962264151,0.804878048780488,5.9622641509434,0.622641509433962,316,0
1630,Referral,2024-04-11 01:00:00,41,46,32,94.5217391304348,0.780487804878049,5.32608695652174,0.695652173913044,245,1
1631,Referral,2024-04-11 16:00:00,41,52,30,79.9230769230769,0.731707317073171,5.28846153846154,0.576923076923077,275,16
1632,Referral,2024-04-13 11:00:00,41,51,39,133.56862745098,0.951219512195122,7.11764705882353,0.764705882352941,363,11
1633,Referral,2024-04-14 14:00:00,41,48,32,119.729166666667,0.780487804878049,6.0,0.666666666666667,288,14
1634,Referral,2024-04-19 17:00:00,41,49,33,82.6734693877551,0.804878048780488,4.24489795918367,0.673469387755102,208,17
1635,Referral,2024-04-20 13:00:00,41,46,28,68.1304347826087,0.682926829268293,6.06521739130435,0.608695652173913,279,13
1636,Referral,2024-04-21 15:00:00,41,53,32,83.1509433962264,0.780487804878049,5.79245283018868,0.60377358490566,307,15
1637,Referral,2024-04-22 09:00:00,41,50,32,33.68,0.780487804878049,4.36,0.64,218,9
1638,Direct,2024-04-18 08:00:00,40,52,26,40.3653846153846,0.65,4.98076923076923,0.5,259,8
1639,Direct,2024-04-19 02:00:00,40,45,16,24.6888888888889,0.4,3.6,0.355555555555556,162,2
1640,Direct,2024-04-21 14:00:00,40,52,22,26.7884615384615,0.55,3.63461538461538,0.423076923076923,189,14
1641,Direct,2024-04-27 13:00:00,40,48,24,72.75,0.6,4.14583333333333,0.5,199,13
1642,Direct,2024-04-27 19:00:00,40,52,17,27.5961538461538,0.425,3.88461538461538,0.326923076923077,202,19
1643,Direct,2024-04-29 01:00:00,40,49,20,48.8775510204082,0.5,4.51020408163265,0.408163265306122,221,1
1644,Direct,2024-05-01 10:00:00,40,54,19,42.2777777777778,0.475,4.0,0.351851851851852,216,10
1645,Direct,2024-05-03 09:00:00,40,50,23,31.42,0.575,4.56,0.46,228,9
1646,Organic Search,2024-04-10 09:00:00,40,48,33,55.5,0.825,3.6458333333333295,0.6875,175,9
1647,Organic Search,2024-04-19 07:00:00,40,45,29,49.6,0.725,4.64444444444445,0.644444444444445,209,7
1648,Organic Search,2024-04-21 15:00:00,40,56,29,36.3928571428571,0.725,4.07142857142857,0.517857142857143,228,15
1649,Organic Search,2024-04-27 11:00:00,40,49,24,66.6938775510204,0.6,4.42857142857143,0.489795918367347,217,11
1650,Organic Search,2024-04-30 17:00:00,40,47,21,40.76595744680849,0.525,3.42553191489362,0.446808510638298,161,17
1651,Organic Search,2024-04-30 21:00:00,40,46,24,29.7173913043478,0.6,3.52173913043478,0.521739130434783,162,21
1652,Organic Search,2024-05-03 17:00:00,40,44,29,55.5454545454546,0.725,5.20454545454545,0.659090909090909,229,17
1653,Organic Social,2024-04-08 07:00:00,40,48,32,105.8125,0.8,7.29166666666667,0.666666666666667,350,7
1654,Organic Social,2024-04-09 03:00:00,40,51,25,63.078431372549,0.625,4.17647058823529,0.490196078431373,213,3
1655,Organic Social,2024-04-09 07:00:00,40,54,24,56.4074074074074,0.6,4.98148148148148,0.444444444444444,269,7
1656,Organic Social,2024-04-09 08:00:00,40,64,27,41.875,0.675,4.421875,0.421875,283,8
1657,Organic Social,2024-04-18 07:00:00,40,52,25,48.4230769230769,0.625,5.28846153846154,0.480769230769231,275,7
1658,Organic Social,2024-04-24 02:00:00,40,54,27,30.9074074074074,0.675,4.16666666666667,0.5,225,2
1659,Organic Social,2024-04-25 08:00:00,40,59,29,72.7627118644068,0.725,4.89830508474576,0.491525423728814,289,8
1660,Organic Social,2024-04-27 09:00:00,40,56,29,39.339285714285694,0.725,4.76785714285714,0.517857142857143,267,9
1661,Organic Social,2024-04-29 23:00:00,40,47,25,103.340425531915,0.625,5.57446808510638,0.531914893617021,262,23
1662,Referral,2024-04-09 10:00:00,40,50,37,104.82,0.925,5.8,0.74,290,10
1663,Referral,2024-04-11 23:00:00,40,46,28,56.7826086956522,0.7,4.93478260869565,0.608695652173913,227,23
1664,Referral,2024-04-12 00:00:00,40,52,32,162.461538461538,0.8,6.61538461538462,0.615384615384615,344,0
1665,Referral,2024-04-14 10:00:00,40,50,27,42.2,0.675,6.22,0.54,311,10
1666,Referral,2024-04-27 23:00:00,40,44,31,141.840909090909,0.775,7.04545454545455,0.704545454545455,310,23
1667,Referral,2024-04-28 15:00:00,40,43,30,82.5348837209302,0.75,6.6046511627907,0.697674418604651,284,15
1668,Referral,2024-04-30 00:00:00,40,49,30,109.836734693878,0.75,5.53061224489796,0.612244897959184,271,0
1669,Referral,2024-04-30 17:00:00,40,49,27,141.020408163265,0.675,5.08163265306123,0.551020408163265,249,17
1670,Referral,2024-05-03 01:00:00,40,41,29,118.219512195122,0.725,7.73170731707317,0.707317073170732,317,1
1671,Direct,2024-04-06 16:00:00,39,49,23,50.755102040816304,0.58974358974359,3.63265306122449,0.469387755102041,178,16
1672,Direct,2024-04-09 07:00:00,39,44,16,29.4772727272727,0.41025641025641,4.20454545454545,0.363636363636364,185,7
1673,Direct,2024-04-13 15:00:00,39,49,20,90.9183673469388,0.512820512820513,3.93877551020408,0.408163265306122,193,15
1674,Direct,2024-04-14 10:00:00,39,48,17,46.625,0.435897435897436,4.5625,0.354166666666667,219,10
1675,Direct,2024-04-22 02:00:00,39,46,26,34.6304347826087,0.666666666666667,4.04347826086957,0.565217391304348,186,2
1676,Direct,2024-04-24 09:00:00,39,47,16,63.76595744680849,0.41025641025641,4.04255319148936,0.340425531914894,190,9
1677,Direct,2024-04-26 09:00:00,39,50,23,42.54,0.58974358974359,3.62,0.46,181,9
1678,Direct,2024-04-28 16:00:00,39,49,20,20.3061224489796,0.512820512820513,3.61224489795918,0.408163265306122,177,16
1679,Direct,2024-04-28 18:00:00,39,49,20,19.3469387755102,0.512820512820513,4.0,0.408163265306122,196,18
1680,Direct,2024-04-29 09:00:00,39,48,24,34.5833333333333,0.615384615384615,4.1875,0.5,201,9
1681,Direct,2024-04-30 16:00:00,39,55,26,61.6,0.666666666666667,4.07272727272727,0.472727272727273,224,16
1682,Direct,2024-05-02 00:00:00,39,57,23,32.9649122807018,0.58974358974359,3.54385964912281,0.403508771929825,202,0
1683,Organic Search,2024-04-06 21:00:00,39,45,31,48.0666666666667,0.794871794871795,4.2,0.688888888888889,189,21
1684,Organic Search,2024-04-07 14:00:00,39,44,29,98.4318181818182,0.743589743589744,3.93181818181818,0.659090909090909,173,14
1685,Organic Search,2024-04-08 00:00:00,39,49,29,27.0408163265306,0.743589743589744,3.36734693877551,0.591836734693878,165,0
1686,Organic Search,2024-04-10 00:00:00,39,54,30,28.3703703703704,0.769230769230769,3.74074074074074,0.555555555555556,202,0
1687,Organic Search,2024-04-15 01:00:00,39,43,25,44.0,0.641025641025641,3.48837209302326,0.581395348837209,150,1
1688,Organic Search,2024-04-23 23:00:00,39,44,23,49.7727272727273,0.58974358974359,4.59090909090909,0.522727272727273,202,23
1689,Organic Search,2024-04-28 12:00:00,39,42,32,36.6904761904762,0.820512820512821,4.07142857142857,0.761904761904762,171,12
1690,Organic Search,2024-05-01 12:00:00,39,46,29,26.0869565217391,0.743589743589744,4.0,0.630434782608696,184,12
1691,Organic Search,2024-05-01 13:00:00,39,47,30,45.0425531914894,0.769230769230769,4.25531914893617,0.638297872340426,200,13
1692,Organic Search,2024-05-01 17:00:00,39,47,29,41.9787234042553,0.743589743589744,3.53191489361702,0.617021276595745,166,17
1693,Organic Social,2024-04-07 03:00:00,39,48,31,44.52083333333329,0.794871794871795,5.08333333333333,0.645833333333333,244,3
1694,Organic Social,2024-04-10 05:00:00,39,48,20,52.39583333333329,0.512820512820513,5.08333333333333,0.416666666666667,244,5
1695,Organic Social,2024-04-20 02:00:00,39,51,28,35.2745098039216,0.717948717948718,3.84313725490196,0.549019607843137,196,2
1696,Organic Social,2024-05-02 02:00:00,39,45,37,95.0444444444445,0.948717948717949,6.57777777777778,0.822222222222222,296,2
1697,Organic Social,2024-05-03 04:00:00,39,49,23,17.8775510204082,0.58974358974359,3.8979591836734704,0.469387755102041,191,4
1698,Referral,2024-04-07 13:00:00,39,47,28,50.0425531914894,0.717948717948718,4.87234042553192,0.595744680851064,229,13
1699,Referral,2024-04-13 19:00:00,39,43,29,50.1860465116279,0.743589743589744,4.86046511627907,0.674418604651163,209,19
1700,Referral,2024-04-15 17:00:00,39,52,29,61.5,0.743589743589744,4.86538461538462,0.557692307692308,253,17
1701,Referral,2024-04-19 23:00:00,39,44,28,117.977272727273,0.717948717948718,5.70454545454545,0.636363636363636,251,23
1702,Referral,2024-04-21 12:00:00,39,43,27,27.2325581395349,0.692307692307692,4.32558139534884,0.627906976744186,186,12
1703,Referral,2024-04-21 23:00:00,39,46,26,44.8260869565217,0.666666666666667,6.30434782608696,0.565217391304348,290,23
1704,Referral,2024-04-26 14:00:00,39,50,30,58.8,0.769230769230769,4.92,0.6,246,14
1705,Referral,2024-04-27 00:00:00,39,51,33,69.9803921568628,0.846153846153846,4.70588235294118,0.647058823529412,240,0
1706,Referral,2024-04-30 07:00:00,39,48,31,74.0416666666667,0.794871794871795,4.10416666666667,0.645833333333333,197,7
1707,Referral,2024-05-02 08:00:00,39,50,22,55.0,0.564102564102564,4.64,0.44,232,8
1708,Referral,2024-05-02 23:00:00,39,45,27,59.0444444444444,0.692307692307692,5.06666666666667,0.6,228,23
1709,Direct,2024-04-06 22:00:00,38,49,18,33.0408163265306,0.473684210526316,3.51020408163265,0.36734693877551,172,22
1710,Direct,2024-04-06 23:00:00,38,47,16,43.5531914893617,0.421052631578947,4.31914893617021,0.340425531914894,203,23
1711,Direct,2024-04-07 14:00:00,38,45,26,61.7777777777778,0.68421052631579,4.22222222222222,0.577777777777778,190,14
1712,Direct,2024-04-09 19:00:00,38,48,25,47.125,0.657894736842105,4.0625,0.520833333333333,195,19
1713,Direct,2024-04-10 08:00:00,38,50,23,66.1,0.605263157894737,3.8,0.46,190,8
1714,Direct,2024-04-10 09:00:00,38,48,25,33.5625,0.657894736842105,3.8541666666666705,0.520833333333333,185,9
1715,Direct,2024-04-13 17:00:00,38,51,23,40.9019607843137,0.605263157894737,3.82352941176471,0.450980392156863,195,17
1716,Direct,2024-04-20 17:00:00,38,50,26,31.34,0.68421052631579,4.18,0.52,209,17
1717,Direct,2024-04-21 11:00:00,38,52,20,37.8461538461539,0.526315789473684,3.84615384615385,0.384615384615385,200,11
1718,Direct,2024-04-24 10:00:00,38,50,25,43.86,0.657894736842105,3.86,0.5,193,10
1719,Direct,2024-04-30 12:00:00,38,52,27,64.3846153846154,0.710526315789474,3.96153846153846,0.519230769230769,206,12
1720,Direct,2024-05-01 00:00:00,38,50,20,55.54,0.526315789473684,3.56,0.4,178,0
1721,Organic Search,2024-04-06 10:00:00,38,51,28,62.66666666666671,0.736842105263158,4.90196078431373,0.549019607843137,250,10
1722,Organic Search,2024-04-06 22:00:00,38,48,23,55.14583333333329,0.605263157894737,3.3125,0.479166666666667,159,22
1723,Organic Search,2024-04-07 12:00:00,38,45,27,58.7555555555556,0.710526315789474,4.26666666666667,0.6,192,12
1724,Organic Search,2024-04-09 10:00:00,38,53,25,27.5471698113208,0.657894736842105,4.05660377358491,0.471698113207547,215,10
1725,Organic Search,2024-04-11 16:00:00,38,42,25,34.0952380952381,0.657894736842105,3.5952380952381,0.595238095238095,151,16
1726,Organic Search,2024-04-14 15:00:00,38,44,31,48.5227272727273,0.815789473684211,5.15909090909091,0.704545454545455,227,15
1727,Organic Search,2024-04-20 17:00:00,38,46,24,35.4347826086957,0.631578947368421,4.04347826086957,0.521739130434783,186,17
1728,Organic Search,2024-04-21 00:00:00,38,53,31,23.6792452830189,0.815789473684211,3.7358490566037696,0.584905660377359,198,0
1729,Organic Search,2024-04-21 10:00:00,38,48,26,23.2916666666667,0.68421052631579,3.6458333333333295,0.541666666666667,175,10
1730,Organic Search,2024-04-21 14:00:00,38,47,27,61.340425531914896,0.710526315789474,3.59574468085106,0.574468085106383,169,14
1731,Organic Search,2024-04-24 16:00:00,38,49,24,32.0,0.631578947368421,4.89795918367347,0.489795918367347,240,16
1732,Organic Search,2024-04-26 23:00:00,38,42,21,54.476190476190496,0.552631578947369,4.42857142857143,0.5,186,23
1733,Organic Search,2024-04-27 12:00:00,38,47,26,30.7872340425532,0.68421052631579,3.4468085106383,0.553191489361702,162,12
1734,Organic Search,2024-05-01 10:00:00,38,44,33,42.75,0.868421052631579,4.25,0.75,187,10
1735,Organic Social,2024-04-07 04:00:00,38,43,23,53.7674418604651,0.605263157894737,5.93023255813954,0.534883720930233,255,4
1736,Organic Social,2024-04-15 07:00:00,38,46,20,85.0652173913043,0.526315789473684,4.76086956521739,0.434782608695652,219,7
1737,Organic Social,2024-04-16 03:00:00,38,52,25,69.75,0.657894736842105,4.51923076923077,0.480769230769231,235,3
1738,Organic Social,2024-04-22 07:00:00,38,52,22,49.0961538461539,0.578947368421053,5.05769230769231,0.423076923076923,263,7
1739,Organic Social,2024-04-23 02:00:00,38,46,33,72.304347826087,0.868421052631579,6.36956521739131,0.717391304347826,293,2
1740,Referral,2024-04-08 00:00:00,38,44,33,122.681818181818,0.868421052631579,5.70454545454545,0.75,251,0
1741,Referral,2024-04-09 09:00:00,38,45,29,72.2444444444444,0.763157894736842,5.4,0.644444444444445,243,9
1742,Referral,2024-04-14 17:00:00,38,47,26,63.76595744680849,0.68421052631579,5.63829787234043,0.553191489361702,265,17
1743,Referral,2024-04-21 16:00:00,38,42,30,104.857142857143,0.789473684210526,5.71428571428571,0.714285714285714,240,16
1744,Referral,2024-04-28 14:00:00,38,44,32,171.522727272727,0.842105263157895,7.25,0.727272727272727,319,14
1745,Referral,2024-05-03 23:00:00,38,44,27,60.0,0.710526315789474,5.20454545454545,0.613636363636364,229,23
1746,Direct,2024-04-15 01:00:00,37,48,21,39.0,0.567567567567568,3.5,0.4375,168,1
1747,Direct,2024-04-16 07:00:00,37,45,21,43.88888888888889,0.567567567567568,3.62222222222222,0.466666666666667,163,7
1748,Direct,2024-04-20 18:00:00,37,47,20,18.2340425531915,0.540540540540541,3.38297872340426,0.425531914893617,159,18
1749,Direct,2024-04-27 22:00:00,37,51,18,34.1372549019608,0.486486486486487,3.94117647058824,0.352941176470588,201,22
1750,Organic Search,2024-04-11 01:00:00,37,46,22,39.0652173913044,0.594594594594595,3.6304347826087,0.478260869565217,167,1
1751,Organic Search,2024-04-11 09:00:00,37,44,23,34.2272727272727,0.621621621621622,3.56818181818182,0.522727272727273,157,9
1752,Organic Search,2024-04-13 01:00:00,37,44,27,80.7727272727273,0.72972972972973,4.06818181818182,0.613636363636364,179,1
1753,Organic Search,2024-04-13 09:00:00,37,42,27,38.8809523809524,0.72972972972973,6.69047619047619,0.642857142857143,281,9
1754,Organic Search,2024-04-13 13:00:00,37,45,23,29.1555555555556,0.621621621621622,3.46666666666667,0.511111111111111,156,13
1755,Organic Search,2024-04-18 00:00:00,37,52,24,37.9038461538462,0.648648648648649,3.98076923076923,0.461538461538462,207,0
1756,Organic Search,2024-04-27 16:00:00,37,44,22,28.1590909090909,0.594594594594595,4.772727272727271,0.5,210,16
1757,Organic Search,2024-05-01 23:00:00,37,40,24,61.25,0.648648648648649,4.45,0.6,178,23
1758,Organic Search,2024-05-03 21:00:00,37,40,21,72.575,0.567567567567568,4.625,0.525,185,21
1759,Organic Social,2024-04-06 03:00:00,37,51,26,56.4901960784314,0.702702702702703,4.31372549019608,0.509803921568627,220,3
1760,Organic Social,2024-04-11 08:00:00,37,52,23,61.2884615384615,0.621621621621622,3.90384615384615,0.442307692307692,203,8
1761,Organic Social,2024-04-12 03:00:00,37,52,24,28.2884615384615,0.648648648648649,3.48076923076923,0.461538461538462,181,3
1762,Organic Social,2024-04-23 07:00:00,37,43,20,58.3953488372093,0.540540540540541,6.30232558139535,0.465116279069767,271,7
1763,Organic Social,2024-04-28 02:00:00,37,51,26,31.5882352941177,0.702702702702703,4.25490196078431,0.509803921568627,217,2
1764,Organic Social,2024-04-29 01:00:00,37,45,24,58.0,0.648648648648649,5.88888888888889,0.533333333333333,265,1
1765,Referral,2024-04-06 14:00:00,37,41,29,52.3658536585366,0.783783783783784,5.07317073170732,0.707317073170732,208,14
1766,Referral,2024-04-07 10:00:00,37,42,32,66.0476190476191,0.864864864864865,5.66666666666667,0.761904761904762,238,10
1767,Referral,2024-04-14 15:00:00,37,41,29,90.4390243902439,0.783783783783784,5.58536585365854,0.707317073170732,229,15
1768,Referral,2024-04-14 23:00:00,37,44,27,91.6818181818182,0.72972972972973,6.727272727272729,0.613636363636364,296,23
1769,Referral,2024-04-16 00:00:00,37,52,28,85.1730769230769,0.756756756756757,7.76923076923077,0.538461538461538,404,0
1770,Referral,2024-04-16 09:00:00,37,41,33,86.8048780487805,0.891891891891892,5.02439024390244,0.804878048780488,206,9
1771,Referral,2024-04-18 13:00:00,37,45,25,104.0,0.675675675675676,5.82222222222222,0.555555555555556,262,13
1772,Referral,2024-04-20 14:00:00,37,41,27,72.9268292682927,0.72972972972973,7.02439024390244,0.658536585365854,288,14
1773,Referral,2024-04-24 00:00:00,37,42,29,169.97619047619,0.783783783783784,7.42857142857143,0.690476190476191,312,0
1774,Referral,2024-04-24 09:00:00,37,46,33,69.8478260869565,0.891891891891892,5.82608695652174,0.717391304347826,268,9
1775,Referral,2024-04-28 11:00:00,37,46,31,68.4347826086957,0.837837837837838,6.36956521739131,0.673913043478261,293,11
1776,Referral,2024-04-28 13:00:00,37,46,33,60.2173913043478,0.891891891891892,4.86956521739131,0.717391304347826,224,13
1777,Referral,2024-04-28 16:00:00,37,42,31,126.690476190476,0.837837837837838,6.80952380952381,0.738095238095238,286,16
1778,Referral,2024-04-28 23:00:00,37,43,24,66.3953488372093,0.648648648648649,5.06976744186047,0.558139534883721,218,23
1779,Referral,2024-05-01 08:00:00,37,40,33,61.075,0.891891891891892,6.275,0.825,251,8
1780,Direct,2024-04-07 10:00:00,36,44,22,26.3863636363636,0.611111111111111,5.25,0.5,231,10
1781,Direct,2024-04-09 09:00:00,36,45,20,42.5111111111111,0.555555555555556,5.06666666666667,0.444444444444444,228,9
1782,Direct,2024-04-09 12:00:00,36,50,18,23.0,0.5,3.6,0.36,180,12
1783,Direct,2024-04-11 00:00:00,36,41,23,79.9024390243903,0.638888888888889,4.80487804878049,0.560975609756098,197,0
1784,Direct,2024-04-11 09:00:00,36,48,20,20.0625,0.555555555555556,3.35416666666667,0.416666666666667,161,9
1785,Direct,2024-04-14 13:00:00,36,47,19,37.6808510638298,0.527777777777778,3.97872340425532,0.404255319148936,187,13
1786,Direct,2024-04-17 07:00:00,36,48,17,23.1458333333333,0.472222222222222,3.6875,0.354166666666667,177,7
1787,Direct,2024-04-23 01:00:00,36,46,20,53.6739130434783,0.555555555555556,4.91304347826087,0.434782608695652,226,1
1788,Direct,2024-04-23 21:00:00,36,47,23,65.1063829787234,0.638888888888889,4.82978723404255,0.48936170212766,227,21
1789,Direct,2024-04-26 03:00:00,36,46,25,57.5,0.694444444444444,3.78260869565217,0.543478260869565,174,3
1790,Direct,2024-05-03 08:00:00,36,43,15,9.32558139534884,0.416666666666667,3.44186046511628,0.348837209302326,148,8
1791,Direct,2024-05-03 11:00:00,36,47,21,23.8085106382979,0.583333333333333,4.0,0.446808510638298,188,11
1792,Organic Search,2024-04-11 10:00:00,36,48,24,53.08333333333329,0.666666666666667,3.39583333333333,0.5,163,10
1793,Organic Search,2024-04-12 08:00:00,36,44,26,47.0909090909091,0.722222222222222,3.75,0.590909090909091,165,8
1794,Organic Search,2024-04-20 23:00:00,36,43,22,44.2325581395349,0.611111111111111,4.5813953488372094,0.511627906976744,197,23
1795,Organic Search,2024-04-22 09:00:00,36,49,24,37.714285714285694,0.666666666666667,3.40816326530612,0.489795918367347,167,9
1796,Organic Search,2024-04-26 00:00:00,36,46,23,64.3478260869565,0.638888888888889,4.04347826086957,0.5,186,0
1797,Organic Search,2024-04-28 13:00:00,36,41,24,96.9024390243903,0.666666666666667,4.58536585365854,0.585365853658537,188,13
1798,Organic Search,2024-04-29 00:00:00,36,47,26,31.5531914893617,0.722222222222222,3.59574468085106,0.553191489361702,169,0
1799,Organic Search,2024-04-29 09:00:00,36,44,22,43.5,0.611111111111111,4.11363636363636,0.5,181,9
1800,Organic Search,2024-05-01 11:00:00,36,40,24,43.6,0.666666666666667,3.65,0.6,146,11
1801,Organic Search,2024-05-01 21:00:00,36,43,27,35.046511627907,0.75,4.09302325581395,0.627906976744186,176,21
1802,Organic Search,2024-05-03 20:00:00,36,37,25,51.1351351351351,0.694444444444444,4.75675675675676,0.675675675675676,176,20
1803,Organic Social,2024-04-15 04:00:00,36,45,23,54.8444444444444,0.638888888888889,4.8,0.511111111111111,216,4
1804,Organic Social,2024-04-24 04:00:00,36,42,26,42.0714285714286,0.722222222222222,4.69047619047619,0.619047619047619,197,4
1805,Organic Social,2024-04-25 02:00:00,36,52,23,36.5576923076923,0.638888888888889,3.53846153846154,0.442307692307692,184,2
1806,Organic Social,2024-04-29 05:00:00,36,45,28,34.8666666666667,0.777777777777778,5.48888888888889,0.622222222222222,247,5
1807,Organic Social,2024-05-01 03:00:00,36,43,19,40.093023255814,0.527777777777778,4.06976744186047,0.441860465116279,175,3
1808,Referral,2024-04-10 09:00:00,36,44,29,75.1363636363636,0.805555555555556,4.75,0.659090909090909,209,9
1809,Referral,2024-04-13 15:00:00,36,40,27,74.325,0.75,5.425,0.675,217,15
1810,Referral,2024-04-21 14:00:00,36,40,30,61.1,0.833333333333333,5.0,0.75,200,14
1811,Referral,2024-04-24 01:00:00,36,43,26,97.1627906976744,0.722222222222222,5.18604651162791,0.604651162790698,223,1
1812,Referral,2024-05-02 00:00:00,36,48,28,106.645833333333,0.777777777777778,6.47916666666667,0.583333333333333,311,0
1813,Direct,2024-04-06 15:00:00,35,42,20,41.0714285714286,0.571428571428571,4.85714285714286,0.476190476190476,204,15
1814,Direct,2024-04-11 05:00:00,35,36,24,51.1944444444444,0.685714285714286,4.61111111111111,0.666666666666667,166,5
1815,Direct,2024-04-16 06:00:00,35,42,24,55.8809523809524,0.685714285714286,3.76190476190476,0.571428571428571,158,6
1816,Direct,2024-04-21 17:00:00,35,44,17,16.7272727272727,0.485714285714286,3.31818181818182,0.386363636363636,146,17
1817,Direct,2024-04-22 00:00:00,35,48,19,45.52083333333329,0.542857142857143,4.08333333333333,0.395833333333333,196,0
1818,Direct,2024-04-22 09:00:00,35,42,22,67.0476190476191,0.628571428571429,4.57142857142857,0.523809523809524,192,9
1819,Direct,2024-04-25 10:00:00,35,47,20,58.5744680851064,0.571428571428571,4.12765957446809,0.425531914893617,194,10
1820,Direct,2024-04-27 01:00:00,35,42,19,91.2619047619048,0.542857142857143,4.5,0.452380952380952,189,1
1821,Direct,2024-04-27 15:00:00,35,46,18,33.2391304347826,0.514285714285714,4.54347826086957,0.391304347826087,209,15
1822,Organic Search,2024-04-09 09:00:00,35,42,24,29.3809523809524,0.685714285714286,3.5,0.571428571428571,147,9
1823,Organic Search,2024-04-19 08:00:00,35,45,28,31.9777777777778,0.8,3.6,0.622222222222222,162,8
1824,Organic Search,2024-04-24 00:00:00,35,48,24,57.10416666666671,0.685714285714286,3.9583333333333295,0.5,190,0
1825,Organic Search,2024-04-28 23:00:00,35,40,20,47.125,0.571428571428571,4.025,0.5,161,23
1826,Organic Search,2024-04-30 09:00:00,35,44,30,52.8636363636364,0.857142857142857,5.06818181818182,0.681818181818182,223,9
1827,Organic Search,2024-05-03 22:00:00,35,44,22,31.0681818181818,0.628571428571429,3.88636363636364,0.5,171,22
1828,Organic Social,2024-04-10 06:00:00,35,51,20,22.5490196078431,0.571428571428571,4.25490196078431,0.392156862745098,217,6
1829,Organic Social,2024-04-17 04:00:00,35,48,24,78.2916666666667,0.685714285714286,4.58333333333333,0.5,220,4
1830,Referral,2024-04-06 23:00:00,35,42,24,44.8809523809524,0.685714285714286,4.61904761904762,0.571428571428571,194,23
1831,Referral,2024-04-08 16:00:00,35,39,28,92.9487179487179,0.8,7.15384615384615,0.717948717948718,279,16
1832,Referral,2024-04-10 00:00:00,35,44,30,87.3636363636364,0.857142857142857,6.45454545454545,0.681818181818182,284,0
1833,Referral,2024-04-19 00:00:00,35,42,24,64.2142857142857,0.685714285714286,5.14285714285714,0.571428571428571,216,0
1834,Referral,2024-04-20 17:00:00,35,37,24,54.1891891891892,0.685714285714286,4.32432432432433,0.648648648648649,160,17
1835,Referral,2024-04-20 23:00:00,35,41,25,55.0,0.714285714285714,5.53658536585366,0.609756097560976,227,23
1836,Referral,2024-04-25 09:00:00,35,44,28,60.8409090909091,0.8,5.20454545454545,0.636363636363636,229,9
1837,Referral,2024-04-27 19:00:00,35,41,27,177.560975609756,0.771428571428572,7.92682926829268,0.658536585365854,325,19
1838,Direct,2024-04-06 17:00:00,34,43,18,39.8139534883721,0.529411764705882,4.65116279069768,0.418604651162791,200,17
1839,Direct,2024-04-09 02:00:00,34,44,25,57.0909090909091,0.735294117647059,4.31818181818182,0.568181818181818,190,2
1840,Direct,2024-04-11 15:00:00,34,40,20,54.75,0.588235294117647,4.6,0.5,184,15
1841,Direct,2024-04-13 09:00:00,34,43,19,46.2790697674419,0.558823529411765,3.88372093023256,0.441860465116279,167,9
1842,Direct,2024-04-15 02:00:00,34,37,17,39.7027027027027,0.5,6.45945945945946,0.45945945945946,239,2
1843,Direct,2024-04-17 06:00:00,34,42,13,19.2857142857143,0.382352941176471,3.28571428571429,0.30952380952381,138,6
1844,Direct,2024-04-18 07:00:00,34,39,18,43.6153846153846,0.529411764705882,4.25641025641026,0.461538461538462,166,7
1845,Direct,2024-04-19 01:00:00,34,44,22,19.7954545454545,0.647058823529412,3.15909090909091,0.5,139,1
1846,Direct,2024-04-21 16:00:00,34,46,15,20.3913043478261,0.441176470588235,3.56521739130435,0.326086956521739,164,16
1847,Direct,2024-04-24 08:00:00,34,43,23,77.8372093023256,0.676470588235294,4.32558139534884,0.534883720930233,186,8
1848,Direct,2024-04-27 16:00:00,34,39,16,30.6410256410256,0.470588235294118,4.02564102564103,0.41025641025641,157,16
1849,Direct,2024-05-02 08:00:00,34,42,21,93.4285714285714,0.617647058823529,4.73809523809524,0.5,199,8
1850,Direct,2024-05-02 10:00:00,34,49,22,37.0612244897959,0.647058823529412,3.73469387755102,0.448979591836735,183,10
1851,Organic Search,2024-04-14 10:00:00,34,42,20,32.8095238095238,0.588235294117647,3.5952380952381,0.476190476190476,151,10
1852,Organic Search,2024-04-15 00:00:00,34,41,27,22.0487804878049,0.794117647058824,3.51219512195122,0.658536585365854,144,0
1853,Organic Search,2024-04-20 12:00:00,34,40,25,64.075,0.735294117647059,3.55,0.625,142,12
1854,Organic Search,2024-04-21 16:00:00,34,47,29,34.8510638297872,0.852941176470588,4.06382978723404,0.617021276595745,191,16
1855,Organic Search,2024-04-24 08:00:00,34,38,23,39.3684210526316,0.676470588235294,4.42105263157895,0.605263157894737,168,8
1856,Organic Search,2024-04-25 00:00:00,34,42,23,38.8571428571429,0.676470588235294,3.8333333333333295,0.547619047619048,161,0
1857,Organic Search,2024-04-27 19:00:00,34,41,21,64.4390243902439,0.617647058823529,4.48780487804878,0.51219512195122,184,19
1858,Organic Search,2024-05-02 00:00:00,34,43,23,34.3255813953488,0.676470588235294,3.6046511627907,0.534883720930233,155,0
1859,Organic Social,2024-04-08 03:00:00,34,37,21,27.4864864864865,0.617647058823529,4.08108108108108,0.567567567567568,151,3
1860,Organic Social,2024-04-16 06:00:00,34,45,24,43.8,0.705882352941177,4.35555555555556,0.533333333333333,196,6
1861,Organic Social,2024-04-20 07:00:00,34,52,24,30.8846153846154,0.705882352941177,4.84615384615385,0.461538461538462,252,7
1862,Organic Social,2024-04-23 06:00:00,34,41,26,31.3170731707317,0.764705882352941,5.14634146341463,0.634146341463415,211,6
1863,Organic Social,2024-04-27 02:00:00,34,55,23,50.5818181818182,0.676470588235294,5.30909090909091,0.418181818181818,292,2
1864,Referral,2024-04-06 16:00:00,34,37,27,72.0810810810811,0.794117647058824,6.32432432432433,0.72972972972973,234,16
1865,Referral,2024-04-09 01:00:00,34,41,26,59.29268292682929,0.764705882352941,8.29268292682927,0.634146341463415,340,1
1866,Referral,2024-04-09 02:00:00,34,38,26,82.5526315789474,0.764705882352941,6.60526315789474,0.68421052631579,251,2
1867,Referral,2024-04-12 07:00:00,34,37,25,64.5675675675676,0.735294117647059,6.62162162162162,0.675675675675676,245,7
1868,Referral,2024-04-12 09:00:00,34,39,26,74.9487179487179,0.764705882352941,5.28205128205128,0.666666666666667,206,9
1869,Referral,2024-04-13 20:00:00,34,44,33,45.2727272727273,0.970588235294118,4.86363636363636,0.75,214,20
1870,Referral,2024-04-14 01:00:00,34,40,25,69.025,0.735294117647059,5.9,0.625,236,1
1871,Referral,2024-04-14 21:00:00,34,38,26,42.421052631578895,0.764705882352941,4.86842105263158,0.68421052631579,185,21
1872,Referral,2024-04-19 18:00:00,34,40,26,85.425,0.764705882352941,6.825,0.65,273,18
1873,Referral,2024-04-26 00:00:00,34,43,23,110.53488372093,0.676470588235294,4.95348837209302,0.534883720930233,213,0
1874,Referral,2024-04-29 00:00:00,34,41,21,118.073170731707,0.617647058823529,4.82926829268293,0.51219512195122,198,0
1875,Direct,2024-04-12 01:00:00,33,45,19,15.1555555555556,0.575757575757576,3.8666666666666702,0.422222222222222,174,1
1876,Direct,2024-04-13 14:00:00,33,48,17,31.2083333333333,0.515151515151515,3.29166666666667,0.354166666666667,158,14
1877,Direct,2024-04-14 07:00:00,33,39,20,26.8717948717949,0.606060606060606,3.94871794871795,0.512820512820513,154,7
1878,Direct,2024-04-18 03:00:00,33,40,17,10.675,0.515151515151515,3.075,0.425,123,3
1879,Direct,2024-04-27 14:00:00,33,42,25,94.452380952381,0.757575757575758,4.92857142857143,0.595238095238095,207,14
1880,Direct,2024-05-01 08:00:00,33,38,18,29.0789473684211,0.545454545454545,3.60526315789474,0.473684210526316,137,8
1881,Direct,2024-05-01 09:00:00,33,43,23,43.953488372093,0.696969696969697,4.23255813953488,0.534883720930233,182,9
1882,Direct,2024-05-03 02:00:00,33,42,18,15.952380952381,0.545454545454545,3.5952380952381,0.428571428571429,151,2
1883,Organic Search,2024-04-06 23:00:00,33,38,22,60.078947368421105,0.666666666666667,4.73684210526316,0.578947368421053,180,23
1884,Organic Search,2024-04-17 01:00:00,33,48,24,14.0416666666667,0.727272727272727,3.08333333333333,0.5,148,1
1885,Organic Search,2024-04-17 09:00:00,33,39,24,34.1538461538462,0.727272727272727,3.53846153846154,0.615384615384615,138,9
1886,Organic Search,2024-05-01 09:00:00,33,40,24,28.975,0.727272727272727,4.25,0.6,170,9
1887,Organic Search,2024-05-02 09:00:00,33,44,27,85.2727272727273,0.818181818181818,3.65909090909091,0.613636363636364,161,9
1888,Organic Search,2024-05-03 09:00:00,33,37,16,35.5675675675676,0.484848484848485,3.72972972972973,0.432432432432432,138,9
1889,Organic Social,2024-04-08 02:00:00,33,42,25,36.5714285714286,0.757575757575758,4.69047619047619,0.595238095238095,197,2
1890,Organic Social,2024-04-10 03:00:00,33,52,20,32.0576923076923,0.606060606060606,3.34615384615385,0.384615384615385,174,3
1891,Organic Social,2024-04-18 06:00:00,33,47,19,27.4893617021277,0.575757575757576,3.48936170212766,0.404255319148936,164,6
1892,Organic Social,2024-04-20 04:00:00,33,44,18,36.5909090909091,0.545454545454545,5.25,0.409090909090909,231,4
1893,Organic Social,2024-04-21 01:00:00,33,44,21,47.2727272727273,0.636363636363636,4.272727272727271,0.477272727272727,188,1
1894,Organic Social,2024-04-24 06:00:00,33,37,25,44.7027027027027,0.757575757575758,5.35135135135135,0.675675675675676,198,6
1895,Organic Social,2024-04-26 07:00:00,33,42,28,29.8809523809524,0.848484848484849,4.452380952380951,0.666666666666667,187,7
1896,Referral,2024-04-06 10:00:00,33,39,24,27.3846153846154,0.727272727272727,4.41025641025641,0.615384615384615,172,10
1897,Referral,2024-04-06 18:00:00,33,36,24,72.0833333333333,0.727272727272727,6.08333333333333,0.666666666666667,219,18
1898,Referral,2024-04-06 19:00:00,33,36,24,69.75,0.727272727272727,5.11111111111111,0.666666666666667,184,19
1899,Referral,2024-04-09 07:00:00,33,34,25,106.352941176471,0.757575757575758,7.38235294117647,0.735294117647059,251,7
1900,Referral,2024-04-14 16:00:00,33,38,28,103.578947368421,0.848484848484849,6.65789473684211,0.736842105263158,253,16
1901,Referral,2024-04-15 23:00:00,33,38,28,157.342105263158,0.848484848484849,7.63157894736842,0.736842105263158,290,23
1902,Referral,2024-04-17 09:00:00,33,40,26,60.65,0.787878787878788,4.975,0.65,199,9
1903,Referral,2024-04-20 09:00:00,33,38,28,107.868421052632,0.848484848484849,5.89473684210526,0.736842105263158,224,9
1904,Referral,2024-04-23 00:00:00,33,48,25,140.125,0.757575757575758,4.45833333333333,0.520833333333333,214,0
1905,Referral,2024-04-28 18:00:00,33,37,24,56.4864864864865,0.727272727272727,5.35135135135135,0.648648648648649,198,18
1906,Referral,2024-05-01 00:00:00,33,42,25,110.97619047619,0.757575757575758,4.92857142857143,0.595238095238095,207,0
1907,Direct,2024-04-08 09:00:00,32,41,17,69.8780487804878,0.53125,5.04878048780488,0.414634146341463,207,9
1908,Direct,2024-04-10 07:00:00,32,43,20,31.4418604651163,0.625,3.7906976744186,0.465116279069767,163,7
1909,Direct,2024-04-19 07:00:00,32,39,18,16.3076923076923,0.5625,3.58974358974359,0.461538461538462,140,7
1910,Direct,2024-04-21 13:00:00,32,44,18,33.0681818181818,0.5625,3.61363636363636,0.409090909090909,159,13
1911,Direct,2024-04-22 01:00:00,32,39,18,86.8717948717949,0.5625,5.05128205128205,0.461538461538462,197,1
1912,Direct,2024-04-25 08:00:00,32,38,22,47.3157894736842,0.6875,3.9473684210526305,0.578947368421053,150,8
1913,Direct,2024-04-26 01:00:00,32,45,22,96.4222222222222,0.6875,5.04444444444444,0.488888888888889,227,1
1914,Direct,2024-04-27 03:00:00,32,37,12,20.4324324324324,0.375,3.35135135135135,0.324324324324324,124,3
1915,Organic Search,2024-04-19 03:00:00,32,37,23,31.8378378378378,0.71875,3.27027027027027,0.621621621621622,121,3
1916,Organic Search,2024-04-19 04:00:00,32,39,17,23.5641025641026,0.53125,3.46153846153846,0.435897435897436,135,4
1917,Organic Search,2024-04-23 00:00:00,32,42,22,15.547619047619,0.6875,3.64285714285714,0.523809523809524,153,0
1918,Organic Search,2024-04-23 08:00:00,32,40,24,40.225,0.75,4.175,0.6,167,8
1919,Organic Social,2024-04-06 04:00:00,32,45,17,30.3111111111111,0.53125,4.62222222222222,0.377777777777778,208,4
1920,Organic Social,2024-04-06 08:00:00,32,40,18,51.325,0.5625,5.375,0.45,215,8
1921,Organic Social,2024-04-13 02:00:00,32,41,24,40.9024390243903,0.75,5.0,0.585365853658537,205,2
1922,Organic Social,2024-04-21 04:00:00,32,37,24,75.2162162162162,0.75,6.32432432432433,0.648648648648649,234,4
1923,Organic Social,2024-04-21 07:00:00,32,39,26,87.0769230769231,0.8125,6.1025641025641,0.666666666666667,238,7
1924,Organic Social,2024-04-21 09:00:00,32,36,24,90.0277777777778,0.75,5.22222222222222,0.666666666666667,188,9
1925,Organic Social,2024-04-22 06:00:00,32,38,16,21.0,0.5,4.44736842105263,0.421052631578947,169,6
1926,Organic Social,2024-04-26 02:00:00,32,39,18,58.2307692307692,0.5625,4.97435897435897,0.461538461538462,194,2
1927,Organic Social,2024-04-27 03:00:00,32,42,15,18.547619047619,0.46875,4.90476190476191,0.357142857142857,206,3
1928,Organic Social,2024-04-29 07:00:00,32,52,22,40.2307692307692,0.6875,3.88461538461538,0.423076923076923,202,7
1929,Organic Social,2024-04-30 03:00:00,32,42,25,59.2380952380952,0.78125,4.28571428571429,0.595238095238095,180,3
1930,Organic Social,2024-05-02 05:00:00,32,43,24,73.4651162790698,0.75,5.5813953488372094,0.558139534883721,240,5
1931,Referral,2024-04-06 08:00:00,32,35,26,44.0285714285714,0.8125,5.31428571428571,0.742857142857143,186,8
1932,Referral,2024-04-13 09:00:00,32,37,25,88.7027027027027,0.78125,7.0,0.675675675675676,259,9
1933,Referral,2024-04-13 16:00:00,32,40,24,78.5,0.75,5.15,0.6,206,16
1934,Referral,2024-04-13 23:00:00,32,38,20,75.2368421052632,0.625,4.42105263157895,0.526315789473684,168,23
1935,Referral,2024-04-21 13:00:00,32,41,26,90.219512195122,0.8125,5.31707317073171,0.634146341463415,218,13
1936,Referral,2024-04-23 23:00:00,32,32,25,125.25,0.78125,6.4375,0.78125,206,23
1937,Referral,2024-04-28 09:00:00,32,35,24,108.514285714286,0.75,6.11428571428571,0.685714285714286,214,9
1938,Referral,2024-05-02 02:00:00,32,34,24,72.1176470588235,0.75,6.47058823529412,0.705882352941177,220,2
1939,Referral,2024-05-03 02:00:00,32,35,23,61.714285714285694,0.71875,4.88571428571429,0.657142857142857,171,2
1940,Direct,2024-04-09 08:00:00,31,41,13,27.6585365853659,0.419354838709677,3.65853658536585,0.317073170731707,150,8
1941,Direct,2024-04-10 01:00:00,31,42,11,22.547619047619,0.354838709677419,3.73809523809524,0.261904761904762,157,1
1942,Direct,2024-04-11 01:00:00,31,42,12,47.714285714285694,0.387096774193548,3.30952380952381,0.285714285714286,139,1
1943,Direct,2024-04-14 01:00:00,31,37,17,17.9189189189189,0.548387096774194,3.78378378378378,0.45945945945946,140,1
1944,Direct,2024-04-15 08:00:00,31,40,16,37.8,0.516129032258065,4.25,0.4,170,8
1945,Direct,2024-04-16 08:00:00,31,42,15,34.5714285714286,0.483870967741936,3.8095238095238098,0.357142857142857,160,8
1946,Direct,2024-04-17 01:00:00,31,51,17,52.8823529411765,0.548387096774194,4.23529411764706,0.333333333333333,216,1
1947,Direct,2024-04-21 00:00:00,31,48,15,9.75,0.483870967741936,3.45833333333333,0.3125,166,0
1948,Direct,2024-04-21 01:00:00,31,41,16,21.9512195121951,0.516129032258065,3.73170731707317,0.390243902439024,153,1
1949,Direct,2024-04-23 00:00:00,31,44,25,73.25,0.806451612903226,5.15909090909091,0.568181818181818,227,0
1950,Direct,2024-04-23 06:00:00,31,36,15,18.4722222222222,0.483870967741936,3.63888888888889,0.416666666666667,131,6
1951,Direct,2024-04-24 05:00:00,31,39,8,22.948717948718,0.258064516129032,4.15384615384615,0.205128205128205,162,5
1952,Direct,2024-04-25 01:00:00,31,38,18,72.2368421052632,0.580645161290323,4.36842105263158,0.473684210526316,166,1
1953,Direct,2024-04-28 08:00:00,31,41,14,9.26829268292683,0.451612903225806,3.51219512195122,0.341463414634146,144,8
1954,Direct,2024-04-29 08:00:00,31,39,25,29.4102564102564,0.806451612903226,4.25641025641026,0.641025641025641,166,8
1955,Organic Search,2024-04-07 19:00:00,31,38,18,49.3947368421053,0.580645161290323,3.71052631578947,0.473684210526316,141,19
1956,Organic Search,2024-04-10 03:00:00,31,38,23,38.3947368421053,0.741935483870968,3.73684210526316,0.605263157894737,142,3
1957,Organic Search,2024-04-12 01:00:00,31,37,23,49.6216216216216,0.741935483870968,3.24324324324324,0.621621621621622,120,1
1958,Organic Search,2024-04-12 07:00:00,31,37,21,19.027027027027,0.67741935483871,3.78378378378378,0.567567567567568,140,7
1959,Organic Search,2024-04-20 09:00:00,31,33,21,21.030303030303,0.67741935483871,3.90909090909091,0.636363636363636,129,9
1960,Organic Search,2024-04-26 08:00:00,31,38,22,37.3684210526316,0.709677419354839,4.23684210526316,0.578947368421053,161,8
1961,Organic Search,2024-04-30 08:00:00,31,35,22,29.5714285714286,0.709677419354839,3.9714285714285698,0.628571428571429,139,8
1962,Organic Social,2024-04-11 04:00:00,31,41,16,15.4634146341463,0.516129032258065,3.34146341463415,0.390243902439024,137,4
1963,Organic Social,2024-04-15 03:00:00,31,37,22,69.8648648648649,0.709677419354839,5.13513513513514,0.594594594594595,190,3
1964,Organic Social,2024-04-19 06:00:00,31,44,18,22.1818181818182,0.580645161290323,3.15909090909091,0.409090909090909,139,6
1965,Organic Social,2024-04-20 03:00:00,31,40,19,35.375,0.612903225806452,4.25,0.475,170,3
1966,Organic Social,2024-04-20 08:00:00,31,44,20,93.2954545454546,0.645161290322581,5.022727272727271,0.454545454545455,221,8
1967,Organic Social,2024-04-29 03:00:00,31,42,22,88.0476190476191,0.709677419354839,5.07142857142857,0.523809523809524,213,3
1968,Referral,2024-04-06 09:00:00,31,35,26,41.4285714285714,0.838709677419355,5.45714285714286,0.742857142857143,191,9
1969,Referral,2024-04-18 02:00:00,31,34,23,197.117647058824,0.741935483870968,5.47058823529412,0.676470588235294,186,2
1970,Referral,2024-04-20 00:00:00,31,42,21,71.4285714285714,0.67741935483871,5.66666666666667,0.5,238,0
1971,Referral,2024-04-27 09:00:00,31,36,20,32.5833333333333,0.645161290322581,4.72222222222222,0.555555555555556,170,9
1972,Referral,2024-04-28 12:00:00,31,38,22,75.4473684210526,0.709677419354839,4.60526315789474,0.578947368421053,175,12
1973,Referral,2024-04-29 23:00:00,31,34,25,88.7941176470588,0.806451612903226,5.91176470588235,0.735294117647059,201,23
1974,Referral,2024-05-01 01:00:00,31,35,23,85.1714285714286,0.741935483870968,5.34285714285714,0.657142857142857,187,1
1975,Referral,2024-05-01 07:00:00,31,35,24,46.0,0.774193548387097,5.4,0.685714285714286,189,7
1976,Direct,2024-04-06 01:00:00,30,40,18,36.7,0.6,3.7,0.45,148,1
1977,Direct,2024-04-08 00:00:00,30,38,23,56.5,0.766666666666667,4.47368421052632,0.605263157894737,170,0
1978,Direct,2024-04-08 08:00:00,30,40,18,23.8,0.6,3.825,0.45,153,8
1979,Direct,2024-04-13 01:00:00,30,39,20,58.1025641025641,0.666666666666667,4.69230769230769,0.512820512820513,183,1
1980,Direct,2024-04-13 06:00:00,30,36,14,11.8055555555556,0.466666666666667,4.11111111111111,0.388888888888889,148,6
1981,Direct,2024-04-18 06:00:00,30,36,17,35.7777777777778,0.566666666666667,4.47222222222222,0.472222222222222,161,6
1982,Direct,2024-04-20 23:00:00,30,45,18,23.9333333333333,0.6,3.17777777777778,0.4,143,23
1983,Direct,2024-04-24 01:00:00,30,43,17,41.4186046511628,0.566666666666667,3.44186046511628,0.395348837209302,148,1
1984,Direct,2024-04-28 02:00:00,30,39,10,17.4102564102564,0.333333333333333,3.05128205128205,0.256410256410256,119,2
1985,Direct,2024-04-30 01:00:00,30,44,18,55.7727272727273,0.6,4.65909090909091,0.409090909090909,205,1
1986,Direct,2024-05-02 01:00:00,30,44,14,26.25,0.466666666666667,3.38636363636364,0.318181818181818,149,1
1987,Organic Search,2024-04-08 08:00:00,30,36,23,36.36111111111111,0.766666666666667,3.30555555555556,0.638888888888889,119,8
1988,Organic Search,2024-04-13 08:00:00,30,35,19,48.8,0.633333333333333,3.4,0.542857142857143,119,8
1989,Organic Search,2024-04-16 05:00:00,30,31,19,24.1290322580645,0.633333333333333,3.54838709677419,0.612903225806452,110,5
1990,Organic Search,2024-04-20 01:00:00,30,37,21,46.6486486486486,0.7,3.97297297297297,0.567567567567568,147,1
1991,Organic Search,2024-04-24 01:00:00,30,38,22,24.0789473684211,0.733333333333333,3.6842105263157903,0.578947368421053,140,1
1992,Organic Search,2024-04-25 01:00:00,30,39,21,39.3076923076923,0.7,3.94871794871795,0.538461538461538,154,1
1993,Organic Search,2024-04-29 23:00:00,30,40,21,47.1,0.7,4.95,0.525,198,23
1994,Organic Search,2024-04-30 00:00:00,30,38,21,52.1578947368421,0.7,3.52631578947368,0.552631578947369,134,0
1995,Organic Search,2024-05-02 07:00:00,30,34,17,38.1764705882353,0.566666666666667,3.58823529411765,0.5,122,7
1996,Organic Search,2024-05-02 08:00:00,30,34,22,39.3529411764706,0.733333333333333,4.23529411764706,0.647058823529412,144,8
1997,Organic Search,2024-05-03 00:00:00,30,35,18,55.8285714285714,0.6,4.02857142857143,0.514285714285714,141,0
1998,Organic Social,2024-04-06 07:00:00,30,40,16,33.15,0.533333333333333,4.125,0.4,165,7
1999,Organic Social,2024-04-13 07:00:00,30,43,20,37.1162790697674,0.666666666666667,4.65116279069768,0.465116279069767,200,7
2000,Organic Social,2024-04-15 05:00:00,30,36,20,63.4444444444444,0.666666666666667,6.16666666666667,0.555555555555556,222,5
2001,Organic Social,2024-04-16 05:00:00,30,35,20,100.628571428571,0.666666666666667,5.88571428571429,0.571428571428571,206,5
2002,Organic Social,2024-04-18 03:00:00,30,41,19,50.07317073170729,0.633333333333333,4.39024390243903,0.463414634146342,180,3
2003,Organic Social,2024-04-21 06:00:00,30,33,20,74.8787878787879,0.666666666666667,6.12121212121212,0.606060606060606,202,6
2004,Organic Social,2024-04-22 03:00:00,30,39,22,68.1025641025641,0.733333333333333,4.41025641025641,0.564102564102564,172,3
2005,Organic Social,2024-04-23 03:00:00,30,36,21,221.972222222222,0.7,6.05555555555556,0.583333333333333,218,3
2006,Organic Social,2024-04-24 03:00:00,30,41,18,116.243902439024,0.6,4.17073170731707,0.439024390243902,171,3
2007,Organic Social,2024-04-26 03:00:00,30,33,17,124.636363636364,0.566666666666667,4.06060606060606,0.515151515151515,134,3
2008,Organic Social,2024-04-29 02:00:00,30,38,22,29.5526315789474,0.733333333333333,5.31578947368421,0.578947368421053,202,2
2009,Organic Social,2024-04-30 05:00:00,30,39,22,56.4871794871795,0.733333333333333,4.61538461538462,0.564102564102564,180,5
2010,Organic Social,2024-04-30 06:00:00,30,41,22,49.219512195122,0.733333333333333,5.36585365853659,0.536585365853659,220,6
2011,Organic Social,2024-05-01 04:00:00,30,40,22,80.45,0.733333333333333,5.025,0.55,201,4
2012,Referral,2024-04-12 08:00:00,30,34,25,103.411764705882,0.833333333333333,5.67647058823529,0.735294117647059,193,8
2013,Referral,2024-04-14 09:00:00,30,36,26,45.83333333333329,0.866666666666667,5.41666666666667,0.722222222222222,195,9
2014,Referral,2024-04-16 22:00:00,30,34,21,193.647058823529,0.7,5.58823529411765,0.617647058823529,190,22
2015,Referral,2024-04-21 00:00:00,30,39,26,84.5897435897436,0.866666666666667,7.46153846153846,0.666666666666667,291,0
2016,Referral,2024-04-24 08:00:00,30,36,25,72.0833333333333,0.833333333333333,6.05555555555556,0.694444444444444,218,8
2017,Referral,2024-04-25 01:00:00,30,36,22,81.6944444444444,0.733333333333333,5.5,0.611111111111111,198,1
2018,Referral,2024-04-29 01:00:00,30,33,21,91.0909090909091,0.7,6.93939393939394,0.636363636363636,229,1
2019,Direct,2024-04-07 00:00:00,29,43,20,36.2558139534884,0.689655172413793,3.9069767441860495,0.465116279069767,168,0
2020,Direct,2024-04-10 02:00:00,29,34,15,45.5882352941176,0.517241379310345,3.82352941176471,0.441176470588235,130,2
2021,Direct,2024-04-11 06:00:00,29,33,7,17.9090909090909,0.241379310344828,3.27272727272727,0.212121212121212,108,6
2022,Direct,2024-04-13 08:00:00,29,35,15,47.3142857142857,0.517241379310345,3.6,0.428571428571429,126,8
2023,Direct,2024-04-14 03:00:00,29,35,17,17.6571428571429,0.586206896551724,3.45714285714286,0.485714285714286,121,3
2024,Direct,2024-04-18 02:00:00,29,36,11,21.0555555555556,0.379310344827586,3.52777777777778,0.305555555555556,127,2
2025,Direct,2024-04-20 01:00:00,29,37,24,46.5945945945946,0.827586206896552,5.21621621621622,0.648648648648649,193,1
2026,Direct,2024-04-30 07:00:00,29,38,14,33.8157894736842,0.482758620689655,4.02631578947368,0.368421052631579,153,7
2027,Organic Search,2024-04-07 17:00:00,29,34,19,38.1764705882353,0.655172413793103,3.35294117647059,0.558823529411765,114,17
2028,Organic Search,2024-04-21 12:00:00,29,40,21,63.9,0.724137931034483,5.55,0.525,222,12
2029,Organic Search,2024-04-27 23:00:00,29,37,17,41.1621621621622,0.586206896551724,3.54054054054054,0.45945945945946,131,23
2030,Organic Social,2024-04-06 01:00:00,29,42,19,54.6190476190476,0.655172413793103,5.0952380952381,0.452380952380952,214,1
2031,Organic Social,2024-04-09 06:00:00,29,36,25,107.916666666667,0.862068965517241,5.16666666666667,0.694444444444444,186,6
2032,Organic Social,2024-04-18 04:00:00,29,39,15,60.1538461538462,0.517241379310345,3.64102564102564,0.384615384615385,142,4
2033,Organic Social,2024-04-24 05:00:00,29,35,23,95.5428571428571,0.793103448275862,5.11428571428571,0.657142857142857,179,5
2034,Organic Social,2024-04-25 04:00:00,29,36,21,64.8055555555556,0.724137931034483,4.86111111111111,0.583333333333333,175,4
2035,Organic Social,2024-04-25 06:00:00,29,38,23,35.9736842105263,0.793103448275862,5.81578947368421,0.605263157894737,221,6
2036,Organic Social,2024-04-30 04:00:00,29,40,18,42.55,0.620689655172414,4.775,0.45,191,4
2037,Organic Social,2024-05-02 04:00:00,29,36,23,46.61111111111111,0.793103448275862,4.72222222222222,0.638888888888889,170,4
2038,Referral,2024-04-07 15:00:00,29,32,24,74.71875,0.827586206896552,4.71875,0.75,151,15
2039,Referral,2024-04-10 08:00:00,29,33,23,124.242424242424,0.793103448275862,4.63636363636364,0.696969696969697,153,8
2040,Referral,2024-04-11 09:00:00,29,32,21,153.9375,0.724137931034483,5.90625,0.65625,189,9
2041,Referral,2024-04-12 23:00:00,29,37,27,64.4054054054054,0.931034482758621,5.13513513513514,0.72972972972973,190,23
2042,Referral,2024-04-13 17:00:00,29,34,21,74.5588235294118,0.724137931034483,5.52941176470588,0.617647058823529,188,17
2043,Referral,2024-04-15 08:00:00,29,35,24,78.4571428571429,0.827586206896552,5.48571428571429,0.685714285714286,192,8
2044,Referral,2024-04-16 08:00:00,29,35,23,99.6857142857143,0.793103448275862,4.31428571428571,0.657142857142857,151,8
2045,Referral,2024-04-18 08:00:00,29,32,23,117.6875,0.793103448275862,4.09375,0.71875,131,8
2046,Referral,2024-04-26 09:00:00,29,33,20,59.303030303030305,0.689655172413793,5.3030303030303,0.606060606060606,175,9
2047,Referral,2024-05-03 08:00:00,29,34,22,78.6176470588235,0.758620689655172,5.32352941176471,0.647058823529412,181,8
2048,Direct,2024-04-08 01:00:00,28,36,14,93.0833333333333,0.5,4.0,0.388888888888889,144,1
2049,Direct,2024-04-15 03:00:00,28,35,16,22.6,0.571428571428571,3.7142857142857104,0.457142857142857,130,3
2050,Direct,2024-04-15 07:00:00,28,34,17,13.3529411764706,0.607142857142857,3.58823529411765,0.5,122,7
2051,Direct,2024-04-21 08:00:00,28,35,15,23.0,0.535714285714286,4.05714285714286,0.428571428571429,142,8
2052,Direct,2024-04-26 02:00:00,28,32,19,26.1875,0.678571428571429,4.84375,0.59375,155,2
2053,Direct,2024-04-28 01:00:00,28,40,16,56.425,0.571428571428571,4.375,0.4,175,1
2054,Direct,2024-04-28 09:00:00,28,39,14,27.3589743589744,0.5,4.20512820512821,0.358974358974359,164,9
2055,Direct,2024-04-30 08:00:00,28,36,17,18.9166666666667,0.607142857142857,3.44444444444444,0.472222222222222,124,8
2056,Organic Search,2024-04-07 10:00:00,28,33,22,59.969696969697,0.785714285714286,4.36363636363636,0.666666666666667,144,10
2057,Organic Search,2024-04-09 00:00:00,28,39,20,92.4615384615385,0.714285714285714,4.05128205128205,0.512820512820513,158,0
2058,Organic Search,2024-04-15 02:00:00,28,35,22,38.11428571428569,0.785714285714286,3.74285714285714,0.628571428571429,131,2
2059,Organic Search,2024-04-16 01:00:00,28,37,21,46.8378378378378,0.75,4.13513513513514,0.567567567567568,153,1
2060,Organic Search,2024-04-18 07:00:00,28,34,15,17.8235294117647,0.535714285714286,3.26470588235294,0.441176470588235,111,7
2061,Organic Search,2024-04-22 00:00:00,28,37,21,38.8108108108108,0.75,4.02702702702703,0.567567567567568,149,0
2062,Organic Search,2024-04-25 08:00:00,28,36,21,50.83333333333329,0.75,4.66666666666667,0.583333333333333,168,8
2063,Organic Search,2024-04-26 01:00:00,28,34,21,86.7352941176471,0.75,4.85294117647059,0.617647058823529,165,1
2064,Organic Search,2024-04-27 00:00:00,28,38,18,32.8684210526316,0.642857142857143,3.89473684210526,0.473684210526316,148,0
2065,Organic Search,2024-04-29 01:00:00,28,34,21,25.3235294117647,0.75,3.23529411764706,0.617647058823529,110,1
2066,Organic Search,2024-04-29 06:00:00,28,33,19,32.9090909090909,0.678571428571429,3.8484848484848495,0.575757575757576,127,6
2067,Organic Social,2024-04-07 06:00:00,28,37,17,71.3243243243243,0.607142857142857,6.67567567567568,0.45945945945946,247,6
2068,Organic Social,2024-04-17 05:00:00,28,34,19,55.6176470588235,0.678571428571429,4.64705882352941,0.558823529411765,158,5
2069,Organic Social,2024-04-18 05:00:00,28,31,19,14.5161290322581,0.678571428571429,4.29032258064516,0.612903225806452,133,5
2070,Organic Social,2024-04-27 07:00:00,28,37,19,22.4864864864865,0.678571428571429,3.48648648648649,0.513513513513514,129,7
2071,Organic Social,2024-04-28 04:00:00,28,37,17,42.2972972972973,0.607142857142857,4.08108108108108,0.45945945945946,151,4
2072,Organic Social,2024-05-02 03:00:00,28,36,16,37.1944444444444,0.571428571428571,4.38888888888889,0.444444444444444,158,3
2073,Referral,2024-04-07 09:00:00,28,33,25,58.969696969697,0.892857142857143,5.36363636363636,0.757575757575758,177,9
2074,Referral,2024-04-12 02:00:00,28,33,20,48.5151515151515,0.714285714285714,4.90909090909091,0.606060606060606,162,2
2075,Referral,2024-04-15 00:00:00,28,32,18,56.96875,0.642857142857143,5.09375,0.5625,163,0
2076,Referral,2024-04-17 08:00:00,28,29,25,104.965517241379,0.892857142857143,7.17241379310345,0.862068965517241,208,8
2077,Referral,2024-04-18 01:00:00,28,31,22,50.741935483871,0.785714285714286,4.67741935483871,0.709677419354839,145,1
2078,Referral,2024-04-19 01:00:00,28,37,21,65.4594594594595,0.75,6.02702702702703,0.567567567567568,223,1
2079,Referral,2024-04-19 08:00:00,28,33,27,102.060606060606,0.964285714285714,6.51515151515152,0.818181818181818,215,8
2080,Referral,2024-04-21 17:00:00,28,31,25,110.064516129032,0.892857142857143,6.32258064516129,0.806451612903226,196,17
2081,Referral,2024-04-26 01:00:00,28,32,22,86.21875,0.785714285714286,6.96875,0.6875,223,1
2082,Referral,2024-04-28 00:00:00,28,36,21,49.41666666666671,0.75,4.63888888888889,0.583333333333333,167,0
2083,Referral,2024-04-28 01:00:00,28,38,21,78.0,0.75,5.39473684210526,0.552631578947369,205,1
2084,Referral,2024-04-28 10:00:00,28,37,20,49.4324324324324,0.714285714285714,4.64864864864865,0.540540540540541,172,10
2085,Referral,2024-04-30 01:00:00,28,36,24,107.694444444444,0.857142857142857,5.55555555555556,0.666666666666667,200,1
2086,Direct,2024-04-10 03:00:00,27,32,21,117.4375,0.777777777777778,5.75,0.65625,184,3
2087,Direct,2024-04-12 04:00:00,27,33,14,25.0606060606061,0.518518518518519,5.15151515151515,0.424242424242424,170,4
2088,Direct,2024-04-15 05:00:00,27,32,12,21.28125,0.444444444444444,3.40625,0.375,109,5
2089,Direct,2024-04-17 03:00:00,27,35,18,26.1714285714286,0.666666666666667,4.57142857142857,0.514285714285714,160,3
2090,Direct,2024-04-21 09:00:00,27,35,17,41.2571428571429,0.62962962962963,3.8857142857142897,0.485714285714286,136,9
2091,Direct,2024-04-23 07:00:00,27,33,18,62.4848484848485,0.666666666666667,4.63636363636364,0.545454545454545,153,7
2092,Direct,2024-04-23 08:00:00,27,38,16,84.0,0.592592592592593,5.3421052631579,0.421052631578947,203,8
2093,Direct,2024-04-27 10:00:00,27,38,23,55.1315789473684,0.851851851851852,3.36842105263158,0.605263157894737,128,10
2094,Direct,2024-04-28 10:00:00,27,35,16,14.5428571428571,0.592592592592593,3.6857142857142895,0.457142857142857,129,10
2095,Direct,2024-05-02 02:00:00,27,36,16,27.6944444444444,0.592592592592593,4.88888888888889,0.444444444444444,176,2
2096,Organic Search,2024-04-07 00:00:00,27,32,16,46.3125,0.592592592592593,4.28125,0.5,137,0
2097,Organic Search,2024-04-11 07:00:00,27,30,17,37.1333333333333,0.62962962962963,3.36666666666667,0.566666666666667,101,7
2098,Organic Search,2024-04-14 02:00:00,27,34,17,71.7058823529412,0.62962962962963,5.0,0.5,170,2
2099,Organic Search,2024-04-15 03:00:00,27,34,20,33.2647058823529,0.740740740740741,3.5,0.588235294117647,119,3
2100,Organic Search,2024-04-15 07:00:00,27,33,18,18.0,0.666666666666667,3.48484848484849,0.545454545454545,115,7
2101,Organic Search,2024-04-17 03:00:00,27,32,20,34.0,0.740740740740741,3.96875,0.625,127,3
2102,Organic Search,2024-04-18 03:00:00,27,32,19,19.21875,0.703703703703704,3.40625,0.59375,109,3
2103,Organic Search,2024-04-25 06:00:00,27,30,19,21.4333333333333,0.703703703703704,3.6333333333333298,0.633333333333333,109,6
2104,Organic Search,2024-04-26 09:00:00,27,32,18,49.15625,0.666666666666667,5.125,0.5625,164,9
2105,Organic Search,2024-04-30 01:00:00,27,32,13,74.25,0.481481481481481,4.59375,0.40625,147,1
2106,Organic Search,2024-05-03 06:00:00,27,30,20,73.8333333333333,0.740740740740741,4.06666666666667,0.666666666666667,122,6
2107,Organic Social,2024-04-14 05:00:00,27,40,13,50.175,0.481481481481481,4.275,0.325,171,5
2108,Organic Social,2024-04-21 03:00:00,27,33,18,46.2727272727273,0.666666666666667,6.3030303030303,0.545454545454545,208,3
2109,Organic Social,2024-04-21 08:00:00,27,41,11,44.92682926829271,0.407407407407407,3.90243902439024,0.268292682926829,160,8
2110,Organic Social,2024-04-22 04:00:00,27,38,22,77.5789473684211,0.814814814814815,5.55263157894737,0.578947368421053,211,4
2111,Organic Social,2024-04-26 05:00:00,27,40,18,52.15,0.666666666666667,4.6,0.45,184,5
2112,Organic Social,2024-04-28 06:00:00,27,43,13,50.9767441860465,0.481481481481481,3.55813953488372,0.302325581395349,153,6
2113,Organic Social,2024-04-29 06:00:00,27,37,15,47.7297297297297,0.555555555555556,4.27027027027027,0.405405405405405,158,6
2114,Referral,2024-04-08 07:00:00,27,32,22,58.875,0.814814814814815,4.625,0.6875,148,7
2115,Referral,2024-04-10 01:00:00,27,31,22,89.7096774193548,0.814814814814815,5.25806451612903,0.709677419354839,163,1
2116,Referral,2024-04-15 09:00:00,27,34,22,42.0,0.814814814814815,3.8529411764705905,0.647058823529412,131,9
2117,Referral,2024-04-21 01:00:00,27,31,23,110.806451612903,0.851851851851852,5.74193548387097,0.741935483870968,178,1
2118,Referral,2024-04-23 07:00:00,27,33,25,45.121212121212096,0.925925925925926,5.03030303030303,0.757575757575758,166,7
2119,Referral,2024-04-25 08:00:00,27,33,22,71.3939393939394,0.814814814814815,5.87878787878788,0.666666666666667,194,8
2120,Referral,2024-04-27 01:00:00,27,33,24,84.1515151515152,0.888888888888889,7.48484848484848,0.727272727272727,247,1
2121,Direct,2024-04-09 03:00:00,26,34,11,23.0,0.423076923076923,3.47058823529412,0.323529411764706,118,3
2122,Direct,2024-04-14 02:00:00,26,34,13,62.7352941176471,0.5,3.58823529411765,0.382352941176471,122,2
2123,Direct,2024-04-14 08:00:00,26,31,14,33.5806451612903,0.538461538461538,3.32258064516129,0.451612903225806,103,8
2124,Direct,2024-04-15 04:00:00,26,33,17,33.5454545454546,0.653846153846154,3.54545454545455,0.515151515151515,117,4
2125,Direct,2024-04-22 08:00:00,26,29,15,33.7586206896552,0.576923076923077,3.6551724137931,0.517241379310345,106,8
2126,Direct,2024-04-27 02:00:00,26,30,13,42.8,0.5,4.33333333333333,0.433333333333333,130,2
2127,Direct,2024-04-30 05:00:00,26,30,9,83.3666666666667,0.346153846153846,3.9,0.3,117,5
2128,Direct,2024-05-03 10:00:00,26,41,15,15.7560975609756,0.576923076923077,3.51219512195122,0.365853658536585,144,10
2129,Organic Search,2024-04-06 09:00:00,26,36,21,24.9166666666667,0.807692307692308,3.52777777777778,0.583333333333333,127,9
2130,Organic Search,2024-04-10 07:00:00,26,40,21,53.325,0.807692307692308,4.0,0.525,160,7
2131,Organic Search,2024-04-12 02:00:00,26,31,16,22.4838709677419,0.615384615384615,3.54838709677419,0.516129032258065,110,2
2132,Organic Search,2024-04-12 04:00:00,26,30,15,61.6333333333333,0.576923076923077,3.7666666666666706,0.5,113,4
2133,Organic Search,2024-04-14 01:00:00,26,34,18,58.6470588235294,0.692307692307692,3.73529411764706,0.529411764705882,127,1
2134,Organic Search,2024-04-14 08:00:00,26,29,16,48.20689655172409,0.615384615384615,3.55172413793103,0.551724137931035,103,8
2135,Organic Search,2024-04-16 02:00:00,26,35,17,51.0285714285714,0.653846153846154,4.34285714285714,0.485714285714286,152,2
2136,Organic Search,2024-04-18 06:00:00,26,33,18,43.7878787878788,0.692307692307692,4.81818181818182,0.545454545454545,159,6
2137,Organic Search,2024-04-19 06:00:00,26,31,19,47.4193548387097,0.730769230769231,4.16129032258065,0.612903225806452,129,6
2138,Organic Search,2024-04-27 09:00:00,26,30,15,38.3666666666667,0.576923076923077,4.03333333333333,0.5,121,9
2139,Organic Search,2024-04-30 07:00:00,26,36,18,19.7777777777778,0.692307692307692,3.61111111111111,0.5,130,7
2140,Organic Search,2024-05-03 07:00:00,26,29,19,48.9310344827586,0.730769230769231,3.55172413793103,0.655172413793103,103,7
2141,Organic Social,2024-04-06 06:00:00,26,32,20,71.65625,0.769230769230769,6.25,0.625,200,6
2142,Organic Social,2024-04-11 03:00:00,26,39,18,15.2820512820513,0.692307692307692,3.87179487179487,0.461538461538462,151,3
2143,Organic Social,2024-04-19 03:00:00,26,43,16,23.3023255813953,0.615384615384615,3.69767441860465,0.372093023255814,159,3
2144,Organic Social,2024-04-27 06:00:00,26,35,20,16.0285714285714,0.769230769230769,4.31428571428571,0.571428571428571,151,6
2145,Organic Social,2024-04-28 03:00:00,26,41,14,44.6829268292683,0.538461538461538,4.19512195121951,0.341463414634146,172,3
2146,Organic Social,2024-05-01 06:00:00,26,36,18,27.6944444444444,0.692307692307692,4.22222222222222,0.5,152,6
2147,Referral,2024-04-06 01:00:00,26,33,19,77.5151515151515,0.730769230769231,6.63636363636364,0.575757575757576,219,1
2148,Referral,2024-04-06 06:00:00,26,28,20,154.285714285714,0.769230769230769,4.64285714285714,0.714285714285714,130,6
2149,Referral,2024-04-11 08:00:00,26,29,21,133.206896551724,0.807692307692308,6.41379310344828,0.724137931034483,186,8
2150,Referral,2024-04-13 00:00:00,26,36,23,70.9166666666667,0.884615384615385,4.83333333333333,0.638888888888889,174,0
2151,Referral,2024-04-16 02:00:00,26,32,19,60.28125,0.730769230769231,5.0625,0.59375,162,2
2152,Referral,2024-04-18 00:00:00,26,34,19,56.6470588235294,0.730769230769231,4.52941176470588,0.558823529411765,154,0
2153,Referral,2024-04-19 02:00:00,26,33,13,48.878787878787904,0.5,4.06060606060606,0.393939393939394,134,2
2154,Referral,2024-04-21 10:00:00,26,30,19,76.5333333333333,0.730769230769231,4.2,0.633333333333333,126,10
2155,Referral,2024-04-22 01:00:00,26,31,21,74.2903225806452,0.807692307692308,5.41935483870968,0.67741935483871,168,1
2156,Referral,2024-04-24 07:00:00,26,29,19,62.5172413793103,0.730769230769231,5.62068965517241,0.655172413793103,163,7
2157,Referral,2024-04-25 02:00:00,26,29,17,60.20689655172409,0.653846153846154,5.3448275862069,0.586206896551724,155,2
2158,Referral,2024-04-29 08:00:00,26,32,23,34.78125,0.884615384615385,3.96875,0.71875,127,8
2159,Referral,2024-05-02 01:00:00,26,33,20,64.3333333333333,0.769230769230769,5.66666666666667,0.606060606060606,187,1
2160,Referral,2024-05-03 07:00:00,26,30,22,109.266666666667,0.846153846153846,5.2,0.733333333333333,156,7
2161,Direct,2024-04-06 02:00:00,25,32,15,85.625,0.6,4.75,0.46875,152,2
2162,Direct,2024-04-06 08:00:00,25,29,16,42.3103448275862,0.64,4.10344827586207,0.551724137931035,119,8
2163,Direct,2024-04-07 08:00:00,25,30,14,45.5,0.56,3.56666666666667,0.466666666666667,107,8
2164,Direct,2024-04-09 06:00:00,25,35,19,66.7714285714286,0.76,4.4,0.542857142857143,154,6
2165,Direct,2024-04-10 04:00:00,25,30,13,24.6666666666667,0.52,3.4,0.433333333333333,102,4
2166,Direct,2024-04-10 06:00:00,25,33,12,10.9393939393939,0.48,2.87878787878788,0.363636363636364,95,6
2167,Direct,2024-04-13 02:00:00,25,34,13,27.7647058823529,0.52,3.52941176470588,0.382352941176471,120,2
2168,Direct,2024-04-13 07:00:00,25,30,16,15.3666666666667,0.64,3.93333333333333,0.533333333333333,118,7
2169,Direct,2024-04-15 06:00:00,25,30,14,56.9333333333333,0.56,4.03333333333333,0.466666666666667,121,6
2170,Direct,2024-04-16 01:00:00,25,32,14,101.5625,0.56,4.84375,0.4375,155,1
2171,Direct,2024-04-19 06:00:00,25,30,15,28.1,0.6,4.4,0.5,132,6
2172,Direct,2024-04-27 09:00:00,25,35,17,6.82857142857143,0.68,3.2,0.485714285714286,112,9
2173,Direct,2024-04-29 07:00:00,25,30,16,53.83333333333329,0.64,3.6333333333333298,0.533333333333333,109,7
2174,Direct,2024-05-01 01:00:00,25,32,15,55.96875,0.6,3.90625,0.46875,125,1
2175,Direct,2024-05-03 07:00:00,25,30,10,23.5,0.4,3.53333333333333,0.333333333333333,106,7
2176,Organic Search,2024-04-06 02:00:00,25,30,21,27.6,0.84,3.5,0.7,105,2
2177,Organic Search,2024-04-16 22:00:00,25,29,16,28.4137931034483,0.64,3.27586206896552,0.551724137931035,95,22
2178,Organic Search,2024-04-17 07:00:00,25,31,18,38.8709677419355,0.72,3.38709677419355,0.580645161290323,105,7
2179,Organic Search,2024-04-18 02:00:00,25,28,17,24.7857142857143,0.68,4.03571428571429,0.607142857142857,113,2
2180,Organic Search,2024-04-21 09:00:00,25,29,17,26.5172413793103,0.68,3.6551724137931,0.586206896551724,106,9
2181,Organic Search,2024-04-23 02:00:00,25,29,18,28.8620689655172,0.72,3.41379310344828,0.620689655172414,99,2
2182,Organic Search,2024-04-23 07:00:00,25,31,18,58.3548387096774,0.72,3.80645161290323,0.580645161290323,118,7
2183,Organic Search,2024-04-24 02:00:00,25,26,20,80.1153846153846,0.8,4.19230769230769,0.769230769230769,109,2
2184,Organic Search,2024-04-25 07:00:00,25,29,16,38.7586206896552,0.64,4.37931034482759,0.551724137931035,127,7
2185,Organic Search,2024-05-01 00:00:00,25,34,16,33.1470588235294,0.64,3.32352941176471,0.470588235294118,113,0
2186,Organic Social,2024-04-16 04:00:00,25,32,18,71.96875,0.72,5.6875,0.5625,182,4
2187,Organic Social,2024-04-21 02:00:00,25,32,13,15.21875,0.52,3.875,0.40625,124,2
2188,Organic Social,2024-04-22 05:00:00,25,36,17,26.9722222222222,0.68,4.75,0.472222222222222,171,5
2189,Organic Social,2024-04-25 05:00:00,25,39,16,47.8205128205128,0.64,3.76923076923077,0.41025641025641,147,5
2190,Organic Social,2024-04-26 04:00:00,25,31,17,107.0,0.68,6.06451612903226,0.548387096774194,188,4
2191,Referral,2024-04-12 03:00:00,25,25,19,76.48,0.76,6.08,0.76,152,3
2192,Referral,2024-04-19 09:00:00,25,33,19,84.3333333333333,0.76,4.81818181818182,0.575757575757576,159,9
2193,Referral,2024-04-21 09:00:00,25,27,23,112.666666666667,0.92,7.40740740740741,0.851851851851852,200,9
2194,Referral,2024-04-22 00:00:00,25,32,20,34.53125,0.8,3.9375,0.625,126,0
2195,Referral,2024-04-29 02:00:00,25,28,19,120.107142857143,0.76,4.71428571428571,0.678571428571429,132,2
2196,Referral,2024-05-03 04:00:00,25,25,12,47.04,0.48,5.24,0.48,131,4
2197,Direct,2024-04-06 03:00:00,24,32,15,35.28125,0.625,4.9375,0.46875,158,3
2198,Direct,2024-04-06 09:00:00,24,34,14,63.3529411764706,0.583333333333333,4.05882352941176,0.411764705882353,138,9
2199,Direct,2024-04-07 09:00:00,24,30,15,48.2666666666667,0.625,3.96666666666667,0.5,119,9
2200,Direct,2024-04-10 05:00:00,24,34,17,41.470588235294095,0.708333333333333,4.58823529411765,0.5,156,5
2201,Direct,2024-04-12 06:00:00,24,32,12,20.09375,0.5,3.46875,0.375,111,6
2202,Direct,2024-04-13 04:00:00,24,28,11,49.214285714285694,0.458333333333333,4.89285714285714,0.392857142857143,137,4
2203,Direct,2024-04-16 02:00:00,24,27,13,18.4814814814815,0.541666666666667,3.96296296296296,0.481481481481481,107,2
2204,Direct,2024-04-18 05:00:00,24,29,12,41.0344827586207,0.5,3.72413793103448,0.413793103448276,108,5
2205,Direct,2024-04-27 06:00:00,24,30,13,24.0666666666667,0.541666666666667,3.26666666666667,0.433333333333333,98,6
2206,Organic Search,2024-04-08 02:00:00,24,28,15,35.6071428571429,0.625,3.89285714285714,0.535714285714286,109,2
2207,Organic Search,2024-04-09 03:00:00,24,28,18,25.9642857142857,0.75,3.5,0.642857142857143,98,3
2208,Organic Search,2024-04-09 06:00:00,24,26,21,57.5,0.875,4.69230769230769,0.807692307692308,122,6
2209,Organic Search,2024-04-16 07:00:00,24,28,20,58.8214285714286,0.833333333333333,3.6785714285714306,0.714285714285714,103,7
2210,Organic Search,2024-04-20 07:00:00,24,30,17,45.3666666666667,0.708333333333333,4.23333333333333,0.566666666666667,127,7
2211,Organic Search,2024-04-21 07:00:00,24,30,17,31.4333333333333,0.708333333333333,3.06666666666667,0.566666666666667,92,7
2212,Organic Search,2024-04-22 03:00:00,24,30,16,113.066666666667,0.666666666666667,3.26666666666667,0.533333333333333,98,3
2213,Organic Search,2024-04-22 06:00:00,24,31,16,25.0645161290323,0.666666666666667,3.09677419354839,0.516129032258065,96,6
2214,Organic Search,2024-04-22 08:00:00,24,27,16,84.1851851851852,0.666666666666667,4.59259259259259,0.592592592592593,124,8
2215,Organic Search,2024-04-26 02:00:00,24,28,19,76.9285714285714,0.791666666666667,5.10714285714286,0.678571428571429,143,2
2216,Organic Search,2024-04-28 01:00:00,24,27,13,40.5925925925926,0.541666666666667,3.77777777777778,0.481481481481481,102,1
2217,Organic Search,2024-04-28 10:00:00,24,31,18,43.0322580645161,0.75,3.48387096774194,0.580645161290323,108,10
2218,Organic Search,2024-04-30 02:00:00,24,27,13,29.2592592592593,0.541666666666667,3.18518518518519,0.481481481481481,86,2
2219,Organic Search,2024-05-01 01:00:00,24,30,18,27.9,0.75,4.2,0.6,126,1
2220,Organic Social,2024-04-07 05:00:00,24,28,18,60.285714285714306,0.75,6.92857142857143,0.642857142857143,194,5
2221,Organic Social,2024-04-08 06:00:00,24,30,20,34.3666666666667,0.833333333333333,4.03333333333333,0.666666666666667,121,6
2222,Organic Social,2024-04-09 04:00:00,24,36,19,83.2222222222222,0.791666666666667,4.72222222222222,0.527777777777778,170,4
2223,Organic Social,2024-04-11 05:00:00,24,39,14,15.5641025641026,0.583333333333333,3.51282051282051,0.358974358974359,137,5
2224,Organic Social,2024-04-11 06:00:00,24,32,17,59.25,0.708333333333333,4.8125,0.53125,154,6
2225,Organic Social,2024-04-19 04:00:00,24,36,16,24.2222222222222,0.666666666666667,4.27777777777778,0.444444444444444,154,4
2226,Organic Social,2024-04-19 05:00:00,24,33,15,33.8787878787879,0.625,4.54545454545455,0.454545454545455,150,5
2227,Referral,2024-04-06 00:00:00,24,39,19,95.2564102564103,0.791666666666667,3.87179487179487,0.487179487179487,151,0
2228,Referral,2024-04-12 06:00:00,24,28,18,63.035714285714306,0.75,6.64285714285714,0.642857142857143,186,6
2229,Referral,2024-04-17 00:00:00,24,32,20,39.9375,0.833333333333333,5.15625,0.625,165,0
2230,Referral,2024-04-20 08:00:00,24,28,20,139.464285714286,0.833333333333333,5.17857142857143,0.714285714285714,145,8
2231,Referral,2024-04-23 01:00:00,24,30,18,39.66666666666671,0.75,4.33333333333333,0.6,130,1
2232,Referral,2024-04-24 02:00:00,24,32,20,171.34375,0.833333333333333,7.53125,0.625,241,2
2233,Referral,2024-04-26 02:00:00,24,29,20,70.9655172413793,0.833333333333333,5.82758620689655,0.689655172413793,169,2
2234,Referral,2024-04-27 02:00:00,24,28,16,48.035714285714306,0.666666666666667,3.75,0.571428571428571,105,2
2235,Referral,2024-05-01 04:00:00,24,26,18,75.1153846153846,0.75,4.73076923076923,0.692307692307692,123,4
2236,Referral,2024-05-02 03:00:00,24,29,19,91.8275862068966,0.791666666666667,4.9655172413793105,0.655172413793103,144,3
2237,Direct,2024-04-06 07:00:00,23,29,9,15.3103448275862,0.391304347826087,3.20689655172414,0.310344827586207,93,7
2238,Direct,2024-04-07 01:00:00,23,32,16,74.0,0.695652173913044,7.5,0.5,240,1
2239,Direct,2024-04-07 04:00:00,23,28,8,5.82142857142857,0.347826086956522,3.10714285714286,0.285714285714286,87,4
2240,Direct,2024-04-17 02:00:00,23,34,18,115.735294117647,0.782608695652174,4.76470588235294,0.529411764705882,162,2
2241,Direct,2024-04-21 04:00:00,23,26,14,105.615384615385,0.608695652173913,3.88461538461538,0.538461538461538,101,4
2242,Direct,2024-04-22 03:00:00,23,29,16,17.448275862069,0.695652173913044,3.72413793103448,0.551724137931035,108,3
2243,Direct,2024-04-25 07:00:00,23,28,12,50.6785714285714,0.521739130434783,3.46428571428571,0.428571428571429,97,7
2244,Direct,2024-04-29 06:00:00,23,30,12,114.833333333333,0.521739130434783,5.96666666666667,0.4,179,6
2245,Direct,2024-05-01 04:00:00,23,26,10,91.7307692307692,0.434782608695652,4.07692307692308,0.384615384615385,106,4
2246,Organic Search,2024-04-09 08:00:00,23,27,17,58.1851851851852,0.739130434782609,5.18518518518519,0.62962962962963,140,8
2247,Organic Search,2024-04-10 02:00:00,23,29,13,23.7931034482759,0.565217391304348,3.03448275862069,0.448275862068966,88,2
2248,Organic Search,2024-04-14 00:00:00,23,39,16,26.948717948718,0.695652173913044,3.25641025641026,0.41025641025641,127,0
2249,Organic Search,2024-04-20 02:00:00,23,29,14,14.9655172413793,0.608695652173913,3.10344827586207,0.482758620689655,90,2
2250,Organic Search,2024-04-21 17:00:00,23,31,18,47.064516129032306,0.782608695652174,4.32258064516129,0.580645161290323,134,17
2251,Organic Search,2024-04-24 05:00:00,23,28,18,67.3214285714286,0.782608695652174,3.35714285714286,0.642857142857143,94,5
2252,Organic Social,2024-04-13 03:00:00,23,30,17,43.3,0.739130434782609,4.23333333333333,0.566666666666667,127,3
2253,Organic Social,2024-04-25 03:00:00,23,40,15,38.825,0.652173913043478,4.575,0.375,183,3
2254,Organic Social,2024-05-01 05:00:00,23,32,11,197.84375,0.478260869565217,3.71875,0.34375,119,5
2255,Referral,2024-04-08 01:00:00,23,24,17,20.75,0.739130434782609,4.58333333333333,0.708333333333333,110,1
2256,Referral,2024-04-08 08:00:00,23,32,17,38.84375,0.739130434782609,4.625,0.53125,148,8
2257,Referral,2024-04-09 08:00:00,23,26,17,26.1923076923077,0.739130434782609,4.53846153846154,0.653846153846154,118,8
2258,Referral,2024-04-13 01:00:00,23,28,18,79.7857142857143,0.782608695652174,4.89285714285714,0.642857142857143,137,1
2259,Referral,2024-04-13 08:00:00,23,24,21,102.583333333333,0.91304347826087,6.41666666666667,0.875,154,8
2260,Referral,2024-04-16 07:00:00,23,25,18,47.88,0.782608695652174,4.88,0.72,122,7
2261,Referral,2024-04-17 01:00:00,23,29,20,84.0344827586207,0.869565217391304,5.13793103448276,0.689655172413793,149,1
2262,Referral,2024-04-20 02:00:00,23,26,14,52.3846153846154,0.608695652173913,5.73076923076923,0.538461538461538,149,2
2263,Referral,2024-04-23 08:00:00,23,31,16,63.4193548387097,0.695652173913044,4.87096774193548,0.516129032258065,151,8
2264,Referral,2024-04-24 03:00:00,23,26,18,210.692307692308,0.782608695652174,6.42307692307692,0.692307692307692,167,3
2265,Referral,2024-05-01 03:00:00,23,29,18,179.103448275862,0.782608695652174,6.20689655172414,0.620689655172414,180,3
2266,Direct,2024-04-11 08:00:00,22,25,10,45.52,0.454545454545455,4.16,0.4,104,8
2267,Direct,2024-04-12 03:00:00,22,27,8,10.7037037037037,0.363636363636364,4.59259259259259,0.296296296296296,124,3
2268,Direct,2024-04-12 05:00:00,22,28,5,5.5,0.227272727272727,3.0,0.178571428571429,84,5
2269,Direct,2024-04-16 05:00:00,22,28,13,56.535714285714306,0.590909090909091,4.39285714285714,0.464285714285714,123,5
2270,Direct,2024-04-17 04:00:00,22,29,14,21.551724137931,0.636363636363636,4.17241379310345,0.482758620689655,121,4
2271,Direct,2024-04-21 02:00:00,22,27,14,75.4444444444444,0.636363636363636,5.07407407407407,0.518518518518519,137,2
2272,Direct,2024-04-22 05:00:00,22,28,13,21.5714285714286,0.590909090909091,3.6785714285714306,0.464285714285714,103,5
2273,Direct,2024-04-24 03:00:00,22,27,10,19.7037037037037,0.454545454545455,3.55555555555556,0.37037037037037,96,3
2274,Direct,2024-04-25 06:00:00,22,25,14,31.04,0.636363636363636,4.16,0.56,104,6
2275,Direct,2024-04-27 07:00:00,22,24,13,35.25,0.590909090909091,3.33333333333333,0.541666666666667,80,7
2276,Organic Search,2024-04-06 01:00:00,22,27,13,27.6296296296296,0.590909090909091,3.44444444444444,0.481481481481481,93,1
2277,Organic Search,2024-04-06 08:00:00,22,26,12,13.3076923076923,0.545454545454545,3.96153846153846,0.461538461538462,103,8
2278,Organic Search,2024-04-07 08:00:00,22,25,17,70.08,0.772727272727273,5.08,0.68,127,8
2279,Organic Search,2024-04-08 07:00:00,22,28,20,39.1785714285714,0.909090909090909,3.75,0.714285714285714,105,7
2280,Organic Search,2024-04-10 06:00:00,22,26,11,32.4230769230769,0.5,3.8076923076923106,0.423076923076923,99,6
2281,Organic Search,2024-04-11 06:00:00,22,25,13,24.12,0.590909090909091,3.44,0.52,86,6
2282,Organic Search,2024-04-15 06:00:00,22,28,14,42.214285714285694,0.636363636363636,5.28571428571429,0.5,148,6
2283,Organic Search,2024-04-17 08:00:00,22,30,18,34.7333333333333,0.818181818181818,3.9,0.6,117,8
2284,Organic Search,2024-04-25 02:00:00,22,23,17,63.6521739130435,0.772727272727273,4.26086956521739,0.739130434782609,98,2
2285,Organic Search,2024-04-26 07:00:00,22,25,17,47.28,0.772727272727273,4.16,0.68,104,7
2286,Organic Search,2024-04-28 00:00:00,22,27,17,28.7777777777778,0.772727272727273,3.22222222222222,0.62962962962963,87,0
2287,Organic Search,2024-04-29 02:00:00,22,28,14,50.6785714285714,0.636363636363636,3.9285714285714306,0.5,110,2
2288,Organic Search,2024-04-29 05:00:00,22,24,19,52.08333333333329,0.863636363636364,4.75,0.791666666666667,114,5
2289,Organic Search,2024-04-30 03:00:00,22,25,11,23.16,0.5,4.04,0.44,101,3
2290,Organic Search,2024-05-03 02:00:00,22,27,14,46.3703703703704,0.636363636363636,3.2962962962963,0.518518518518519,89,2
2291,Organic Social,2024-04-20 06:00:00,22,30,11,38.3,0.5,5.23333333333333,0.366666666666667,157,6
2292,Organic Social,2024-04-21 05:00:00,22,25,12,56.8,0.545454545454545,5.6,0.48,140,5
2293,Organic Social,2024-04-29 04:00:00,22,26,10,57.5384615384615,0.454545454545455,6.73076923076923,0.384615384615385,175,4
2294,Referral,2024-04-06 07:00:00,22,23,15,91.4347826086957,0.681818181818182,9.86956521739131,0.652173913043478,227,7
2295,Referral,2024-04-09 03:00:00,22,26,19,52.6923076923077,0.863636363636364,5.11538461538462,0.730769230769231,133,3
2296,Referral,2024-04-10 02:00:00,22,28,14,43.4285714285714,0.636363636363636,3.7142857142857104,0.5,104,2
2297,Referral,2024-04-10 07:00:00,22,23,16,57.39130434782609,0.727272727272727,5.47826086956522,0.695652173913044,126,7
2298,Referral,2024-04-12 01:00:00,22,30,19,46.9333333333333,0.863636363636364,4.06666666666667,0.633333333333333,122,1
2299,Referral,2024-04-17 03:00:00,22,23,16,69.5217391304348,0.727272727272727,8.0,0.695652173913044,184,3
2300,Referral,2024-04-17 07:00:00,22,26,18,149.461538461538,0.818181818181818,6.96153846153846,0.692307692307692,181,7
2301,Referral,2024-04-18 05:00:00,22,25,19,90.68,0.863636363636364,5.44,0.76,136,5
2302,Referral,2024-04-18 07:00:00,22,26,18,126.615384615385,0.818181818181818,7.15384615384615,0.692307692307692,186,7
2303,Referral,2024-04-19 03:00:00,22,26,13,70.0769230769231,0.590909090909091,4.96153846153846,0.5,129,3
2304,Referral,2024-04-21 08:00:00,22,25,20,63.28,0.909090909090909,8.32,0.8,208,8
2305,Referral,2024-04-30 06:00:00,22,24,18,87.6666666666667,0.818181818181818,5.375,0.75,129,6
2306,Direct,2024-04-12 02:00:00,21,27,12,250.740740740741,0.571428571428571,6.03703703703704,0.444444444444444,163,2
2307,Direct,2024-04-14 04:00:00,21,22,11,35.7727272727273,0.523809523809524,3.86363636363636,0.5,85,4
2308,Direct,2024-04-17 05:00:00,21,24,13,51.66666666666671,0.619047619047619,3.375,0.541666666666667,81,5
2309,Direct,2024-04-23 03:00:00,21,26,12,26.8846153846154,0.571428571428571,4.11538461538462,0.461538461538462,107,3
2310,Direct,2024-04-24 06:00:00,21,25,7,24.88,0.333333333333333,3.32,0.28,83,6
2311,Direct,2024-04-26 07:00:00,21,28,10,43.1428571428571,0.476190476190476,3.21428571428571,0.357142857142857,90,7
2312,Direct,2024-04-28 05:00:00,21,23,8,14.2608695652174,0.380952380952381,2.95652173913043,0.347826086956522,68,5
2313,Direct,2024-04-30 02:00:00,21,28,10,152.035714285714,0.476190476190476,5.07142857142857,0.357142857142857,142,2
2314,Direct,2024-04-30 09:00:00,21,35,12,43.8285714285714,0.571428571428571,3.57142857142857,0.342857142857143,125,9
2315,Direct,2024-05-03 03:00:00,21,31,10,39.935483870967694,0.476190476190476,3.19354838709677,0.32258064516129,99,3
2316,Direct,2024-05-03 04:00:00,21,29,8,10.9310344827586,0.380952380952381,3.20689655172414,0.275862068965517,93,4
2317,Direct,2024-05-03 06:00:00,21,27,10,32.7037037037037,0.476190476190476,3.25925925925926,0.37037037037037,88,6
2318,Organic Search,2024-04-07 01:00:00,21,24,12,111.291666666667,0.571428571428571,4.5,0.5,108,1
2319,Organic Search,2024-04-11 02:00:00,21,27,14,53.11111111111111,0.666666666666667,3.44444444444444,0.518518518518519,93,2
2320,Organic Search,2024-04-11 03:00:00,21,23,13,19.0434782608696,0.619047619047619,3.8695652173913,0.565217391304348,89,3
2321,Organic Search,2024-04-12 05:00:00,21,23,15,33.6956521739131,0.714285714285714,4.0,0.652173913043478,92,5
2322,Organic Search,2024-04-13 06:00:00,21,26,15,26.7307692307692,0.714285714285714,3.53846153846154,0.576923076923077,92,6
2323,Organic Search,2024-04-13 07:00:00,21,21,16,35.4285714285714,0.761904761904762,3.9047619047619,0.761904761904762,82,7
2324,Organic Search,2024-04-14 04:00:00,21,23,13,30.2608695652174,0.619047619047619,3.82608695652174,0.565217391304348,88,4
2325,Organic Search,2024-04-14 07:00:00,21,24,13,56.66666666666671,0.619047619047619,3.54166666666667,0.541666666666667,85,7
2326,Organic Search,2024-04-16 06:00:00,21,28,16,30.6071428571429,0.761904761904762,3.39285714285714,0.571428571428571,95,6
2327,Organic Search,2024-04-21 08:00:00,21,26,13,32.0384615384615,0.619047619047619,3.19230769230769,0.5,83,8
2328,Organic Search,2024-04-21 11:00:00,21,28,13,27.3214285714286,0.619047619047619,3.32142857142857,0.464285714285714,93,11
2329,Organic Search,2024-04-22 01:00:00,21,27,16,30.3703703703704,0.761904761904762,3.7037037037037,0.592592592592593,100,1
2330,Organic Search,2024-04-22 02:00:00,21,30,13,60.66666666666671,0.619047619047619,4.3,0.433333333333333,129,2
2331,Organic Search,2024-04-24 06:00:00,21,22,18,41.7727272727273,0.857142857142857,3.59090909090909,0.818181818181818,79,6
2332,Organic Search,2024-04-28 02:00:00,21,24,15,25.2916666666667,0.714285714285714,4.375,0.625,105,2
2333,Organic Search,2024-05-02 01:00:00,21,24,12,17.7916666666667,0.571428571428571,4.95833333333333,0.5,119,1
2334,Organic Social,2024-04-08 04:00:00,21,26,16,38.1923076923077,0.761904761904762,4.0,0.615384615384615,104,4
2335,Organic Social,2024-04-09 05:00:00,21,32,15,60.46875,0.714285714285714,4.3125,0.46875,138,5
2336,Organic Social,2024-04-10 04:00:00,21,39,16,26.4871794871795,0.761904761904762,4.0,0.41025641025641,156,4
2337,Organic Social,2024-04-13 06:00:00,21,32,16,81.875,0.761904761904762,5.375,0.5,172,6
2338,Organic Social,2024-04-23 04:00:00,21,25,18,57.88,0.857142857142857,4.68,0.72,117,4
2339,Organic Social,2024-04-26 06:00:00,21,24,17,68.9583333333333,0.80952380952381,5.0,0.708333333333333,120,6
2340,Referral,2024-04-06 04:00:00,21,25,17,111.44,0.80952380952381,5.8,0.68,145,4
2341,Referral,2024-04-09 06:00:00,21,24,16,100.625,0.761904761904762,5.45833333333333,0.666666666666667,131,6
2342,Referral,2024-04-17 05:00:00,21,23,15,76.0,0.714285714285714,5.52173913043478,0.652173913043478,127,5
2343,Referral,2024-04-18 06:00:00,21,24,19,119.833333333333,0.904761904761905,5.29166666666667,0.791666666666667,127,6
2344,Referral,2024-04-20 01:00:00,21,26,18,62.8846153846154,0.857142857142857,6.11538461538462,0.692307692307692,159,1
2345,Referral,2024-04-23 02:00:00,21,27,16,97.6666666666667,0.761904761904762,5.88888888888889,0.592592592592593,159,2
2346,Referral,2024-04-25 07:00:00,21,25,18,67.52,0.857142857142857,8.2,0.72,205,7
2347,Referral,2024-04-29 04:00:00,21,21,14,107.666666666667,0.666666666666667,4.80952380952381,0.666666666666667,101,4
2348,Referral,2024-05-01 06:00:00,21,25,15,66.36,0.714285714285714,5.96,0.6,149,6
2349,Referral,2024-05-02 04:00:00,21,23,11,12.6086956521739,0.523809523809524,3.69565217391304,0.478260869565217,85,4
2350,Direct,2024-04-08 03:00:00,20,23,10,43.8260869565217,0.5,4.1304347826087,0.434782608695652,95,3
2351,Direct,2024-04-11 02:00:00,20,24,12,65.5416666666667,0.6,5.08333333333333,0.5,122,2
2352,Direct,2024-04-18 04:00:00,20,27,8,17.3703703703704,0.4,3.03703703703704,0.296296296296296,82,4
2353,Direct,2024-04-20 04:00:00,20,24,9,36.54166666666671,0.45,3.375,0.375,81,4
2354,Direct,2024-04-20 05:00:00,20,24,12,64.875,0.6,3.625,0.5,87,5
2355,Direct,2024-04-21 06:00:00,20,22,11,15.7272727272727,0.55,3.59090909090909,0.5,79,6
2356,Direct,2024-04-22 07:00:00,20,28,15,28.9642857142857,0.75,4.75,0.535714285714286,133,7
2357,Direct,2024-04-24 02:00:00,20,31,13,60.2258064516129,0.65,5.51612903225807,0.419354838709677,171,2
2358,Direct,2024-04-30 04:00:00,20,23,13,39.2173913043478,0.65,3.30434782608696,0.565217391304348,76,4
2359,Direct,2024-05-01 07:00:00,20,24,7,26.6666666666667,0.35,4.58333333333333,0.291666666666667,110,7
2360,Direct,2024-05-02 05:00:00,20,26,14,71.0384615384615,0.7,4.53846153846154,0.538461538461538,118,5
2361,Direct,2024-05-02 06:00:00,20,26,11,69.5384615384615,0.55,4.5,0.423076923076923,117,6
2362,Organic Search,2024-04-07 02:00:00,20,22,11,25.2727272727273,0.55,4.63636363636364,0.5,102,2
2363,Organic Search,2024-04-07 03:00:00,20,22,15,53.2272727272727,0.75,5.772727272727271,0.681818181818182,127,3
2364,Organic Search,2024-04-10 08:00:00,20,27,16,29.0740740740741,0.8,3.22222222222222,0.592592592592593,87,8
2365,Organic Search,2024-04-18 05:00:00,20,26,11,39.7307692307692,0.55,4.53846153846154,0.423076923076923,118,5
2366,Organic Search,2024-04-20 08:00:00,20,25,15,36.72,0.75,3.32,0.6,83,8
2367,Organic Search,2024-04-21 01:00:00,20,29,14,99.7586206896552,0.7,3.58620689655172,0.482758620689655,104,1
2368,Organic Search,2024-04-23 06:00:00,20,22,15,46.5,0.75,3.77272727272727,0.681818181818182,83,6
2369,Organic Search,2024-04-24 07:00:00,20,23,15,77.6521739130435,0.75,4.91304347826087,0.652173913043478,113,7
2370,Organic Search,2024-04-26 04:00:00,20,22,11,25.8636363636364,0.55,3.81818181818182,0.5,84,4
2371,Organic Search,2024-04-27 01:00:00,20,25,17,85.52,0.85,5.2,0.68,130,1
2372,Organic Search,2024-04-28 09:00:00,20,28,14,19.8214285714286,0.7,3.46428571428571,0.5,97,9
2373,Organic Search,2024-04-29 08:00:00,20,26,12,31.8076923076923,0.6,3.46153846153846,0.461538461538462,90,8
2374,Organic Search,2024-05-01 02:00:00,20,24,13,54.83333333333329,0.65,4.04166666666667,0.541666666666667,97,2
2375,Organic Search,2024-05-01 07:00:00,20,22,15,48.4090909090909,0.75,3.63636363636364,0.681818181818182,80,7
2376,Organic Search,2024-05-02 06:00:00,20,21,17,56.4285714285714,0.85,3.7142857142857104,0.80952380952381,78,6
2377,Organic Social,2024-04-08 05:00:00,20,28,16,256.714285714286,0.8,5.0,0.571428571428571,140,5
2378,Organic Social,2024-04-13 04:00:00,20,34,15,67.5882352941177,0.75,3.91176470588235,0.441176470588235,133,4
2379,Organic Social,2024-04-28 05:00:00,20,28,15,20.6071428571429,0.75,4.03571428571429,0.535714285714286,113,5
2380,Referral,2024-04-07 01:00:00,20,24,14,47.25,0.7,5.08333333333333,0.583333333333333,122,1
2381,Referral,2024-04-11 02:00:00,20,30,13,70.6,0.65,3.96666666666667,0.433333333333333,119,2
2382,Referral,2024-04-15 01:00:00,20,28,15,23.5714285714286,0.75,3.9285714285714306,0.535714285714286,110,1
2383,Referral,2024-04-16 06:00:00,20,21,17,51.1904761904762,0.85,3.6666666666666705,0.80952380952381,77,6
2384,Referral,2024-04-17 23:00:00,20,25,16,156.4,0.8,5.24,0.64,131,23
2385,Referral,2024-04-19 07:00:00,20,24,13,34.7916666666667,0.65,4.375,0.541666666666667,105,7
2386,Referral,2024-04-21 02:00:00,20,21,16,149.809523809524,0.8,10.8571428571429,0.761904761904762,228,2
2387,Referral,2024-04-21 03:00:00,20,22,14,51.1363636363636,0.7,5.0,0.636363636363636,110,3
2388,Referral,2024-04-22 06:00:00,20,26,15,89.7692307692308,0.75,6.42307692307692,0.576923076923077,167,6
2389,Referral,2024-04-22 08:00:00,20,24,17,412.958333333333,0.85,5.875,0.708333333333333,141,8
2390,Referral,2024-04-25 03:00:00,20,25,15,154.32,0.75,6.36,0.6,159,3
2391,Referral,2024-04-26 08:00:00,20,22,17,156.227272727273,0.85,6.227272727272729,0.772727272727273,137,8
2392,Referral,2024-04-27 07:00:00,20,23,15,83.1304347826087,0.75,6.08695652173913,0.652173913043478,140,7
2393,Direct,2024-04-09 04:00:00,19,23,9,33.5652173913044,0.473684210526316,4.65217391304348,0.391304347826087,107,4
2394,Direct,2024-04-09 05:00:00,19,24,10,58.0,0.526315789473684,4.70833333333333,0.416666666666667,113,5
2395,Direct,2024-04-13 03:00:00,19,28,11,11.6785714285714,0.578947368421053,2.82142857142857,0.392857142857143,79,3
2396,Direct,2024-04-13 05:00:00,19,23,12,51.5217391304348,0.631578947368421,4.47826086956522,0.521739130434783,103,5
2397,Direct,2024-04-14 05:00:00,19,27,11,50.3703703703704,0.578947368421053,3.81481481481482,0.407407407407407,103,5
2398,Direct,2024-04-19 03:00:00,19,26,12,28.2307692307692,0.631578947368421,4.38461538461539,0.461538461538462,114,3
2399,Direct,2024-04-21 07:00:00,19,20,10,35.1,0.526315789473684,3.65,0.5,73,7
2400,Direct,2024-04-24 07:00:00,19,30,11,13.0333333333333,0.578947368421053,2.9,0.366666666666667,87,7
2401,Direct,2024-04-25 02:00:00,19,25,12,53.68,0.631578947368421,3.68,0.48,92,2
2402,Direct,2024-04-25 05:00:00,19,24,14,30.2083333333333,0.736842105263158,4.125,0.583333333333333,99,5
2403,Direct,2024-04-26 06:00:00,19,25,13,41.96,0.68421052631579,3.48,0.52,87,6
2404,Direct,2024-04-26 08:00:00,19,30,14,37.6333333333333,0.736842105263158,3.7666666666666706,0.466666666666667,113,8
2405,Direct,2024-04-27 08:00:00,19,27,10,13.7407407407407,0.526315789473684,2.96296296296296,0.37037037037037,80,8
2406,Direct,2024-04-28 04:00:00,19,25,9,14.52,0.473684210526316,3.08,0.36,77,4
2407,Direct,2024-04-28 07:00:00,19,25,9,35.44,0.473684210526316,5.92,0.36,148,7
2408,Direct,2024-04-29 03:00:00,19,24,12,30.9583333333333,0.631578947368421,4.58333333333333,0.5,110,3
2409,Direct,2024-05-02 03:00:00,19,27,11,76.2222222222222,0.578947368421053,4.85185185185185,0.407407407407407,131,3
2410,Direct,2024-05-02 07:00:00,19,21,7,36.8095238095238,0.368421052631579,4.952380952380951,0.333333333333333,104,7
2411,Organic Search,2024-04-06 07:00:00,19,20,11,23.1,0.578947368421053,3.95,0.55,79,7
2412,Organic Search,2024-04-08 06:00:00,19,23,14,36.4347826086957,0.736842105263158,3.9130434782608705,0.608695652173913,90,6
2413,Organic Search,2024-04-09 02:00:00,19,30,17,66.6333333333333,0.894736842105263,4.0,0.566666666666667,120,2
2414,Organic Search,2024-04-09 07:00:00,19,25,15,95.56,0.789473684210526,4.44,0.6,111,7
2415,Organic Search,2024-04-11 08:00:00,19,25,14,34.2,0.736842105263158,4.16,0.56,104,8
2416,Organic Search,2024-04-14 03:00:00,19,23,10,19.2608695652174,0.526315789473684,2.91304347826087,0.434782608695652,67,3
2417,Organic Search,2024-04-19 05:00:00,19,22,12,59.7727272727273,0.631578947368421,4.18181818181818,0.545454545454545,92,5
2418,Organic Search,2024-04-23 04:00:00,19,24,12,28.375,0.631578947368421,3.04166666666667,0.5,73,4
2419,Organic Social,2024-04-20 05:00:00,19,24,12,47.375,0.631578947368421,4.08333333333333,0.5,98,5
2420,Organic Social,2024-04-23 05:00:00,19,22,15,56.0454545454546,0.789473684210526,4.5,0.681818181818182,99,5
2421,Referral,2024-04-06 02:00:00,19,24,15,100.5,0.789473684210526,8.54166666666667,0.625,205,2
2422,Referral,2024-04-07 07:00:00,19,22,14,32.5909090909091,0.736842105263158,5.272727272727271,0.636363636363636,116,7
2423,Referral,2024-04-08 02:00:00,19,25,13,68.32,0.68421052631579,4.52,0.52,113,2
2424,Referral,2024-04-11 07:00:00,19,20,18,76.95,0.947368421052632,8.2,0.9,164,7
2425,Referral,2024-04-14 00:00:00,19,26,11,40.6153846153846,0.578947368421053,4.96153846153846,0.423076923076923,129,0
2426,Referral,2024-04-16 03:00:00,19,20,15,56.6,0.789473684210526,5.75,0.75,115,3
2427,Referral,2024-04-24 06:00:00,19,21,16,130.47619047619,0.842105263157895,5.76190476190476,0.761904761904762,121,6
2428,Referral,2024-04-26 03:00:00,19,21,11,47.476190476190496,0.578947368421053,4.0,0.523809523809524,84,3
2429,Referral,2024-05-02 05:00:00,19,25,13,77.28,0.68421052631579,5.76,0.52,144,5
2430,Direct,2024-04-06 05:00:00,18,21,12,42.8095238095238,0.666666666666667,4.38095238095238,0.571428571428571,92,5
2431,Direct,2024-04-06 06:00:00,18,25,8,14.32,0.444444444444444,3.72,0.32,93,6
2432,Direct,2024-04-08 05:00:00,18,23,8,9.04347826086957,0.444444444444444,3.17391304347826,0.347826086956522,73,5
2433,Direct,2024-04-08 07:00:00,18,25,8,20.76,0.444444444444444,3.52,0.32,88,7
2434,Direct,2024-04-20 07:00:00,18,20,9,14.4,0.5,3.75,0.45,75,7
2435,Direct,2024-04-23 04:00:00,18,20,14,157.55,0.777777777777778,6.8,0.7,136,4
2436,Organic Search,2024-04-06 03:00:00,18,23,12,25.1304347826087,0.666666666666667,3.60869565217391,0.521739130434783,83,3
2437,Organic Search,2024-04-08 01:00:00,18,28,11,77.1071428571429,0.611111111111111,5.71428571428571,0.392857142857143,160,1
2438,Organic Search,2024-04-09 01:00:00,18,26,12,46.4230769230769,0.666666666666667,3.76923076923077,0.461538461538462,98,1
2439,Organic Search,2024-04-10 04:00:00,18,21,16,141.142857142857,0.888888888888889,3.76190476190476,0.761904761904762,79,4
2440,Organic Search,2024-04-17 06:00:00,18,23,11,43.8260869565217,0.611111111111111,3.73913043478261,0.478260869565217,86,6
2441,Organic Search,2024-04-22 07:00:00,18,23,9,15.4782608695652,0.5,3.0,0.391304347826087,69,7
2442,Organic Search,2024-04-25 05:00:00,18,25,15,38.8,0.833333333333333,3.56,0.6,89,5
2443,Organic Search,2024-04-27 08:00:00,18,21,10,33.0,0.555555555555556,2.9047619047619,0.476190476190476,61,8
2444,Organic Search,2024-04-28 04:00:00,18,21,12,51.6190476190476,0.666666666666667,4.66666666666667,0.571428571428571,98,4
2445,Organic Search,2024-04-29 07:00:00,18,24,12,25.5416666666667,0.666666666666667,3.33333333333333,0.5,80,7
2446,Organic Search,2024-04-30 06:00:00,18,22,13,35.3636363636364,0.722222222222222,4.227272727272729,0.590909090909091,93,6
2447,Organic Search,2024-05-01 05:00:00,18,19,12,40.0,0.666666666666667,3.36842105263158,0.631578947368421,64,5
2448,Organic Search,2024-05-02 05:00:00,18,19,13,104.368421052632,0.722222222222222,4.789473684210529,0.68421052631579,91,5
2449,Organic Search,2024-05-03 01:00:00,18,23,12,18.0434782608696,0.666666666666667,4.34782608695652,0.521739130434783,100,1
2450,Organic Search,2024-05-03 03:00:00,18,18,12,106.333333333333,0.666666666666667,3.5,0.666666666666667,63,3
2451,Organic Search,2024-05-03 04:00:00,18,18,13,128.055555555556,0.722222222222222,5.22222222222222,0.722222222222222,94,4
2452,Organic Search,2024-05-03 05:00:00,18,19,14,113.052631578947,0.777777777777778,5.05263157894737,0.736842105263158,96,5
2453,Organic Social,2024-04-06 05:00:00,18,24,14,60.375,0.777777777777778,4.33333333333333,0.583333333333333,104,5
2454,Referral,2024-04-08 03:00:00,18,18,10,79.7222222222222,0.555555555555556,5.77777777777778,0.555555555555556,104,3
2455,Referral,2024-04-10 04:00:00,18,20,11,59.6,0.611111111111111,4.35,0.55,87,4
2456,Referral,2024-04-13 02:00:00,18,20,15,25.8,0.833333333333333,4.3,0.75,86,2
2457,Referral,2024-04-13 07:00:00,18,20,14,39.55,0.777777777777778,5.65,0.7,113,7
2458,Referral,2024-04-15 02:00:00,18,24,12,99.0416666666667,0.666666666666667,4.33333333333333,0.5,104,2
2459,Referral,2024-04-16 01:00:00,18,23,14,57.304347826087,0.777777777777778,4.69565217391304,0.608695652173913,108,1
2460,Referral,2024-04-17 02:00:00,18,20,14,79.65,0.777777777777778,4.2,0.7,84,2
2461,Referral,2024-04-18 03:00:00,18,19,14,165.526315789474,0.777777777777778,4.57894736842105,0.736842105263158,87,3
2462,Referral,2024-04-18 04:00:00,18,22,12,178.454545454545,0.666666666666667,5.227272727272729,0.545454545454545,115,4
2463,Referral,2024-04-22 02:00:00,18,27,15,27.5185185185185,0.833333333333333,4.33333333333333,0.555555555555556,117,2
2464,Referral,2024-04-26 06:00:00,18,20,12,9.05,0.666666666666667,3.45,0.6,69,6
2465,Referral,2024-04-26 07:00:00,18,20,14,57.2,0.777777777777778,5.0,0.7,100,7
2466,Referral,2024-04-27 08:00:00,18,25,14,76.68,0.777777777777778,4.64,0.56,116,8
2467,Referral,2024-04-28 02:00:00,18,21,14,144.0,0.777777777777778,4.71428571428571,0.666666666666667,99,2
2468,Referral,2024-04-29 07:00:00,18,22,19,61.5454545454546,1.05555555555556,6.86363636363636,0.863636363636364,151,7
2469,Direct,2024-04-07 02:00:00,17,21,10,16.952380952381,0.588235294117647,4.85714285714286,0.476190476190476,102,2
2470,Direct,2024-04-11 04:00:00,17,20,13,23.25,0.764705882352941,3.75,0.65,75,4
2471,Direct,2024-04-11 07:00:00,17,25,8,45.84,0.470588235294118,4.88,0.32,122,7
2472,Direct,2024-04-19 04:00:00,17,22,8,28.0,0.470588235294118,3.22727272727273,0.363636363636364,71,4
2473,Direct,2024-04-23 05:00:00,17,21,6,24.7619047619048,0.352941176470588,3.85714285714286,0.285714285714286,81,5
2474,Direct,2024-04-28 03:00:00,17,21,10,23.5238095238095,0.588235294117647,4.14285714285714,0.476190476190476,87,3
2475,Direct,2024-04-29 02:00:00,17,30,8,25.6,0.470588235294118,3.53333333333333,0.266666666666667,106,2
2476,Direct,2024-05-02 04:00:00,17,21,12,49.66666666666671,0.705882352941177,5.19047619047619,0.571428571428571,109,4
2477,Organic Search,2024-04-07 04:00:00,17,18,9,23.4444444444444,0.529411764705882,3.88888888888889,0.5,70,4
2478,Organic Search,2024-04-07 05:00:00,17,18,7,38.83333333333329,0.411764705882353,3.88888888888889,0.388888888888889,70,5
2479,Organic Search,2024-04-12 06:00:00,17,22,10,41.7727272727273,0.588235294117647,4.36363636363636,0.454545454545455,96,6
2480,Organic Search,2024-04-13 02:00:00,17,21,10,19.3809523809524,0.588235294117647,3.47619047619048,0.476190476190476,73,2
2481,Organic Search,2024-04-13 05:00:00,17,19,13,49.3157894736842,0.764705882352941,4.63157894736842,0.68421052631579,88,5
2482,Organic Search,2024-04-16 04:00:00,17,20,10,26.7,0.588235294117647,3.65,0.5,73,4
2483,Organic Search,2024-04-17 23:00:00,17,20,15,86.7,0.882352941176471,4.85,0.75,97,23
2484,Organic Search,2024-04-21 06:00:00,17,19,9,90.1578947368421,0.529411764705882,6.42105263157895,0.473684210526316,122,6
2485,Organic Search,2024-04-23 01:00:00,17,25,11,13.08,0.647058823529412,3.16,0.44,79,1
2486,Organic Search,2024-04-27 02:00:00,17,19,14,154.684210526316,0.823529411764706,5.26315789473684,0.736842105263158,100,2
2487,Organic Search,2024-04-27 07:00:00,17,17,11,36.529411764705905,0.647058823529412,4.52941176470588,0.647058823529412,77,7
2488,Organic Search,2024-05-01 04:00:00,17,20,13,31.7,0.764705882352941,3.5,0.65,70,4
2489,Referral,2024-04-10 06:00:00,17,22,12,44.5909090909091,0.705882352941177,3.36363636363636,0.545454545454545,74,6
2490,Referral,2024-04-13 04:00:00,17,17,14,131.235294117647,0.823529411764706,6.47058823529412,0.823529411764706,110,4
2491,Referral,2024-04-13 06:00:00,17,18,11,76.7222222222222,0.647058823529412,4.5,0.611111111111111,81,6
2492,Referral,2024-04-20 07:00:00,17,19,12,31.7894736842105,0.705882352941177,4.15789473684211,0.631578947368421,79,7
2493,Referral,2024-04-21 07:00:00,17,20,14,61.75,0.823529411764706,8.95,0.7,179,7
2494,Referral,2024-04-27 03:00:00,17,18,14,80.6666666666667,0.823529411764706,7.16666666666667,0.777777777777778,129,3
2495,Referral,2024-04-29 06:00:00,17,20,15,49.6,0.882352941176471,5.15,0.75,103,6
2496,Direct,2024-04-06 04:00:00,16,21,6,77.0476190476191,0.375,4.14285714285714,0.285714285714286,87,4
2497,Direct,2024-04-08 04:00:00,16,19,12,102.526315789474,0.75,3.52631578947368,0.631578947368421,67,4
2498,Direct,2024-04-16 04:00:00,16,25,9,38.68,0.5625,3.48,0.36,87,4
2499,Direct,2024-04-20 02:00:00,16,26,13,27.3846153846154,0.8125,4.15384615384615,0.5,108,2
2500,Direct,2024-04-20 06:00:00,16,18,8,35.6111111111111,0.5,4.11111111111111,0.444444444444444,74,6
2501,Direct,2024-04-22 04:00:00,16,21,10,59.1428571428571,0.625,5.0,0.476190476190476,105,4
2502,Direct,2024-04-22 06:00:00,16,21,9,15.6666666666667,0.5625,3.28571428571429,0.428571428571429,69,6
2503,Direct,2024-04-24 04:00:00,16,21,9,27.0,0.5625,4.14285714285714,0.428571428571429,87,4
2504,Direct,2024-04-25 03:00:00,16,18,9,157.222222222222,0.5625,4.77777777777778,0.5,86,3
2505,Direct,2024-04-25 04:00:00,16,19,10,48.7368421052632,0.625,3.73684210526316,0.526315789473684,71,4
2506,Direct,2024-04-26 05:00:00,16,19,8,15.8947368421053,0.5,3.63157894736842,0.421052631578947,69,5
2507,Direct,2024-04-30 06:00:00,16,22,8,37.1818181818182,0.5,3.54545454545455,0.363636363636364,78,6
2508,Organic Search,2024-04-07 09:00:00,16,25,9,34.84,0.5625,3.48,0.36,87,9
2509,Organic Search,2024-04-15 04:00:00,16,22,12,48.7727272727273,0.75,3.13636363636364,0.545454545454545,69,4
2510,Organic Search,2024-04-18 04:00:00,16,16,8,15.375,0.5,4.125,0.5,66,4
2511,Organic Search,2024-04-20 03:00:00,16,20,11,157.3,0.6875,4.0,0.55,80,3
2512,Organic Search,2024-04-24 03:00:00,16,18,13,18.6666666666667,0.8125,3.33333333333333,0.722222222222222,60,3
2513,Organic Search,2024-04-25 03:00:00,16,20,13,61.4,0.8125,6.0,0.65,120,3
2514,Organic Search,2024-04-28 08:00:00,16,17,11,49.4117647058824,0.6875,4.47058823529412,0.647058823529412,76,8
2515,Organic Search,2024-04-30 05:00:00,16,18,10,13.3888888888889,0.625,3.16666666666667,0.555555555555556,57,5
2516,Organic Social,2024-04-13 05:00:00,16,18,12,20.4444444444444,0.75,3.88888888888889,0.666666666666667,70,5
2517,Organic Social,2024-04-27 04:00:00,16,24,10,34.375,0.625,4.75,0.416666666666667,114,4
2518,Referral,2024-04-06 05:00:00,16,18,10,54.0,0.625,3.6666666666666705,0.555555555555556,66,5
2519,Referral,2024-04-07 02:00:00,16,19,13,42.7368421052632,0.8125,4.0,0.68421052631579,76,2
2520,Referral,2024-04-08 04:00:00,16,19,13,499.94736842105294,0.8125,5.73684210526316,0.68421052631579,109,4
2521,Referral,2024-04-08 05:00:00,16,18,12,108.611111111111,0.75,5.88888888888889,0.666666666666667,106,5
2522,Referral,2024-04-09 05:00:00,16,17,13,62.1764705882353,0.8125,5.88235294117647,0.764705882352941,100,5
2523,Referral,2024-04-11 04:00:00,16,18,11,79.4444444444444,0.6875,3.8333333333333295,0.611111111111111,69,4
2524,Referral,2024-04-12 04:00:00,16,22,12,95.5,0.75,4.272727272727271,0.545454545454545,94,4
2525,Referral,2024-04-12 05:00:00,16,20,11,60.65,0.6875,4.2,0.55,84,5
2526,Referral,2024-04-13 03:00:00,16,18,10,18.1666666666667,0.625,3.55555555555556,0.555555555555556,64,3
2527,Referral,2024-04-13 05:00:00,16,19,12,55.7894736842105,0.75,3.6842105263157903,0.631578947368421,70,5
2528,Referral,2024-04-15 06:00:00,16,18,13,141.055555555556,0.8125,5.61111111111111,0.722222222222222,101,6
2529,Referral,2024-04-17 06:00:00,16,20,13,95.75,0.8125,7.45,0.65,149,6
2530,Referral,2024-04-21 06:00:00,16,18,14,88.5,0.875,6.33333333333333,0.777777777777778,114,6
2531,Referral,2024-04-22 03:00:00,16,20,13,75.95,0.8125,4.1,0.65,82,3
2532,Referral,2024-04-22 07:00:00,16,19,10,59.1052631578947,0.625,4.52631578947368,0.526315789473684,86,7
2533,Referral,2024-04-25 04:00:00,16,17,11,64.5882352941177,0.6875,4.58823529411765,0.647058823529412,78,4
2534,Referral,2024-04-28 07:00:00,16,17,15,48.5882352941176,0.9375,5.0,0.882352941176471,85,7
2535,Referral,2024-04-29 03:00:00,16,18,10,189.777777777778,0.625,5.38888888888889,0.555555555555556,97,3
2536,Referral,2024-04-30 05:00:00,16,19,14,54.8947368421053,0.875,4.789473684210529,0.736842105263158,91,5
2537,Direct,2024-04-07 06:00:00,15,20,9,28.35,0.6,3.8,0.45,76,6
2538,Direct,2024-04-07 07:00:00,15,20,9,30.05,0.6,4.45,0.45,89,7
2539,Direct,2024-04-08 06:00:00,15,22,8,25.0,0.533333333333333,3.31818181818182,0.363636363636364,73,6
2540,Direct,2024-04-21 03:00:00,15,21,7,20.7619047619048,0.466666666666667,3.14285714285714,0.333333333333333,66,3
2541,Direct,2024-04-23 02:00:00,15,25,7,32.4,0.466666666666667,4.2,0.28,105,2
2542,Direct,2024-05-01 02:00:00,15,23,7,36.9130434782609,0.466666666666667,4.17391304347826,0.304347826086957,96,2
2543,Direct,2024-05-01 03:00:00,15,22,9,38.9545454545455,0.6,3.72727272727273,0.409090909090909,82,3
2544,Organic Search,2024-04-06 05:00:00,15,18,10,16.8333333333333,0.666666666666667,2.88888888888889,0.555555555555556,52,5
2545,Organic Search,2024-04-08 05:00:00,15,16,12,20.375,0.8,3.8125,0.75,61,5
2546,Organic Search,2024-04-13 04:00:00,15,18,11,34.6666666666667,0.733333333333333,4.94444444444445,0.611111111111111,89,4
2547,Organic Search,2024-04-17 04:00:00,15,18,11,31.1111111111111,0.733333333333333,2.83333333333333,0.611111111111111,51,4
2548,Organic Search,2024-04-17 05:00:00,15,23,13,26.1304347826087,0.866666666666667,3.39130434782609,0.565217391304348,78,5
2549,Organic Search,2024-04-21 04:00:00,15,17,14,36.8235294117647,0.933333333333333,5.88235294117647,0.823529411764706,100,4
2550,Organic Search,2024-04-23 03:00:00,15,18,11,23.6111111111111,0.733333333333333,3.16666666666667,0.611111111111111,57,3
2551,Organic Search,2024-04-25 04:00:00,15,16,10,17.8125,0.666666666666667,3.1875,0.625,51,4
2552,Organic Search,2024-04-29 04:00:00,15,16,11,97.625,0.733333333333333,7.0625,0.6875,113,4
2553,Organic Search,2024-04-30 04:00:00,15,19,11,24.2631578947368,0.733333333333333,3.42105263157895,0.578947368421053,65,4
2554,Referral,2024-04-07 08:00:00,15,17,14,134.058823529412,0.933333333333333,6.52941176470588,0.823529411764706,111,8
2555,Referral,2024-04-11 06:00:00,15,17,10,34.3529411764706,0.666666666666667,4.47058823529412,0.588235294117647,76,6
2556,Referral,2024-04-14 03:00:00,15,19,10,49.2105263157895,0.666666666666667,3.78947368421053,0.526315789473684,72,3
2557,Referral,2024-04-17 04:00:00,15,19,10,32.4736842105263,0.666666666666667,3.42105263157895,0.526315789473684,65,4
2558,Referral,2024-04-19 04:00:00,15,16,9,39.0625,0.6,3.625,0.5625,58,4
2559,Referral,2024-04-21 04:00:00,15,19,12,45.7368421052632,0.8,6.05263157894737,0.631578947368421,115,4
2560,Referral,2024-04-22 04:00:00,15,19,8,90.5789473684211,0.533333333333333,4.52631578947368,0.421052631578947,86,4
2561,Referral,2024-04-22 05:00:00,15,15,9,41.1333333333333,0.6,4.53333333333333,0.6,68,5
2562,Referral,2024-04-24 04:00:00,15,22,12,89.9545454545455,0.8,6.04545454545455,0.545454545454545,133,4
2563,Referral,2024-04-24 05:00:00,15,16,12,204.1875,0.8,10.375,0.75,166,5
2564,Referral,2024-04-25 06:00:00,15,18,13,118.555555555556,0.866666666666667,5.61111111111111,0.722222222222222,101,6
2565,Referral,2024-04-30 02:00:00,15,23,14,86.7391304347826,0.933333333333333,4.04347826086957,0.608695652173913,93,2
2566,Referral,2024-04-30 03:00:00,15,19,12,103.631578947368,0.8,5.0,0.631578947368421,95,3
2567,Referral,2024-05-01 05:00:00,15,18,8,104.666666666667,0.533333333333333,4.38888888888889,0.444444444444444,79,5
2568,Referral,2024-05-03 03:00:00,15,23,10,40.4782608695652,0.666666666666667,4.69565217391304,0.434782608695652,108,3
2569,Direct,2024-04-11 03:00:00,14,23,6,5.82608695652174,0.428571428571429,3.52173913043478,0.260869565217391,81,3
2570,Direct,2024-04-19 05:00:00,14,19,7,41.8947368421053,0.5,3.57894736842105,0.368421052631579,68,5
2571,Direct,2024-04-20 03:00:00,14,18,10,52.2777777777778,0.714285714285714,4.27777777777778,0.555555555555556,77,3
2572,Direct,2024-04-21 05:00:00,14,18,10,28.5,0.714285714285714,2.83333333333333,0.555555555555556,51,5
2573,Direct,2024-04-26 04:00:00,14,20,8,7.9,0.571428571428571,4.5,0.4,90,4
2574,Direct,2024-05-01 06:00:00,14,16,12,21.4375,0.857142857142857,3.8125,0.75,61,6
2575,Organic Search,2024-04-07 06:00:00,14,16,7,25.1875,0.5,3.375,0.4375,54,6
2576,Organic Search,2024-04-09 04:00:00,14,18,11,69.1666666666667,0.785714285714286,6.22222222222222,0.611111111111111,112,4
2577,Organic Search,2024-04-12 03:00:00,14,18,11,38.88888888888889,0.785714285714286,3.88888888888889,0.611111111111111,70,3
2578,Organic Search,2024-04-22 04:00:00,14,19,12,20.1052631578947,0.857142857142857,3.31578947368421,0.631578947368421,63,4
2579,Organic Search,2024-04-22 05:00:00,14,16,10,150.125,0.714285714285714,3.3125,0.625,53,5
2580,Organic Search,2024-04-26 06:00:00,14,18,6,21.0555555555556,0.428571428571429,3.16666666666667,0.333333333333333,57,6
2581,Organic Search,2024-04-27 04:00:00,14,18,11,55.16666666666671,0.785714285714286,6.38888888888889,0.611111111111111,115,4
2582,Organic Search,2024-04-27 05:00:00,14,17,8,37.2941176470588,0.571428571428571,5.05882352941176,0.470588235294118,86,5
2583,Organic Search,2024-04-28 03:00:00,14,17,8,50.2352941176471,0.571428571428571,3.70588235294118,0.470588235294118,63,3
2584,Organic Search,2024-05-01 03:00:00,14,15,8,27.1333333333333,0.571428571428571,3.06666666666667,0.533333333333333,46,3
2585,Organic Search,2024-05-01 08:00:00,14,17,11,40.4117647058824,0.785714285714286,3.94117647058824,0.647058823529412,67,8
2586,Organic Search,2024-05-02 02:00:00,14,22,9,8.59090909090909,0.642857142857143,4.13636363636364,0.409090909090909,91,2
2587,Referral,2024-04-07 06:00:00,14,14,7,30.3571428571429,0.5,4.07142857142857,0.5,57,6
2588,Referral,2024-04-09 04:00:00,14,16,8,27.75,0.571428571428571,5.0,0.5,80,4
2589,Referral,2024-04-10 03:00:00,14,18,9,51.83333333333329,0.642857142857143,3.77777777777778,0.5,68,3
2590,Referral,2024-04-10 05:00:00,14,17,10,125.705882352941,0.714285714285714,7.58823529411765,0.588235294117647,129,5
2591,Referral,2024-04-14 02:00:00,14,18,11,172.722222222222,0.785714285714286,4.72222222222222,0.611111111111111,85,2
2592,Referral,2024-04-14 07:00:00,14,17,13,30.1176470588235,0.928571428571429,4.11764705882353,0.764705882352941,70,7
2593,Referral,2024-04-15 03:00:00,14,18,9,24.9444444444444,0.642857142857143,4.38888888888889,0.5,79,3
2594,Referral,2024-04-15 07:00:00,14,16,13,56.9375,0.928571428571429,6.375,0.8125,102,7
2595,Referral,2024-04-23 03:00:00,14,17,8,55.9411764705882,0.571428571428571,4.41176470588235,0.470588235294118,75,3
2596,Referral,2024-04-23 06:00:00,14,20,12,49.9,0.857142857142857,7.75,0.6,155,6
2597,Referral,2024-04-28 08:00:00,14,19,12,65.3684210526316,0.857142857142857,5.57894736842105,0.631578947368421,106,8
2598,Referral,2024-04-30 04:00:00,14,15,9,248.0,0.642857142857143,7.0,0.6,105,4
2599,Referral,2024-05-01 02:00:00,14,17,11,64.5882352941177,0.785714285714286,8.29411764705882,0.647058823529412,141,2
2600,Referral,2024-05-03 06:00:00,14,17,12,58.2352941176471,0.857142857142857,4.52941176470588,0.705882352941177,77,6
2601,Direct,2024-04-07 03:00:00,13,16,6,20.125,0.461538461538462,4.1875,0.375,67,3
2602,Direct,2024-04-29 05:00:00,13,18,6,54.38888888888889,0.461538461538462,3.33333333333333,0.333333333333333,60,5
2603,Direct,2024-04-30 03:00:00,13,20,4,26.1,0.307692307692308,4.6,0.2,92,3
2604,Organic Search,2024-04-06 06:00:00,13,16,9,141.4375,0.692307692307692,4.375,0.5625,70,6
2605,Organic Search,2024-04-07 07:00:00,13,19,11,26.0526315789474,0.846153846153846,3.21052631578947,0.578947368421053,61,7
2606,Organic Search,2024-04-10 05:00:00,13,16,7,33.875,0.538461538461538,3.5625,0.4375,57,5
2607,Organic Search,2024-04-14 06:00:00,13,15,8,22.2,0.615384615384615,3.46666666666667,0.533333333333333,52,6
2608,Organic Search,2024-04-27 06:00:00,13,18,7,13.2222222222222,0.538461538461538,3.5,0.388888888888889,63,6
2609,Organic Search,2024-04-29 03:00:00,13,15,7,7.06666666666667,0.538461538461538,2.86666666666667,0.466666666666667,43,3
2610,Organic Search,2024-05-01 06:00:00,13,15,10,35.6,0.769230769230769,3.26666666666667,0.666666666666667,49,6
2611,Organic Social,2024-04-27 05:00:00,13,15,11,43.0666666666667,0.846153846153846,5.0,0.733333333333333,75,5
2612,Referral,2024-04-06 03:00:00,13,15,11,144.466666666667,0.846153846153846,9.6,0.733333333333333,144,3
2613,Referral,2024-04-07 03:00:00,13,14,11,122.357142857143,0.846153846153846,5.35714285714286,0.785714285714286,75,3
2614,Referral,2024-04-07 05:00:00,13,16,10,57.75,0.769230769230769,6.0625,0.625,97,5
2615,Referral,2024-04-16 05:00:00,13,17,11,19.4705882352941,0.846153846153846,3.94117647058824,0.647058823529412,67,5
2616,Referral,2024-04-19 05:00:00,13,15,8,48.5333333333333,0.615384615384615,5.2,0.533333333333333,78,5
2617,Referral,2024-04-25 05:00:00,13,14,13,75.5,1.0,3.9285714285714306,0.928571428571429,55,5
2618,Direct,2024-04-14 06:00:00,12,14,5,6.42857142857143,0.416666666666667,3.57142857142857,0.357142857142857,50,6
2619,Direct,2024-04-20 08:00:00,12,20,8,29.45,0.666666666666667,3.5,0.4,70,8
2620,Direct,2024-04-27 04:00:00,12,14,4,12.3571428571429,0.333333333333333,3.5,0.285714285714286,49,4
2621,Direct,2024-05-01 05:00:00,12,15,8,156.0,0.666666666666667,6.46666666666667,0.533333333333333,97,5
2622,Direct,2024-05-03 05:00:00,12,14,5,10.3571428571429,0.416666666666667,3.7142857142857104,0.357142857142857,52,5
2623,Organic Search,2024-04-08 04:00:00,12,14,8,16.8571428571429,0.666666666666667,3.7142857142857104,0.571428571428571,52,4
2624,Organic Search,2024-04-11 04:00:00,12,14,8,54.5714285714286,0.666666666666667,3.57142857142857,0.571428571428571,50,4
2625,Organic Search,2024-04-16 03:00:00,12,16,10,27.875,0.833333333333333,4.125,0.625,66,3
2626,Organic Search,2024-04-23 05:00:00,12,15,6,25.7333333333333,0.5,4.0,0.4,60,5
2627,Organic Search,2024-04-26 03:00:00,12,15,9,50.4,0.75,5.46666666666667,0.6,82,3
2628,Organic Search,2024-04-26 05:00:00,12,14,7,39.1428571428571,0.583333333333333,3.14285714285714,0.5,44,5
2629,Organic Search,2024-05-02 04:00:00,12,14,8,44.0714285714286,0.666666666666667,3.7142857142857104,0.571428571428571,52,4
2630,Referral,2024-04-08 06:00:00,12,16,7,30.9375,0.583333333333333,3.8125,0.4375,61,6
2631,Referral,2024-04-14 08:00:00,12,16,9,67.8125,0.75,6.375,0.5625,102,8
2632,Referral,2024-04-15 05:00:00,12,16,12,152.75,1.0,4.6875,0.75,75,5
2633,Referral,2024-04-16 04:00:00,12,13,9,43.9230769230769,0.75,6.69230769230769,0.692307692307692,87,4
2634,Referral,2024-04-23 04:00:00,12,18,9,1168.0,0.75,5.11111111111111,0.5,92,4
2635,Referral,2024-04-27 05:00:00,12,15,10,86.4,0.833333333333333,9.73333333333333,0.666666666666667,146,5
2636,Referral,2024-04-29 05:00:00,12,14,11,130.571428571429,0.916666666666667,4.21428571428571,0.785714285714286,59,5
2637,Referral,2024-05-03 05:00:00,12,13,4,62.0,0.333333333333333,3.6923076923076894,0.307692307692308,48,5
2638,Direct,2024-04-07 05:00:00,11,16,5,18.9375,0.454545454545455,3.0,0.3125,48,5
2639,Direct,2024-04-08 02:00:00,11,18,3,20.2222222222222,0.272727272727273,3.11111111111111,0.166666666666667,56,2
2640,Direct,2024-04-16 03:00:00,11,18,6,5.83333333333333,0.545454545454545,3.05555555555556,0.333333333333333,55,3
2641,Direct,2024-04-27 05:00:00,11,16,2,9.625,0.181818181818182,3.125,0.125,50,5
2642,Direct,2024-04-28 06:00:00,11,15,5,5.46666666666667,0.454545454545455,2.66666666666667,0.333333333333333,40,6
2643,Direct,2024-04-29 04:00:00,11,17,6,59.3529411764706,0.545454545454545,3.8823529411764706,0.352941176470588,66,4
2644,Organic Search,2024-04-13 03:00:00,11,16,7,34.6875,0.636363636363636,3.125,0.4375,50,3
2645,Organic Search,2024-04-14 05:00:00,11,15,10,23.0666666666667,0.909090909090909,3.0,0.666666666666667,45,5
2646,Organic Search,2024-04-20 05:00:00,11,14,9,19.0714285714286,0.818181818181818,3.7142857142857104,0.642857142857143,52,5
2647,Organic Search,2024-04-21 05:00:00,11,14,6,20.2142857142857,0.545454545454545,4.07142857142857,0.428571428571429,57,5
2648,Organic Search,2024-04-27 03:00:00,11,15,9,24.8666666666667,0.818181818181818,3.13333333333333,0.6,47,3
2649,Referral,2024-04-11 03:00:00,11,15,6,91.7333333333333,0.545454545454545,5.4,0.4,81,3
2650,Referral,2024-04-20 06:00:00,11,11,8,153.272727272727,0.727272727272727,9.54545454545455,0.727272727272727,105,6
2651,Referral,2024-04-21 05:00:00,11,12,8,58.83333333333329,0.727272727272727,5.25,0.666666666666667,63,5
2652,Referral,2024-04-26 05:00:00,11,14,10,52.214285714285694,0.909090909090909,6.07142857142857,0.714285714285714,85,5
2653,Referral,2024-04-27 06:00:00,11,12,11,201.0,1.0,10.8333333333333,0.916666666666667,130,6
2654,Organic Search,2024-04-06 04:00:00,10,11,7,50.0909090909091,0.7,4.18181818181818,0.636363636363636,46,4
2655,Organic Search,2024-04-11 05:00:00,10,12,7,44.33333333333329,0.7,4.33333333333333,0.583333333333333,52,5
2656,Organic Search,2024-04-20 04:00:00,10,15,6,22.0666666666667,0.6,2.86666666666667,0.4,43,4
2657,Organic Search,2024-04-24 04:00:00,10,14,9,6.5,0.9,3.5,0.642857142857143,49,4
2658,Referral,2024-04-15 04:00:00,10,15,8,75.7333333333333,0.8,5.26666666666667,0.533333333333333,79,4
2659,Referral,2024-04-19 06:00:00,10,12,8,44.83333333333329,0.8,4.83333333333333,0.666666666666667,58,6
2660,Referral,2024-04-23 05:00:00,10,11,5,20.8181818181818,0.5,4.81818181818182,0.454545454545455,53,5
2661,Referral,2024-04-28 03:00:00,10,10,9,54.5,0.9,7.0,0.9,70,3
2662,Referral,2024-04-28 05:00:00,10,13,8,57.1538461538462,0.8,4.69230769230769,0.615384615384615,61,5
2663,Organic Search,2024-04-15 05:00:00,9,10,7,46.0,0.777777777777778,11.5,0.7,115,5
2664,Organic Search,2024-04-21 03:00:00,9,14,5,11.7142857142857,0.555555555555556,3.07142857142857,0.357142857142857,43,3
2665,Referral,2024-04-07 04:00:00,9,14,7,54.0,0.777777777777778,3.85714285714286,0.5,54,4
2666,Referral,2024-04-11 05:00:00,9,14,7,121.571428571429,0.777777777777778,5.14285714285714,0.5,72,5
2667,Referral,2024-04-14 04:00:00,9,12,7,47.16666666666671,0.777777777777778,5.08333333333333,0.583333333333333,61,4
2668,Referral,2024-04-14 06:00:00,9,11,8,30.2727272727273,0.888888888888889,6.63636363636364,0.727272727272727,73,6
2669,Referral,2024-04-26 04:00:00,9,9,6,80.8888888888889,0.666666666666667,5.33333333333333,0.666666666666667,48,4
2670,Organic Search,2024-04-08 03:00:00,8,12,7,29.9166666666667,0.875,3.41666666666667,0.583333333333333,41,3
2671,Organic Search,2024-04-20 06:00:00,8,12,7,25.9166666666667,0.875,3.08333333333333,0.583333333333333,37,6
2672,Organic Search,2024-04-21 02:00:00,8,13,6,22.6923076923077,0.75,3.92307692307692,0.461538461538462,51,2
2673,Organic Search,2024-05-02 03:00:00,8,12,4,18.9166666666667,0.5,3.08333333333333,0.333333333333333,37,3
2674,Referral,2024-04-27 04:00:00,8,12,7,88.0,0.875,4.16666666666667,0.583333333333333,50,4
2675,Referral,2024-04-20 03:00:00,7,9,3,23.6666666666667,0.428571428571429,3.77777777777778,0.333333333333333,34,3
2676,Referral,2024-04-20 04:00:00,7,10,6,90.2,0.857142857142857,4.2,0.6,42,4
2677,Referral,2024-04-28 04:00:00,7,11,5,79.0909090909091,0.714285714285714,5.63636363636364,0.454545454545455,62,4
2678,Organic Search,2024-04-09 05:00:00,6,8,5,627.375,0.833333333333333,5.625,0.625,45,5
2679,Organic Search,2024-04-28 07:00:00,6,10,4,23.3,0.666666666666667,4.3,0.4,43,7
2680,Organic Social,2024-04-16 23:00:00,6,6,6,102.666666666667,1.0,4.83333333333333,1.0,29,23
2681,Referral,2024-04-14 05:00:00,6,12,7,22.8333333333333,1.16666666666667,2.75,0.583333333333333,33,5
2682,Referral,2024-04-20 05:00:00,6,7,4,22.1428571428571,0.666666666666667,5.42857142857143,0.571428571428571,38,5
2683,Referral,2024-04-28 06:00:00,6,9,4,65.1111111111111,0.666666666666667,3.88888888888889,0.444444444444444,35,6
2684,Unassigned,2024-04-24 15:00:00,6,6,0,145.5,0.0,3.33333333333333,0.0,20,15
2685,Unassigned,2024-04-24 10:00:00,5,5,0,11.6,0.0,2.0,0.0,10,10
2686,Organic Search,2024-04-28 05:00:00,4,7,1,10.8571428571429,0.25,3.0,0.142857142857143,21,5
2687,Organic Search,2024-04-28 06:00:00,4,8,3,12.875,0.75,2.75,0.375,22,6
2688,Referral,2024-04-16 23:00:00,4,4,4,635.0,1.0,7.25,1.0,29,23
2689,Unassigned,2024-04-11 19:00:00,4,4,0,54.0,0.0,2.25,0.0,9,19
2690,Unassigned,2024-04-13 12:00:00,4,4,0,70.5,0.0,1.25,0.0,5,12
2691,Unassigned,2024-04-13 16:00:00,4,4,0,25.75,0.0,2.0,0.0,8,16
2692,Unassigned,2024-04-15 11:00:00,4,4,0,19.25,0.0,1.0,0.0,4,11
2693,Unassigned,2024-04-15 14:00:00,4,4,0,8.25,0.0,1.5,0.0,6,14
2694,Unassigned,2024-04-23 18:00:00,4,4,0,64.25,0.0,1.75,0.0,7,18
2695,Unassigned,2024-04-23 19:00:00,4,4,1,53.0,0.25,3.25,0.25,13,19
2696,Unassigned,2024-05-01 19:00:00,4,4,0,158.25,0.0,7.25,0.0,29,19
2697,Unassigned,2024-05-03 00:00:00,4,4,0,11.25,0.0,3.5,0.0,14,0
2698,Unassigned,2024-04-06 15:00:00,3,3,0,26.0,0.0,1.0,0.0,3,15
2699,Unassigned,2024-04-06 22:00:00,3,3,0,30.0,0.0,2.0,0.0,6,22
2700,Unassigned,2024-04-08 11:00:00,3,3,0,17.6666666666667,0.0,1.33333333333333,0.0,4,11
2701,Unassigned,2024-04-11 14:00:00,3,3,0,124.0,0.0,3.33333333333333,0.0,10,14
2702,Unassigned,2024-04-13 21:00:00,3,3,0,0.0,0.0,1.33333333333333,0.0,4,21
2703,Unassigned,2024-04-14 08:00:00,3,3,0,1.66666666666667,0.0,2.66666666666667,0.0,8,8
2704,Unassigned,2024-04-14 19:00:00,3,3,0,10.6666666666667,0.0,2.0,0.0,6,19
2705,Unassigned,2024-04-15 15:00:00,3,3,0,28.3333333333333,0.0,2.66666666666667,0.0,8,15
2706,Unassigned,2024-04-15 16:00:00,3,3,0,20.6666666666667,0.0,1.66666666666667,0.0,5,16
2707,Unassigned,2024-04-18 12:00:00,3,3,0,7.33333333333333,0.0,1.33333333333333,0.0,4,12
2708,Unassigned,2024-04-22 21:00:00,3,3,0,12.6666666666667,0.0,1.66666666666667,0.0,5,21
2709,Unassigned,2024-04-23 16:00:00,3,3,0,21.3333333333333,0.0,1.66666666666667,0.0,5,16
2710,Unassigned,2024-04-24 00:00:00,3,3,0,28.3333333333333,0.0,3.33333333333333,0.0,10,0
2711,Unassigned,2024-04-24 03:00:00,3,3,0,39.66666666666671,0.0,2.33333333333333,0.0,7,3
2712,Unassigned,2024-04-24 08:00:00,3,3,0,26.3333333333333,0.0,2.33333333333333,0.0,7,8
2713,Unassigned,2024-04-24 11:00:00,3,3,0,0.0,0.0,1.0,0.0,3,11
2714,Unassigned,2024-04-24 19:00:00,3,3,0,73.0,0.0,2.33333333333333,0.0,7,19
2715,Unassigned,2024-04-25 10:00:00,3,3,0,540.333333333333,0.0,50.66666666666671,0.0,152,10
2716,Unassigned,2024-04-25 12:00:00,3,3,0,110.333333333333,0.0,3.0,0.0,9,12
2717,Unassigned,2024-04-26 13:00:00,3,3,0,187.666666666667,0.0,1.33333333333333,0.0,4,13
2718,Unassigned,2024-04-26 20:00:00,3,3,0,40.33333333333329,0.0,5.66666666666667,0.0,17,20
2719,Unassigned,2024-04-29 12:00:00,3,3,0,16.0,0.0,1.0,0.0,3,12
2720,Unassigned,2024-04-29 22:00:00,3,3,0,17.3333333333333,0.0,3.6666666666666705,0.0,11,22
2721,Unassigned,2024-04-30 13:00:00,3,3,0,196.0,0.0,4.0,0.0,12,13
2722,Unassigned,2024-05-01 22:00:00,3,3,0,638.0,0.0,2.33333333333333,0.0,7,22
2723,Unassigned,2024-05-02 23:00:00,3,3,0,0.0,0.0,1.33333333333333,0.0,4,23
2724,Organic Video,2024-04-12 20:00:00,2,2,2,553.0,1.0,20.5,1.0,41,20
2725,Organic Video,2024-04-17 18:00:00,2,2,1,50.0,0.5,5.5,0.5,11,18
2726,Organic Video,2024-04-25 21:00:00,2,2,2,315.0,1.0,21.0,1.0,42,21
2727,Organic Video,2024-04-29 11:00:00,2,2,2,37.5,1.0,4.5,1.0,9,11
2728,Organic Video,2024-05-02 01:00:00,2,2,2,653.5,1.0,14.0,1.0,28,1
2729,Organic Video,2024-05-02 22:00:00,2,2,2,267.0,1.0,7.5,1.0,15,22
2730,Unassigned,2024-04-06 09:00:00,2,2,0,13.5,0.0,3.0,0.0,6,9
2731,Unassigned,2024-04-06 10:00:00,2,2,0,0.0,0.0,1.0,0.0,2,10
2732,Unassigned,2024-04-06 11:00:00,2,2,0,131.5,0.0,4.5,0.0,9,11
2733,Unassigned,2024-04-06 14:00:00,2,2,0,0.0,0.0,1.0,0.0,2,14
2734,Unassigned,2024-04-07 04:00:00,2,2,0,11.0,0.0,4.0,0.0,8,4
2735,Unassigned,2024-04-07 17:00:00,2,2,0,1122.5,0.0,3.0,0.0,6,17
2736,Unassigned,2024-04-07 18:00:00,2,2,0,48.0,0.0,5.5,0.0,11,18
2737,Unassigned,2024-04-07 21:00:00,2,2,0,4.0,0.0,5.5,0.0,11,21
2738,Unassigned,2024-04-08 10:00:00,2,2,0,0.0,0.0,2.5,0.0,5,10
2739,Unassigned,2024-04-08 14:00:00,2,2,0,31.0,0.0,2.0,0.0,4,14
2740,Unassigned,2024-04-08 15:00:00,2,2,0,41.5,0.0,2.0,0.0,4,15
2741,Unassigned,2024-04-09 00:00:00,2,2,0,18.0,0.0,4.5,0.0,9,0
2742,Unassigned,2024-04-09 17:00:00,2,2,0,119.0,0.0,2.5,0.0,5,17
2743,Unassigned,2024-04-10 02:00:00,2,2,0,32.0,0.0,1.5,0.0,3,2
2744,Unassigned,2024-04-11 18:00:00,2,2,0,85.5,0.0,1.5,0.0,3,18
2745,Unassigned,2024-04-12 11:00:00,2,2,0,5.0,0.0,1.5,0.0,3,11
2746,Unassigned,2024-04-12 15:00:00,2,2,0,35.0,0.0,2.5,0.0,5,15
2747,Unassigned,2024-04-13 03:00:00,2,2,1,9.0,0.5,3.0,0.5,6,3
2748,Unassigned,2024-04-13 18:00:00,2,2,0,222.0,0.0,3.0,0.0,6,18
2749,Unassigned,2024-04-14 00:00:00,2,2,0,3.5,0.0,1.0,0.0,2,0
2750,Unassigned,2024-04-14 06:00:00,2,2,0,9.0,0.0,2.5,0.0,5,6
2751,Unassigned,2024-04-14 10:00:00,2,2,0,8.5,0.0,1.5,0.0,3,10
2752,Unassigned,2024-04-14 13:00:00,2,2,0,156.0,0.0,5.0,0.0,10,13
2753,Unassigned,2024-04-14 20:00:00,2,2,0,8.0,0.0,1.0,0.0,2,20
2754,Unassigned,2024-04-15 12:00:00,2,2,0,23.0,0.0,1.5,0.0,3,12
2755,Unassigned,2024-04-15 17:00:00,2,2,0,0.0,0.0,1.5,0.0,3,17
2756,Unassigned,2024-04-15 19:00:00,2,2,0,3.5,0.0,1.5,0.0,3,19
2757,Unassigned,2024-04-16 00:00:00,2,2,0,0.0,0.0,4.0,0.0,8,0
2758,Unassigned,2024-04-16 06:00:00,2,2,0,16.0,0.0,3.0,0.0,6,6
2759,Unassigned,2024-04-16 07:00:00,2,2,0,0.0,0.0,3.0,0.0,6,7
2760,Unassigned,2024-04-16 10:00:00,2,2,0,4.0,0.0,2.0,0.0,4,10
2761,Unassigned,2024-04-16 12:00:00,2,2,0,0.0,0.0,1.0,0.0,2,12
2762,Unassigned,2024-04-16 19:00:00,2,2,0,29.5,0.0,3.0,0.0,6,19
2763,Unassigned,2024-04-16 22:00:00,2,2,0,158.5,0.0,7.5,0.0,15,22
2764,Unassigned,2024-04-17 14:00:00,2,2,0,34.0,0.0,5.0,0.0,10,14
2765,Unassigned,2024-04-17 15:00:00,2,2,0,0.0,0.0,1.5,0.0,3,15
2766,Unassigned,2024-04-17 16:00:00,2,2,0,113.5,0.0,7.0,0.0,14,16
2767,Unassigned,2024-04-17 21:00:00,2,2,0,3.0,0.0,1.0,0.0,2,21
2768,Unassigned,2024-04-18 16:00:00,2,2,0,0.0,0.0,1.5,0.0,3,16
2769,Unassigned,2024-04-18 18:00:00,2,2,0,158.0,0.0,5.0,0.0,10,18
2770,Unassigned,2024-04-18 20:00:00,2,2,0,70.0,0.0,4.5,0.0,9,20
2771,Unassigned,2024-04-18 22:00:00,2,2,0,0.0,0.0,1.0,0.0,2,22
2772,Unassigned,2024-04-19 11:00:00,2,3,0,0.0,0.0,1.33333333333333,0.0,4,11
2773,Unassigned,2024-04-19 14:00:00,2,2,0,216.5,0.0,6.0,0.0,12,14
2774,Unassigned,2024-04-19 19:00:00,2,2,0,83.5,0.0,3.5,0.0,7,19
2775,Unassigned,2024-04-20 02:00:00,2,2,0,220.0,0.0,1.5,0.0,3,2
2776,Unassigned,2024-04-20 12:00:00,2,2,0,66.0,0.0,2.0,0.0,4,12
2777,Unassigned,2024-04-20 17:00:00,2,2,0,146.5,0.0,6.5,0.0,13,17
2778,Unassigned,2024-04-20 19:00:00,2,2,0,68.5,0.0,7.0,0.0,14,19
2779,Unassigned,2024-04-20 20:00:00,2,2,0,6.0,0.0,1.0,0.0,2,20
2780,Unassigned,2024-04-21 11:00:00,2,2,0,140.0,0.0,3.5,0.0,7,11
2781,Unassigned,2024-04-21 13:00:00,2,2,0,12.5,0.0,3.5,0.0,7,13
2782,Unassigned,2024-04-21 15:00:00,2,2,0,116.5,0.0,4.0,0.0,8,15
2783,Unassigned,2024-04-21 17:00:00,2,2,0,0.0,0.0,1.0,0.0,2,17
2784,Unassigned,2024-04-21 20:00:00,2,2,0,66.5,0.0,3.0,0.0,6,20
2785,Unassigned,2024-04-21 21:00:00,2,2,0,32.5,0.0,1.0,0.0,2,21
2786,Unassigned,2024-04-22 00:00:00,2,2,0,256.5,0.0,1.5,0.0,3,0
2787,Unassigned,2024-04-22 02:00:00,2,2,0,52.0,0.0,4.0,0.0,8,2
2788,Unassigned,2024-04-22 12:00:00,2,2,0,42.0,0.0,2.0,0.0,4,12
2789,Unassigned,2024-04-22 14:00:00,2,2,0,64.5,0.0,14.0,0.0,28,14
2790,Unassigned,2024-04-23 11:00:00,2,2,0,18.5,0.0,2.0,0.0,4,11
2791,Unassigned,2024-04-23 12:00:00,2,2,0,53.5,0.0,3.5,0.0,7,12
2792,Unassigned,2024-04-23 21:00:00,2,2,0,10.5,0.0,3.0,0.0,6,21
2793,Unassigned,2024-04-23 22:00:00,2,2,0,16.5,0.0,2.0,0.0,4,22
2794,Unassigned,2024-04-24 06:00:00,2,2,0,33.0,0.0,3.5,0.0,7,6
2795,Unassigned,2024-04-24 09:00:00,2,3,0,453.666666666667,0.0,3.6666666666666705,0.0,11,9
2796,Unassigned,2024-04-24 16:00:00,2,2,0,77.5,0.0,5.5,0.0,11,16
2797,Unassigned,2024-04-25 08:00:00,2,2,0,24.5,0.0,3.5,0.0,7,8
2798,Unassigned,2024-04-25 11:00:00,2,2,0,23.0,0.0,1.5,0.0,3,11
2799,Unassigned,2024-04-25 16:00:00,2,2,0,164.0,0.0,8.5,0.0,17,16
2800,Unassigned,2024-04-25 17:00:00,2,2,0,17.5,0.0,3.0,0.0,6,17
2801,Unassigned,2024-04-26 00:00:00,2,2,0,241.0,0.0,8.5,0.0,17,0
2802,Unassigned,2024-04-26 02:00:00,2,2,0,4.5,0.0,1.0,0.0,2,2
2803,Unassigned,2024-04-26 19:00:00,2,2,0,32.0,0.0,1.0,0.0,2,19
2804,Unassigned,2024-04-26 23:00:00,2,2,0,106.0,0.0,2.0,0.0,4,23
2805,Unassigned,2024-04-27 20:00:00,2,2,0,94.5,0.0,4.5,0.0,9,20
2806,Unassigned,2024-04-28 14:00:00,2,2,0,99.5,0.0,4.5,0.0,9,14
2807,Unassigned,2024-04-28 15:00:00,2,2,0,15.5,0.0,2.0,0.0,4,15
2808,Unassigned,2024-04-28 18:00:00,2,2,0,149.5,0.0,2.0,0.0,4,18
2809,Unassigned,2024-04-28 21:00:00,2,2,0,67.5,0.0,3.0,0.0,6,21
2810,Unassigned,2024-04-29 00:00:00,2,2,0,368.5,0.0,2.5,0.0,5,0
2811,Unassigned,2024-04-29 10:00:00,2,2,0,35.5,0.0,2.0,0.0,4,10
2812,Unassigned,2024-04-29 14:00:00,2,2,0,20.5,0.0,1.5,0.0,3,14
2813,Unassigned,2024-04-29 16:00:00,2,2,0,123.0,0.0,6.0,0.0,12,16
2814,Unassigned,2024-04-29 23:00:00,2,2,0,54.5,0.0,2.5,0.0,5,23
2815,Unassigned,2024-04-30 01:00:00,2,3,0,3.6666666666666705,0.0,1.66666666666667,0.0,5,1
2816,Unassigned,2024-04-30 17:00:00,2,2,0,0.0,0.0,2.0,0.0,4,17
2817,Unassigned,2024-05-01 18:00:00,2,2,0,0.0,0.0,1.0,0.0,2,18
2818,Unassigned,2024-05-02 15:00:00,2,2,0,9.5,0.0,1.5,0.0,3,15
2819,Unassigned,2024-05-02 21:00:00,2,2,0,55.0,0.0,1.5,0.0,3,21
2820,Unassigned,2024-05-02 22:00:00,2,2,0,0.0,0.0,1.5,0.0,3,22
2821,Unassigned,2024-05-03 03:00:00,2,2,0,25.0,0.0,3.5,0.0,7,3
2822,Unassigned,2024-05-03 08:00:00,2,2,0,0.0,0.0,1.5,0.0,3,8
2823,Unassigned,2024-05-03 10:00:00,2,2,0,55.5,0.0,5.0,0.0,10,10
2824,Unassigned,2024-05-03 14:00:00,2,2,0,27.5,0.0,4.0,0.0,8,14
2825,Unassigned,2024-05-03 20:00:00,2,2,0,98.5,0.0,14.5,0.0,29,20
2826,Unassigned,2024-05-03 22:00:00,2,2,0,7.0,0.0,3.5,0.0,7,22
2827,Email,2024-04-14 19:00:00,1,1,0,0.0,0.0,3.0,0.0,3,19
2828,Email,2024-04-21 02:00:00,1,1,1,218.0,1.0,5.0,1.0,5,2
2829,Organic Search,2024-04-16 23:00:00,1,1,1,87.0,1.0,1.0,1.0,1,23
2830,Organic Video,2024-04-06 16:00:00,1,1,1,359.0,1.0,29.0,1.0,29,16
2831,Organic Video,2024-04-06 17:00:00,1,1,1,53.0,1.0,3.0,1.0,3,17
2832,Organic Video,2024-04-07 12:00:00,1,1,1,0.0,1.0,3.0,1.0,3,12
2833,Organic Video,2024-04-07 13:00:00,1,1,1,0.0,1.0,1.0,1.0,1,13
2834,Organic Video,2024-04-08 19:00:00,1,1,1,8.0,1.0,4.0,1.0,4,19
2835,Organic Video,2024-04-08 21:00:00,1,1,1,27.0,1.0,3.0,1.0,3,21
2836,Organic Video,2024-04-09 06:00:00,1,1,1,37.0,1.0,4.0,1.0,4,6
2837,Organic Video,2024-04-09 08:00:00,1,1,0,0.0,0.0,3.0,0.0,3,8
2838,Organic Video,2024-04-09 13:00:00,1,1,1,0.0,1.0,3.0,1.0,3,13
2839,Organic Video,2024-04-09 14:00:00,1,1,1,309.0,1.0,1.0,1.0,1,14
2840,Organic Video,2024-04-09 15:00:00,1,1,1,171.0,1.0,6.0,1.0,6,15
2841,Organic Video,2024-04-10 10:00:00,1,1,1,110.0,1.0,7.0,1.0,7,10
2842,Organic Video,2024-04-10 11:00:00,1,2,2,0.0,2.0,2.0,1.0,4,11
2843,Organic Video,2024-04-10 12:00:00,1,2,2,16.0,2.0,3.0,1.0,6,12
2844,Organic Video,2024-04-10 13:00:00,1,1,1,477.0,1.0,8.0,1.0,8,13
2845,Organic Video,2024-04-10 14:00:00,1,1,1,668.0,1.0,15.0,1.0,15,14
2846,Organic Video,2024-04-10 15:00:00,1,2,2,99.5,2.0,3.0,1.0,6,15
2847,Organic Video,2024-04-10 16:00:00,1,1,1,1514.0,1.0,30.0,1.0,30,16
2848,Organic Video,2024-04-10 17:00:00,1,1,1,235.0,1.0,56.0,1.0,56,17
2849,Organic Video,2024-04-10 19:00:00,1,1,1,0.0,1.0,5.0,1.0,5,19
2850,Organic Video,2024-04-10 21:00:00,1,1,0,193.0,0.0,4.0,0.0,4,21
2851,Organic Video,2024-04-11 09:00:00,1,1,1,0.0,1.0,3.0,1.0,3,9
2852,Organic Video,2024-04-11 10:00:00,1,2,2,92.5,2.0,10.0,1.0,20,10
2853,Organic Video,2024-04-11 11:00:00,1,1,1,499.0,1.0,24.0,1.0,24,11
2854,Organic Video,2024-04-11 16:00:00,1,1,1,425.0,1.0,17.0,1.0,17,16
2855,Organic Video,2024-04-11 17:00:00,1,1,1,0.0,1.0,1.0,1.0,1,17
2856,Organic Video,2024-04-12 19:00:00,1,1,1,0.0,1.0,3.0,1.0,3,19
2857,Organic Video,2024-04-12 21:00:00,1,1,1,1220.0,1.0,25.0,1.0,25,21
2858,Organic Video,2024-04-13 19:00:00,1,1,0,0.0,0.0,3.0,0.0,3,19
2859,Organic Video,2024-04-13 21:00:00,1,1,1,0.0,1.0,3.0,1.0,3,21
2860,Organic Video,2024-04-13 22:00:00,1,1,1,47.0,1.0,9.0,1.0,9,22
2861,Organic Video,2024-04-14 14:00:00,1,1,1,13.0,1.0,3.0,1.0,3,14
2862,Organic Video,2024-04-14 17:00:00,1,1,0,0.0,0.0,2.0,0.0,2,17
2863,Organic Video,2024-04-14 22:00:00,1,1,1,0.0,1.0,3.0,1.0,3,22
2864,Organic Video,2024-04-14 23:00:00,1,1,1,648.0,1.0,8.0,1.0,8,23
2865,Organic Video,2024-04-15 00:00:00,1,2,2,138.5,2.0,5.0,1.0,10,0
2866,Organic Video,2024-04-15 22:00:00,1,1,1,0.0,1.0,7.0,1.0,7,22
2867,Organic Video,2024-04-16 16:00:00,1,1,1,0.0,1.0,3.0,1.0,3,16
2868,Organic Video,2024-04-16 18:00:00,1,2,1,185.5,1.0,3.0,0.5,6,18
2869,Organic Video,2024-04-16 19:00:00,1,1,1,340.0,1.0,11.0,1.0,11,19
2870,Organic Video,2024-04-17 15:00:00,1,1,1,17.0,1.0,4.0,1.0,4,15
2871,Organic Video,2024-04-17 19:00:00,1,1,0,0.0,0.0,2.0,0.0,2,19
2872,Organic Video,2024-04-18 00:00:00,1,2,2,30.5,2.0,5.5,1.0,11,0
2873,Organic Video,2024-04-18 01:00:00,1,1,0,0.0,0.0,2.0,0.0,2,1
2874,Organic Video,2024-04-18 09:00:00,1,1,1,160.0,1.0,11.0,1.0,11,9
2875,Organic Video,2024-04-18 11:00:00,1,1,1,5.0,1.0,4.0,1.0,4,11
2876,Organic Video,2024-04-19 03:00:00,1,1,1,19.0,1.0,7.0,1.0,7,3
2877,Organic Video,2024-04-19 04:00:00,1,1,1,0.0,1.0,3.0,1.0,3,4
2878,Organic Video,2024-04-19 12:00:00,1,1,1,479.0,1.0,14.0,1.0,14,12
2879,Organic Video,2024-04-19 22:00:00,1,2,2,146.0,2.0,8.5,1.0,17,22
2880,Organic Video,2024-04-19 23:00:00,1,1,1,55.0,1.0,4.0,1.0,4,23
2881,Organic Video,2024-04-21 12:00:00,1,1,1,493.0,1.0,6.0,1.0,6,12
2882,Organic Video,2024-04-21 13:00:00,1,1,1,169.0,1.0,6.0,1.0,6,13
2883,Organic Video,2024-04-21 14:00:00,1,1,1,0.0,1.0,3.0,1.0,3,14
2884,Organic Video,2024-04-21 15:00:00,1,1,1,276.0,1.0,49.0,1.0,49,15
2885,Organic Video,2024-04-21 16:00:00,1,1,1,2.0,1.0,12.0,1.0,12,16
2886,Organic Video,2024-04-21 22:00:00,1,1,1,18.0,1.0,4.0,1.0,4,22
2887,Organic Video,2024-04-22 07:00:00,1,1,1,133.0,1.0,12.0,1.0,12,7
2888,Organic Video,2024-04-22 08:00:00,1,1,1,64.0,1.0,12.0,1.0,12,8
2889,Organic Video,2024-04-22 09:00:00,1,1,1,24.0,1.0,5.0,1.0,5,9
2890,Organic Video,2024-04-22 10:00:00,1,1,1,309.0,1.0,10.0,1.0,10,10
2891,Organic Video,2024-04-23 19:00:00,1,1,1,236.0,1.0,15.0,1.0,15,19
2892,Organic Video,2024-04-23 20:00:00,1,1,1,160.0,1.0,27.0,1.0,27,20
2893,Organic Video,2024-04-23 21:00:00,1,1,0,137.0,0.0,4.0,0.0,4,21
2894,Organic Video,2024-04-24 10:00:00,1,1,0,0.0,0.0,2.0,0.0,2,10
2895,Organic Video,2024-04-24 12:00:00,1,1,0,0.0,0.0,2.0,0.0,2,12
2896,Organic Video,2024-04-24 16:00:00,1,1,1,0.0,1.0,2.0,1.0,2,16
2897,Organic Video,2024-04-24 17:00:00,1,1,1,0.0,1.0,1.0,1.0,1,17
2898,Organic Video,2024-04-24 18:00:00,1,1,0,13.0,0.0,3.0,0.0,3,18
2899,Organic Video,2024-04-25 09:00:00,1,1,1,176.0,1.0,11.0,1.0,11,9
2900,Organic Video,2024-04-25 15:00:00,1,1,1,191.0,1.0,16.0,1.0,16,15
2901,Organic Video,2024-04-25 16:00:00,1,1,1,4525.0,1.0,9.0,1.0,9,16
2902,Organic Video,2024-04-25 19:00:00,1,1,0,0.0,0.0,2.0,0.0,2,19
2903,Organic Video,2024-04-25 20:00:00,1,1,1,21.0,1.0,5.0,1.0,5,20
2904,Organic Video,2024-04-25 22:00:00,1,2,2,266.5,2.0,15.5,1.0,31,22
2905,Organic Video,2024-04-26 04:00:00,1,1,1,166.0,1.0,5.0,1.0,5,4
2906,Organic Video,2024-04-26 05:00:00,1,1,1,86.0,1.0,7.0,1.0,7,5
2907,Organic Video,2024-04-26 07:00:00,1,1,1,609.0,1.0,15.0,1.0,15,7
2908,Organic Video,2024-04-26 10:00:00,1,1,1,50.0,1.0,14.0,1.0,14,10
2909,Organic Video,2024-04-26 11:00:00,1,1,0,0.0,0.0,3.0,0.0,3,11
2910,Organic Video,2024-04-26 12:00:00,1,1,1,195.0,1.0,9.0,1.0,9,12
2911,Organic Video,2024-04-26 13:00:00,1,1,0,0.0,0.0,2.0,0.0,2,13
2912,Organic Video,2024-04-26 14:00:00,1,1,1,71.0,1.0,11.0,1.0,11,14
2913,Organic Video,2024-04-26 19:00:00,1,1,1,0.0,1.0,3.0,1.0,3,19
2914,Organic Video,2024-04-26 20:00:00,1,1,0,37.0,0.0,3.0,0.0,3,20
2915,Organic Video,2024-04-28 08:00:00,1,1,0,0.0,0.0,3.0,0.0,3,8
2916,Organic Video,2024-04-29 10:00:00,1,1,1,1.0,1.0,5.0,1.0,5,10
2917,Organic Video,2024-04-29 18:00:00,1,1,1,48.0,1.0,3.0,1.0,3,18
2918,Organic Video,2024-04-29 20:00:00,1,1,1,145.0,1.0,14.0,1.0,14,20
2919,Organic Video,2024-04-29 21:00:00,1,1,1,14.0,1.0,5.0,1.0,5,21
2920,Organic Video,2024-04-29 22:00:00,1,1,1,42.0,1.0,1.0,1.0,1,22
2921,Organic Video,2024-04-30 14:00:00,1,1,1,25.0,1.0,5.0,1.0,5,14
2922,Organic Video,2024-04-30 21:00:00,1,1,0,0.0,0.0,2.0,0.0,2,21
2923,Organic Video,2024-05-01 16:00:00,1,1,0,0.0,0.0,3.0,0.0,3,16
2924,Organic Video,2024-05-01 20:00:00,1,2,0,0.0,0.0,2.0,0.0,4,20
2925,Organic Video,2024-05-02 00:00:00,1,1,1,0.0,1.0,3.0,1.0,3,0
2926,Organic Video,2024-05-02 02:00:00,1,1,1,1409.0,1.0,13.0,1.0,13,2
2927,Organic Video,2024-05-02 14:00:00,1,1,1,102.0,1.0,4.0,1.0,4,14
2928,Organic Video,2024-05-02 15:00:00,1,1,1,48.0,1.0,6.0,1.0,6,15
2929,Organic Video,2024-05-02 17:00:00,1,1,1,216.0,1.0,8.0,1.0,8,17
2930,Organic Video,2024-05-02 19:00:00,1,1,1,41.0,1.0,4.0,1.0,4,19
2931,Organic Video,2024-05-02 20:00:00,1,1,1,65.0,1.0,8.0,1.0,8,20
2932,Organic Video,2024-05-02 21:00:00,1,1,1,208.0,1.0,23.0,1.0,23,21
2933,Organic Video,2024-05-03 01:00:00,1,1,1,76.0,1.0,8.0,1.0,8,1
2934,Organic Video,2024-05-03 02:00:00,1,1,1,0.0,1.0,1.0,1.0,1,2
2935,Organic Video,2024-05-03 10:00:00,1,1,1,609.0,1.0,8.0,1.0,8,10
2936,Organic Video,2024-05-03 11:00:00,1,1,0,13.0,0.0,3.0,0.0,3,11
2937,Organic Video,2024-05-03 15:00:00,1,1,1,179.0,1.0,4.0,1.0,4,15
2938,Organic Video,2024-05-03 19:00:00,1,1,1,0.0,1.0,3.0,1.0,3,19
2939,Organic Video,2024-05-03 20:00:00,1,1,0,204.0,0.0,3.0,0.0,3,20
2940,Organic Video,2024-05-03 22:00:00,1,1,0,0.0,0.0,3.0,0.0,3,22
2941,Unassigned,2024-04-06 00:00:00,1,1,0,0.0,0.0,2.0,0.0,2,0
2942,Unassigned,2024-04-06 03:00:00,1,1,0,0.0,0.0,1.0,0.0,1,3
2943,Unassigned,2024-04-06 06:00:00,1,1,0,4.0,0.0,1.0,0.0,1,6
2944,Unassigned,2024-04-06 12:00:00,1,1,0,156.0,0.0,3.0,0.0,3,12
2945,Unassigned,2024-04-06 16:00:00,1,1,0,27.0,0.0,1.0,0.0,1,16
2946,Unassigned,2024-04-06 18:00:00,1,1,0,0.0,0.0,1.0,0.0,1,18
2947,Unassigned,2024-04-06 20:00:00,1,1,0,7.0,0.0,4.0,0.0,4,20
2948,Unassigned,2024-04-06 23:00:00,1,1,0,498.0,0.0,5.0,0.0,5,23
2949,Unassigned,2024-04-07 05:00:00,1,1,0,232.0,0.0,2.0,0.0,2,5
2950,Unassigned,2024-04-07 07:00:00,1,1,0,19.0,0.0,2.0,0.0,2,7
2951,Unassigned,2024-04-07 09:00:00,1,2,0,71.0,0.0,6.5,0.0,13,9
2952,Unassigned,2024-04-07 16:00:00,1,1,0,0.0,0.0,1.0,0.0,1,16
2953,Unassigned,2024-04-07 19:00:00,1,1,0,0.0,0.0,1.0,0.0,1,19
2954,Unassigned,2024-04-07 22:00:00,1,1,0,0.0,0.0,1.0,0.0,1,22
2955,Unassigned,2024-04-08 13:00:00,1,1,0,0.0,0.0,1.0,0.0,1,13
2956,Unassigned,2024-04-08 17:00:00,1,1,0,7.0,0.0,1.0,0.0,1,17
2957,Unassigned,2024-04-08 18:00:00,1,1,0,0.0,0.0,1.0,0.0,1,18
2958,Unassigned,2024-04-08 20:00:00,1,1,0,0.0,0.0,1.0,0.0,1,20
2959,Unassigned,2024-04-08 21:00:00,1,1,0,0.0,0.0,1.0,0.0,1,21
2960,Unassigned,2024-04-08 23:00:00,1,1,0,0.0,0.0,1.0,0.0,1,23
2961,Unassigned,2024-04-09 01:00:00,1,1,0,23.0,0.0,2.0,0.0,2,1
2962,Unassigned,2024-04-09 02:00:00,1,1,0,0.0,0.0,1.0,0.0,1,2
2963,Unassigned,2024-04-09 03:00:00,1,1,0,0.0,0.0,3.0,0.0,3,3
2964,Unassigned,2024-04-09 05:00:00,1,1,0,18.0,0.0,6.0,0.0,6,5
2965,Unassigned,2024-04-09 10:00:00,1,1,0,236.0,0.0,47.0,0.0,47,10
2966,Unassigned,2024-04-09 12:00:00,1,1,0,0.0,0.0,3.0,0.0,3,12
2967,Unassigned,2024-04-09 13:00:00,1,1,0,31.0,0.0,1.0,0.0,1,13
2968,Unassigned,2024-04-09 15:00:00,1,1,0,164.0,0.0,11.0,0.0,11,15
2969,Unassigned,2024-04-09 16:00:00,1,1,0,0.0,0.0,3.0,0.0,3,16
2970,Unassigned,2024-04-09 18:00:00,1,1,0,1.0,0.0,3.0,0.0,3,18
2971,Unassigned,2024-04-09 23:00:00,1,1,0,6.0,0.0,2.0,0.0,2,23
2972,Unassigned,2024-04-10 07:00:00,1,1,0,298.0,0.0,14.0,0.0,14,7
2973,Unassigned,2024-04-10 12:00:00,1,1,0,0.0,0.0,2.0,0.0,2,12
2974,Unassigned,2024-04-10 14:00:00,1,1,0,0.0,0.0,1.0,0.0,1,14
2975,Unassigned,2024-04-10 15:00:00,1,1,0,349.0,0.0,2.0,0.0,2,15
2976,Unassigned,2024-04-10 17:00:00,1,1,0,18.0,0.0,5.0,0.0,5,17
2977,Unassigned,2024-04-10 19:00:00,1,1,0,0.0,0.0,1.0,0.0,1,19
2978,Unassigned,2024-04-10 20:00:00,1,1,0,4.0,0.0,1.0,0.0,1,20
2979,Unassigned,2024-04-10 22:00:00,1,1,0,15.0,0.0,1.0,0.0,1,22
2980,Unassigned,2024-04-10 23:00:00,1,1,0,2.0,0.0,2.0,0.0,2,23
2981,Unassigned,2024-04-11 00:00:00,1,1,0,5.0,0.0,3.0,0.0,3,0
2982,Unassigned,2024-04-11 02:00:00,1,1,0,68.0,0.0,5.0,0.0,5,2
2983,Unassigned,2024-04-11 04:00:00,1,1,0,1438.0,0.0,29.0,0.0,29,4
2984,Unassigned,2024-04-11 10:00:00,1,1,0,0.0,0.0,2.0,0.0,2,10
2985,Unassigned,2024-04-11 12:00:00,1,1,0,0.0,0.0,1.0,0.0,1,12
2986,Unassigned,2024-04-11 13:00:00,1,1,0,6.0,0.0,1.0,0.0,1,13
2987,Unassigned,2024-04-11 15:00:00,1,1,0,0.0,0.0,1.0,0.0,1,15
2988,Unassigned,2024-04-11 16:00:00,1,1,0,13.0,0.0,1.0,0.0,1,16
2989,Unassigned,2024-04-11 17:00:00,1,1,0,0.0,0.0,1.0,0.0,1,17
2990,Unassigned,2024-04-11 20:00:00,1,1,0,98.0,0.0,10.0,0.0,10,20
2991,Unassigned,2024-04-11 21:00:00,1,1,0,175.0,0.0,23.0,0.0,23,21
2992,Unassigned,2024-04-12 06:00:00,1,2,0,0.0,0.0,1.5,0.0,3,6
2993,Unassigned,2024-04-12 09:00:00,1,1,0,0.0,0.0,1.0,0.0,1,9
2994,Unassigned,2024-04-12 12:00:00,1,1,0,1232.0,0.0,5.0,0.0,5,12
2995,Unassigned,2024-04-12 14:00:00,1,1,0,23.0,0.0,1.0,0.0,1,14
2996,Unassigned,2024-04-12 16:00:00,1,1,0,0.0,0.0,1.0,0.0,1,16
2997,Unassigned,2024-04-12 18:00:00,1,1,0,3.0,0.0,3.0,0.0,3,18
2998,Unassigned,2024-04-12 19:00:00,1,2,0,0.0,0.0,1.5,0.0,3,19
2999,Unassigned,2024-04-12 20:00:00,1,1,0,0.0,0.0,1.0,0.0,1,20
3000,Unassigned,2024-04-13 06:00:00,1,1,0,44.0,0.0,1.0,0.0,1,6
3001,Unassigned,2024-04-13 09:00:00,1,1,0,215.0,0.0,1.0,0.0,1,9
3002,Unassigned,2024-04-13 10:00:00,1,1,0,41.0,0.0,3.0,0.0,3,10
3003,Unassigned,2024-04-13 11:00:00,1,1,0,73.0,0.0,6.0,0.0,6,11
3004,Unassigned,2024-04-13 13:00:00,1,1,0,0.0,0.0,1.0,0.0,1,13
3005,Unassigned,2024-04-13 14:00:00,1,1,0,0.0,0.0,2.0,0.0,2,14
3006,Unassigned,2024-04-13 15:00:00,1,1,0,78.0,0.0,10.0,0.0,10,15
3007,Unassigned,2024-04-13 17:00:00,1,1,0,1117.0,0.0,18.0,0.0,18,17
3008,Unassigned,2024-04-13 22:00:00,1,1,0,0.0,0.0,1.0,0.0,1,22
3009,Unassigned,2024-04-13 23:00:00,1,1,0,112.0,0.0,7.0,0.0,7,23
3010,Unassigned,2024-04-14 07:00:00,1,1,0,0.0,0.0,1.0,0.0,1,7
3011,Unassigned,2024-04-14 14:00:00,1,1,0,37.0,0.0,11.0,0.0,11,14
3012,Unassigned,2024-04-14 17:00:00,1,1,0,21.0,0.0,7.0,0.0,7,17
3013,Unassigned,2024-04-14 18:00:00,1,1,0,115.0,0.0,3.0,0.0,3,18
3014,Unassigned,2024-04-14 21:00:00,1,1,0,48.0,0.0,3.0,0.0,3,21
3015,Unassigned,2024-04-14 23:00:00,1,1,0,0.0,0.0,1.0,0.0,1,23
3016,Unassigned,2024-04-15 06:00:00,1,1,0,0.0,0.0,1.0,0.0,1,6
3017,Unassigned,2024-04-15 09:00:00,1,1,1,49.0,1.0,5.0,1.0,5,9
3018,Unassigned,2024-04-15 13:00:00,1,1,0,0.0,0.0,1.0,0.0,1,13
3019,Unassigned,2024-04-15 20:00:00,1,1,0,0.0,0.0,1.0,0.0,1,20
3020,Unassigned,2024-04-15 22:00:00,1,1,0,127.0,0.0,11.0,0.0,11,22
3021,Unassigned,2024-04-15 23:00:00,1,1,0,574.0,0.0,5.0,0.0,5,23
3022,Unassigned,2024-04-16 04:00:00,1,1,0,87.0,0.0,1.0,0.0,1,4
3023,Unassigned,2024-04-16 09:00:00,1,1,0,15.0,0.0,1.0,0.0,1,9
3024,Unassigned,2024-04-16 11:00:00,1,1,0,397.0,0.0,19.0,0.0,19,11
3025,Unassigned,2024-04-16 14:00:00,1,1,0,64.0,0.0,17.0,0.0,17,14
3026,Unassigned,2024-04-16 15:00:00,1,1,0,43.0,0.0,3.0,0.0,3,15
3027,Unassigned,2024-04-16 20:00:00,1,1,0,0.0,0.0,1.0,0.0,1,20
3028,Unassigned,2024-04-16 21:00:00,1,1,0,0.0,0.0,1.0,0.0,1,21
3029,Unassigned,2024-04-16 23:00:00,1,1,0,0.0,0.0,1.0,0.0,1,23
3030,Unassigned,2024-04-17 00:00:00,1,1,0,0.0,0.0,10.0,0.0,10,0
3031,Unassigned,2024-04-17 01:00:00,1,1,0,0.0,0.0,1.0,0.0,1,1
3032,Unassigned,2024-04-17 03:00:00,1,1,0,24.0,0.0,1.0,0.0,1,3
3033,Unassigned,2024-04-17 09:00:00,1,1,0,0.0,0.0,1.0,0.0,1,9
3034,Unassigned,2024-04-17 12:00:00,1,1,0,57.0,0.0,5.0,0.0,5,12
3035,Unassigned,2024-04-17 13:00:00,1,1,0,0.0,0.0,1.0,0.0,1,13
3036,Unassigned,2024-04-17 17:00:00,1,1,0,229.0,0.0,12.0,0.0,12,17
3037,Unassigned,2024-04-17 19:00:00,1,1,0,0.0,0.0,2.0,0.0,2,19
3038,Unassigned,2024-04-17 20:00:00,1,1,0,0.0,0.0,1.0,0.0,1,20
3039,Unassigned,2024-04-18 00:00:00,1,1,0,0.0,0.0,4.0,0.0,4,0
3040,Unassigned,2024-04-18 02:00:00,1,1,0,8.0,0.0,1.0,0.0,1,2
3041,Unassigned,2024-04-18 11:00:00,1,1,0,329.0,0.0,1.0,0.0,1,11
3042,Unassigned,2024-04-18 14:00:00,1,1,0,17.0,0.0,3.0,0.0,3,14
3043,Unassigned,2024-04-18 15:00:00,1,1,0,17.0,0.0,1.0,0.0,1,15
3044,Unassigned,2024-04-18 17:00:00,1,1,0,46.0,0.0,4.0,0.0,4,17
3045,Unassigned,2024-04-18 23:00:00,1,1,0,224.0,0.0,4.0,0.0,4,23
3046,Unassigned,2024-04-19 10:00:00,1,1,0,1422.0,0.0,5.0,0.0,5,10
3047,Unassigned,2024-04-19 16:00:00,1,1,0,39.0,0.0,1.0,0.0,1,16
3048,Unassigned,2024-04-19 18:00:00,1,1,0,610.0,0.0,6.0,0.0,6,18
3049,Unassigned,2024-04-19 20:00:00,1,1,0,23.0,0.0,1.0,0.0,1,20
3050,Unassigned,2024-04-19 22:00:00,1,1,0,0.0,0.0,2.0,0.0,2,22
3051,Unassigned,2024-04-20 01:00:00,1,1,0,332.0,0.0,12.0,0.0,12,1
3052,Unassigned,2024-04-20 08:00:00,1,1,0,0.0,0.0,1.0,0.0,1,8
3053,Unassigned,2024-04-20 10:00:00,1,1,0,0.0,0.0,1.0,0.0,1,10
3054,Unassigned,2024-04-20 11:00:00,1,1,0,19.0,0.0,7.0,0.0,7,11
3055,Unassigned,2024-04-20 13:00:00,1,1,0,246.0,0.0,4.0,0.0,4,13
3056,Unassigned,2024-04-20 14:00:00,1,1,0,130.0,0.0,7.0,0.0,7,14
3057,Unassigned,2024-04-20 15:00:00,1,1,0,0.0,0.0,1.0,0.0,1,15
3058,Unassigned,2024-04-20 16:00:00,1,1,0,307.0,0.0,3.0,0.0,3,16
3059,Unassigned,2024-04-20 18:00:00,1,1,0,2.0,0.0,1.0,0.0,1,18
3060,Unassigned,2024-04-20 23:00:00,1,1,0,0.0,0.0,1.0,0.0,1,23
3061,Unassigned,2024-04-21 00:00:00,1,1,0,485.0,0.0,5.0,0.0,5,0
3062,Unassigned,2024-04-21 01:00:00,1,1,0,0.0,0.0,1.0,0.0,1,1
3063,Unassigned,2024-04-21 07:00:00,1,1,0,2.0,0.0,2.0,0.0,2,7
3064,Unassigned,2024-04-21 09:00:00,1,1,0,0.0,0.0,2.0,0.0,2,9
3065,Unassigned,2024-04-21 10:00:00,1,1,0,813.0,0.0,54.0,0.0,54,10
3066,Unassigned,2024-04-21 12:00:00,1,1,0,0.0,0.0,1.0,0.0,1,12
3067,Unassigned,2024-04-21 14:00:00,1,1,0,0.0,0.0,2.0,0.0,2,14
3068,Unassigned,2024-04-21 16:00:00,1,1,0,193.0,0.0,1.0,0.0,1,16
3069,Unassigned,2024-04-21 22:00:00,1,1,0,0.0,0.0,1.0,0.0,1,22
3070,Unassigned,2024-04-22 01:00:00,1,1,0,0.0,0.0,1.0,0.0,1,1
3071,Unassigned,2024-04-22 06:00:00,1,1,0,6.0,0.0,1.0,0.0,1,6
3072,Unassigned,2024-04-22 07:00:00,1,1,0,0.0,0.0,1.0,0.0,1,7
3073,Unassigned,2024-04-22 09:00:00,1,1,0,0.0,0.0,1.0,0.0,1,9
3074,Unassigned,2024-04-22 13:00:00,1,1,0,21.0,0.0,1.0,0.0,1,13
3075,Unassigned,2024-04-22 15:00:00,1,1,0,4.0,0.0,2.0,0.0,2,15
3076,Unassigned,2024-04-22 16:00:00,1,1,0,0.0,0.0,3.0,0.0,3,16
3077,Unassigned,2024-04-22 17:00:00,1,1,0,36.0,0.0,2.0,0.0,2,17
3078,Unassigned,2024-04-22 20:00:00,1,1,0,0.0,0.0,1.0,0.0,1,20
3079,Unassigned,2024-04-23 00:00:00,1,1,0,0.0,0.0,1.0,0.0,1,0
3080,Unassigned,2024-04-23 04:00:00,1,1,0,0.0,0.0,1.0,0.0,1,4
3081,Unassigned,2024-04-23 09:00:00,1,1,0,0.0,0.0,1.0,0.0,1,9
3082,Unassigned,2024-04-23 10:00:00,1,1,0,23.0,0.0,3.0,0.0,3,10
3083,Unassigned,2024-04-23 14:00:00,1,1,0,0.0,0.0,1.0,0.0,1,14
3084,Unassigned,2024-04-23 15:00:00,1,1,0,418.0,0.0,14.0,0.0,14,15
3085,Unassigned,2024-04-23 20:00:00,1,1,0,113.0,0.0,5.0,0.0,5,20
3086,Unassigned,2024-04-24 01:00:00,1,2,0,0.0,0.0,2.0,0.0,4,1
3087,Unassigned,2024-04-24 02:00:00,1,1,0,350.0,0.0,7.0,0.0,7,2
3088,Unassigned,2024-04-24 12:00:00,1,1,0,20.0,0.0,1.0,0.0,1,12
3089,Unassigned,2024-04-24 14:00:00,1,1,0,6.0,0.0,2.0,0.0,2,14
3090,Unassigned,2024-04-24 17:00:00,1,1,0,0.0,0.0,1.0,0.0,1,17
3091,Unassigned,2024-04-24 18:00:00,1,1,0,0.0,0.0,1.0,0.0,1,18
3092,Unassigned,2024-04-24 20:00:00,1,1,0,0.0,0.0,1.0,0.0,1,20
3093,Unassigned,2024-04-24 22:00:00,1,1,0,349.0,0.0,26.0,0.0,26,22
3094,Unassigned,2024-04-25 06:00:00,1,1,0,66.0,0.0,1.0,0.0,1,6
3095,Unassigned,2024-04-25 07:00:00,1,1,0,0.0,0.0,1.0,0.0,1,7
3096,Unassigned,2024-04-25 09:00:00,1,1,0,27.0,0.0,4.0,0.0,4,9
3097,Unassigned,2024-04-25 13:00:00,1,1,0,182.0,0.0,1.0,0.0,1,13
3098,Unassigned,2024-04-25 14:00:00,1,1,0,21.0,0.0,1.0,0.0,1,14
3099,Unassigned,2024-04-25 15:00:00,1,1,0,321.0,0.0,7.0,0.0,7,15
3100,Unassigned,2024-04-25 18:00:00,1,1,0,2.0,0.0,3.0,0.0,3,18
3101,Unassigned,2024-04-25 19:00:00,1,1,0,1.0,0.0,1.0,0.0,1,19
3102,Unassigned,2024-04-25 22:00:00,1,1,0,0.0,0.0,1.0,0.0,1,22
3103,Unassigned,2024-04-25 23:00:00,1,1,0,0.0,0.0,1.0,0.0,1,23
3104,Unassigned,2024-04-26 01:00:00,1,1,0,1.0,0.0,2.0,0.0,2,1
3105,Unassigned,2024-04-26 10:00:00,1,1,0,6.0,0.0,4.0,0.0,4,10
3106,Unassigned,2024-04-26 14:00:00,1,1,0,3.0,0.0,2.0,0.0,2,14
3107,Unassigned,2024-04-26 15:00:00,1,1,0,0.0,0.0,1.0,0.0,1,15
3108,Unassigned,2024-04-26 16:00:00,1,1,0,56.0,0.0,4.0,0.0,4,16
3109,Unassigned,2024-04-26 21:00:00,1,1,0,2.0,0.0,3.0,0.0,3,21
3110,Unassigned,2024-04-26 22:00:00,1,1,0,24.0,0.0,9.0,0.0,9,22
3111,Unassigned,2024-04-27 02:00:00,1,1,0,0.0,0.0,1.0,0.0,1,2
3112,Unassigned,2024-04-27 07:00:00,1,1,0,8.0,0.0,1.0,0.0,1,7
3113,Unassigned,2024-04-27 08:00:00,1,1,0,0.0,0.0,1.0,0.0,1,8
3114,Unassigned,2024-04-27 09:00:00,1,1,0,0.0,0.0,2.0,0.0,2,9
3115,Unassigned,2024-04-27 11:00:00,1,1,0,6.0,0.0,3.0,0.0,3,11
3116,Unassigned,2024-04-27 12:00:00,1,1,0,0.0,0.0,1.0,0.0,1,12
3117,Unassigned,2024-04-27 14:00:00,1,1,0,29.0,0.0,1.0,0.0,1,14
3118,Unassigned,2024-04-27 15:00:00,1,1,0,7.0,0.0,1.0,0.0,1,15
3119,Unassigned,2024-04-27 18:00:00,1,1,0,0.0,0.0,1.0,0.0,1,18
3120,Unassigned,2024-04-27 19:00:00,1,1,0,86.0,0.0,1.0,0.0,1,19
3121,Unassigned,2024-04-27 22:00:00,1,1,0,90.0,0.0,4.0,0.0,4,22
3122,Unassigned,2024-04-27 23:00:00,1,1,0,3.0,0.0,3.0,0.0,3,23
3123,Unassigned,2024-04-28 01:00:00,1,1,0,0.0,0.0,1.0,0.0,1,1
3124,Unassigned,2024-04-28 11:00:00,1,1,0,0.0,0.0,2.0,0.0,2,11
3125,Unassigned,2024-04-28 17:00:00,1,1,0,57.0,0.0,7.0,0.0,7,17
3126,Unassigned,2024-04-28 20:00:00,1,1,0,91.0,0.0,3.0,0.0,3,20
3127,Unassigned,2024-04-28 22:00:00,1,1,0,94.0,0.0,5.0,0.0,5,22
3128,Unassigned,2024-04-29 08:00:00,1,1,0,92.0,0.0,5.0,0.0,5,8
3129,Unassigned,2024-04-29 13:00:00,1,1,0,0.0,0.0,1.0,0.0,1,13
3130,Unassigned,2024-04-29 15:00:00,1,1,0,0.0,0.0,1.0,0.0,1,15
3131,Unassigned,2024-04-29 18:00:00,1,1,0,85.0,0.0,7.0,0.0,7,18
3132,Unassigned,2024-04-29 19:00:00,1,1,0,0.0,0.0,1.0,0.0,1,19
3133,Unassigned,2024-04-29 20:00:00,1,1,0,0.0,0.0,1.0,0.0,1,20
3134,Unassigned,2024-04-30 10:00:00,1,1,0,0.0,0.0,1.0,0.0,1,10
3135,Unassigned,2024-04-30 11:00:00,1,1,0,23.0,0.0,2.0,0.0,2,11
3136,Unassigned,2024-04-30 12:00:00,1,1,0,74.0,0.0,5.0,0.0,5,12
3137,Unassigned,2024-04-30 16:00:00,1,1,0,0.0,0.0,2.0,0.0,2,16
3138,Unassigned,2024-04-30 18:00:00,1,1,0,4.0,0.0,3.0,0.0,3,18
3139,Unassigned,2024-04-30 19:00:00,1,1,0,7.0,0.0,1.0,0.0,1,19
3140,Unassigned,2024-04-30 20:00:00,1,2,0,0.0,0.0,1.0,0.0,2,20
3141,Unassigned,2024-04-30 21:00:00,1,1,0,0.0,0.0,1.0,0.0,1,21
3142,Unassigned,2024-04-30 22:00:00,1,1,0,0.0,0.0,1.0,0.0,1,22
3143,Unassigned,2024-05-01 10:00:00,1,1,0,1.0,0.0,1.0,0.0,1,10
3144,Unassigned,2024-05-01 16:00:00,1,1,0,32.0,0.0,1.0,0.0,1,16
3145,Unassigned,2024-05-01 21:00:00,1,1,0,0.0,0.0,1.0,0.0,1,21
3146,Unassigned,2024-05-01 23:00:00,1,1,0,1.0,0.0,4.0,0.0,4,23
3147,Unassigned,2024-05-02 00:00:00,1,1,0,617.0,0.0,9.0,0.0,9,0
3148,Unassigned,2024-05-02 06:00:00,1,1,0,0.0,0.0,1.0,0.0,1,6
3149,Unassigned,2024-05-02 09:00:00,1,1,0,0.0,0.0,1.0,0.0,1,9
3150,Unassigned,2024-05-02 11:00:00,1,1,0,0.0,0.0,1.0,0.0,1,11
3151,Unassigned,2024-05-02 13:00:00,1,1,0,0.0,0.0,1.0,0.0,1,13
3152,Unassigned,2024-05-02 16:00:00,1,1,0,940.0,0.0,4.0,0.0,4,16
3153,Unassigned,2024-05-02 18:00:00,1,1,0,71.0,0.0,3.0,0.0,3,18
3154,Unassigned,2024-05-02 20:00:00,1,1,0,0.0,0.0,1.0,0.0,1,20
3155,Unassigned,2024-05-03 04:00:00,1,1,0,0.0,0.0,2.0,0.0,2,4
3156,Unassigned,2024-05-03 06:00:00,1,1,0,23.0,0.0,3.0,0.0,3,6
3157,Unassigned,2024-05-03 12:00:00,1,1,0,39.0,0.0,5.0,0.0,5,12
3158,Unassigned,2024-05-03 13:00:00,1,1,0,144.0,0.0,3.0,0.0,3,13
3159,Unassigned,2024-05-03 15:00:00,1,1,1,82.0,1.0,4.0,1.0,4,15
3160,Unassigned,2024-05-03 19:00:00,1,1,0,70.0,0.0,15.0,0.0,15,19
3161,Unassigned,2024-05-03 21:00:00,1,1,0,249.0,0.0,10.0,0.0,10,21
3162,Email,2024-04-22 04:00:00,0,1,0,0.0,0.0,2.0,0.0,2,4
3163,Organic Video,2024-04-18 16:00:00,0,1,0,0.0,0.0,2.0,0.0,2,16
3164,Organic Video,2024-04-18 19:00:00,0,1,0,0.0,0.0,2.0,0.0,2,19
3165,Organic Video,2024-04-19 08:00:00,0,1,0,0.0,0.0,2.0,0.0,2,8
3166,Organic Video,2024-04-20 00:00:00,0,1,0,0.0,0.0,2.0,0.0,2,0
3167,Organic Video,2024-04-20 01:00:00,0,1,0,0.0,0.0,2.0,0.0,2,1
3168,Organic Video,2024-04-20 03:00:00,0,1,0,0.0,0.0,2.0,0.0,2,3
3169,Organic Video,2024-04-20 10:00:00,0,1,0,0.0,0.0,2.0,0.0,2,10
3170,Organic Video,2024-05-01 21:00:00,0,1,0,0.0,0.0,2.0,0.0,2,21
3171,Unassigned,2024-04-11 09:00:00,0,1,0,0.0,0.0,2.0,0.0,2,9
3172,Unassigned,2024-04-12 03:00:00,0,1,0,0.0,0.0,2.0,0.0,2,3
3173,Unassigned,2024-04-15 05:00:00,0,1,0,0.0,0.0,2.0,0.0,2,5
3174,Unassigned,2024-04-16 05:00:00,0,1,0,0.0,0.0,2.0,0.0,2,5
3175,Unassigned,2024-04-18 05:00:00,0,1,0,0.0,0.0,2.0,0.0,2,5
3176,Unassigned,2024-04-23 05:00:00,0,1,0,0.0,0.0,2.0,0.0,2,5
3177,Unassigned,2024-04-28 06:00:00,0,1,0,0.0,0.0,2.0,0.0,2,6
3178,Unassigned,2024-04-30 05:00:00,0,1,0,0.0,0.0,2.0,0.0,2,5
3179,Unassigned,2024-04-30 06:00:00,0,1,0,0.0,0.0,2.0,0.0,2,6
3180,Unassigned,2024-05-01 05:00:00,0,1,0,0.0,0.0,2.0,0.0,2,5
3181,Unassigned,2024-05-03 07:00:00,0,1,0,0.0,0.0,2.0,0.0,2,7
